observed_at,team,function_id,metric,observed_value,threshold_op,threshold_value,sla_outcome,method,note
2026-07-15,ankr,chain-sync-rpc-calibnet-head-lag,rpc_calibnet_head_lag_epochs,0.0,<=,5.0,pass,live-review,scheduled review reading
2026-08-14,ankr,chain-sync-rpc-calibnet-head-lag,rpc_calibnet_head_lag_epochs,0.0,<=,5.0,pass,nightly,
2026-07-15,ankr,chain-sync-rpc-mainnet-head-lag,rpc_head_lag_epochs,0.0,<=,5.0,pass,live-review,scheduled review reading
2026-08-14,ankr,chain-sync-rpc-mainnet-head-lag,rpc_head_lag_epochs,0.0,<=,5.0,pass,nightly,
2026-07-15,blockscout,calibnet-explorer-blockscout,blockscout_calibnet_head_age_seconds,2293.76634,<=,3600.0,pass,live-review,scheduled review reading
2026-08-14,blockscout,calibnet-explorer-blockscout,blockscout_calibnet_head_age_seconds,39.753705978393555,<=,3600.0,pass,nightly,
2025-07-16,blockscout,calibnet-explorer-blockscout,daily_indexed_transactions,12505.0,>,0,pass,backfill:filecoin-testnet.blockscout.com,reconstructed operational history (explorer indexed the day); live SLA metric is head-block age
2025-07-17,blockscout,calibnet-explorer-blockscout,daily_indexed_transactions,12977.0,>,0,pass,backfill:filecoin-testnet.blockscout.com,reconstructed operational history (explorer indexed the day); live SLA metric is head-block age
2025-07-18,blockscout,calibnet-explorer-blockscout,daily_indexed_transactions,14718.0,>,0,pass,backfill:filecoin-testnet.blockscout.com,reconstructed operational history (explorer indexed the day); live SLA metric is head-block age
2025-07-19,blockscout,calibnet-explorer-blockscout,daily_indexed_transactions,13697.0,>,0,pass,backfill:filecoin-testnet.blockscout.com,reconstructed operational history (explorer indexed the day); live SLA metric is head-block age
2025-07-20,blockscout,calibnet-explorer-blockscout,daily_indexed_transactions,12694.0,>,0,pass,backfill:filecoin-testnet.blockscout.com,reconstructed operational history (explorer indexed the day); live SLA metric is head-block age
2025-07-21,blockscout,calibnet-explorer-blockscout,daily_indexed_transactions,18511.0,>,0,pass,backfill:filecoin-testnet.blockscout.com,reconstructed operational history (explorer indexed the day); live SLA metric is head-block age
2025-07-22,blockscout,calibnet-explorer-blockscout,daily_indexed_transactions,13823.0,>,0,pass,backfill:filecoin-testnet.blockscout.com,reconstructed operational history (explorer indexed the day); live SLA metric is head-block age
2025-07-23,blockscout,calibnet-explorer-blockscout,daily_indexed_transactions,6368.0,>,0,pass,backfill:filecoin-testnet.blockscout.com,reconstructed operational history (explorer indexed the day); live SLA metric is head-block age
2025-07-24,blockscout,calibnet-explorer-blockscout,daily_indexed_transactions,18262.0,>,0,pass,backfill:filecoin-testnet.blockscout.com,reconstructed operational history (explorer indexed the day); live SLA metric is head-block age
2025-07-25,blockscout,calibnet-explorer-blockscout,daily_indexed_transactions,21959.0,>,0,pass,backfill:filecoin-testnet.blockscout.com,reconstructed operational history (explorer indexed the day); live SLA metric is head-block age
2025-07-26,blockscout,calibnet-explorer-blockscout,daily_indexed_transactions,21896.0,>,0,pass,backfill:filecoin-testnet.blockscout.com,reconstructed operational history (explorer indexed the day); live SLA metric is head-block age
2025-07-27,blockscout,calibnet-explorer-blockscout,daily_indexed_transactions,21783.0,>,0,pass,backfill:filecoin-testnet.blockscout.com,reconstructed operational history (explorer indexed the day); live SLA metric is head-block age
2025-07-28,blockscout,calibnet-explorer-blockscout,daily_indexed_transactions,22084.0,>,0,pass,backfill:filecoin-testnet.blockscout.com,reconstructed operational history (explorer indexed the day); live SLA metric is head-block age
2025-07-29,blockscout,calibnet-explorer-blockscout,daily_indexed_transactions,21929.0,>,0,pass,backfill:filecoin-testnet.blockscout.com,reconstructed operational history (explorer indexed the day); live SLA metric is head-block age
2025-07-30,blockscout,calibnet-explorer-blockscout,daily_indexed_transactions,21260.0,>,0,pass,backfill:filecoin-testnet.blockscout.com,reconstructed operational history (explorer indexed the day); live SLA metric is head-block age
2025-07-31,blockscout,calibnet-explorer-blockscout,daily_indexed_transactions,21541.0,>,0,pass,backfill:filecoin-testnet.blockscout.com,reconstructed operational history (explorer indexed the day); live SLA metric is head-block age
2025-08-01,blockscout,calibnet-explorer-blockscout,daily_indexed_transactions,22217.0,>,0,pass,backfill:filecoin-testnet.blockscout.com,reconstructed operational history (explorer indexed the day); live SLA metric is head-block age
2025-08-02,blockscout,calibnet-explorer-blockscout,daily_indexed_transactions,21892.0,>,0,pass,backfill:filecoin-testnet.blockscout.com,reconstructed operational history (explorer indexed the day); live SLA metric is head-block age
2025-08-03,blockscout,calibnet-explorer-blockscout,daily_indexed_transactions,21924.0,>,0,pass,backfill:filecoin-testnet.blockscout.com,reconstructed operational history (explorer indexed the day); live SLA metric is head-block age
2025-08-04,blockscout,calibnet-explorer-blockscout,daily_indexed_transactions,22351.0,>,0,pass,backfill:filecoin-testnet.blockscout.com,reconstructed operational history (explorer indexed the day); live SLA metric is head-block age
2025-08-05,blockscout,calibnet-explorer-blockscout,daily_indexed_transactions,22763.0,>,0,pass,backfill:filecoin-testnet.blockscout.com,reconstructed operational history (explorer indexed the day); live SLA metric is head-block age
2025-08-06,blockscout,calibnet-explorer-blockscout,daily_indexed_transactions,22714.0,>,0,pass,backfill:filecoin-testnet.blockscout.com,reconstructed operational history (explorer indexed the day); live SLA metric is head-block age
2025-08-07,blockscout,calibnet-explorer-blockscout,daily_indexed_transactions,22715.0,>,0,pass,backfill:filecoin-testnet.blockscout.com,reconstructed operational history (explorer indexed the day); live SLA metric is head-block age
2025-08-08,blockscout,calibnet-explorer-blockscout,daily_indexed_transactions,16652.0,>,0,pass,backfill:filecoin-testnet.blockscout.com,reconstructed operational history (explorer indexed the day); live SLA metric is head-block age
2025-08-09,blockscout,calibnet-explorer-blockscout,daily_indexed_transactions,13807.0,>,0,pass,backfill:filecoin-testnet.blockscout.com,reconstructed operational history (explorer indexed the day); live SLA metric is head-block age
2025-08-10,blockscout,calibnet-explorer-blockscout,daily_indexed_transactions,13795.0,>,0,pass,backfill:filecoin-testnet.blockscout.com,reconstructed operational history (explorer indexed the day); live SLA metric is head-block age
2025-08-11,blockscout,calibnet-explorer-blockscout,daily_indexed_transactions,21184.0,>,0,pass,backfill:filecoin-testnet.blockscout.com,reconstructed operational history (explorer indexed the day); live SLA metric is head-block age
2025-08-12,blockscout,calibnet-explorer-blockscout,daily_indexed_transactions,22714.0,>,0,pass,backfill:filecoin-testnet.blockscout.com,reconstructed operational history (explorer indexed the day); live SLA metric is head-block age
2025-08-13,blockscout,calibnet-explorer-blockscout,daily_indexed_transactions,22859.0,>,0,pass,backfill:filecoin-testnet.blockscout.com,reconstructed operational history (explorer indexed the day); live SLA metric is head-block age
2025-08-14,blockscout,calibnet-explorer-blockscout,daily_indexed_transactions,22782.0,>,0,pass,backfill:filecoin-testnet.blockscout.com,reconstructed operational history (explorer indexed the day); live SLA metric is head-block age
2025-08-15,blockscout,calibnet-explorer-blockscout,daily_indexed_transactions,22375.0,>,0,pass,backfill:filecoin-testnet.blockscout.com,reconstructed operational history (explorer indexed the day); live SLA metric is head-block age
2025-08-16,blockscout,calibnet-explorer-blockscout,daily_indexed_transactions,22236.0,>,0,pass,backfill:filecoin-testnet.blockscout.com,reconstructed operational history (explorer indexed the day); live SLA metric is head-block age
2025-08-17,blockscout,calibnet-explorer-blockscout,daily_indexed_transactions,22228.0,>,0,pass,backfill:filecoin-testnet.blockscout.com,reconstructed operational history (explorer indexed the day); live SLA metric is head-block age
2025-08-18,blockscout,calibnet-explorer-blockscout,daily_indexed_transactions,22641.0,>,0,pass,backfill:filecoin-testnet.blockscout.com,reconstructed operational history (explorer indexed the day); live SLA metric is head-block age
2025-08-19,blockscout,calibnet-explorer-blockscout,daily_indexed_transactions,22533.0,>,0,pass,backfill:filecoin-testnet.blockscout.com,reconstructed operational history (explorer indexed the day); live SLA metric is head-block age
2025-08-20,blockscout,calibnet-explorer-blockscout,daily_indexed_transactions,23051.0,>,0,pass,backfill:filecoin-testnet.blockscout.com,reconstructed operational history (explorer indexed the day); live SLA metric is head-block age
2025-08-21,blockscout,calibnet-explorer-blockscout,daily_indexed_transactions,24019.0,>,0,pass,backfill:filecoin-testnet.blockscout.com,reconstructed operational history (explorer indexed the day); live SLA metric is head-block age
2025-08-22,blockscout,calibnet-explorer-blockscout,daily_indexed_transactions,25672.0,>,0,pass,backfill:filecoin-testnet.blockscout.com,reconstructed operational history (explorer indexed the day); live SLA metric is head-block age
2025-08-23,blockscout,calibnet-explorer-blockscout,daily_indexed_transactions,25206.0,>,0,pass,backfill:filecoin-testnet.blockscout.com,reconstructed operational history (explorer indexed the day); live SLA metric is head-block age
2025-08-24,blockscout,calibnet-explorer-blockscout,daily_indexed_transactions,23561.0,>,0,pass,backfill:filecoin-testnet.blockscout.com,reconstructed operational history (explorer indexed the day); live SLA metric is head-block age
2025-08-25,blockscout,calibnet-explorer-blockscout,daily_indexed_transactions,24403.0,>,0,pass,backfill:filecoin-testnet.blockscout.com,reconstructed operational history (explorer indexed the day); live SLA metric is head-block age
2025-08-26,blockscout,calibnet-explorer-blockscout,daily_indexed_transactions,24547.0,>,0,pass,backfill:filecoin-testnet.blockscout.com,reconstructed operational history (explorer indexed the day); live SLA metric is head-block age
2025-08-27,blockscout,calibnet-explorer-blockscout,daily_indexed_transactions,24615.0,>,0,pass,backfill:filecoin-testnet.blockscout.com,reconstructed operational history (explorer indexed the day); live SLA metric is head-block age
2025-08-28,blockscout,calibnet-explorer-blockscout,daily_indexed_transactions,25019.0,>,0,pass,backfill:filecoin-testnet.blockscout.com,reconstructed operational history (explorer indexed the day); live SLA metric is head-block age
2025-08-29,blockscout,calibnet-explorer-blockscout,daily_indexed_transactions,25613.0,>,0,pass,backfill:filecoin-testnet.blockscout.com,reconstructed operational history (explorer indexed the day); live SLA metric is head-block age
2025-08-30,blockscout,calibnet-explorer-blockscout,daily_indexed_transactions,26166.0,>,0,pass,backfill:filecoin-testnet.blockscout.com,reconstructed operational history (explorer indexed the day); live SLA metric is head-block age
2025-08-31,blockscout,calibnet-explorer-blockscout,daily_indexed_transactions,26928.0,>,0,pass,backfill:filecoin-testnet.blockscout.com,reconstructed operational history (explorer indexed the day); live SLA metric is head-block age
2025-09-01,blockscout,calibnet-explorer-blockscout,daily_indexed_transactions,26549.0,>,0,pass,backfill:filecoin-testnet.blockscout.com,reconstructed operational history (explorer indexed the day); live SLA metric is head-block age
2025-09-02,blockscout,calibnet-explorer-blockscout,daily_indexed_transactions,26703.0,>,0,pass,backfill:filecoin-testnet.blockscout.com,reconstructed operational history (explorer indexed the day); live SLA metric is head-block age
2025-09-03,blockscout,calibnet-explorer-blockscout,daily_indexed_transactions,26498.0,>,0,pass,backfill:filecoin-testnet.blockscout.com,reconstructed operational history (explorer indexed the day); live SLA metric is head-block age
2025-09-04,blockscout,calibnet-explorer-blockscout,daily_indexed_transactions,27428.0,>,0,pass,backfill:filecoin-testnet.blockscout.com,reconstructed operational history (explorer indexed the day); live SLA metric is head-block age
2025-09-05,blockscout,calibnet-explorer-blockscout,daily_indexed_transactions,27488.0,>,0,pass,backfill:filecoin-testnet.blockscout.com,reconstructed operational history (explorer indexed the day); live SLA metric is head-block age
2025-09-06,blockscout,calibnet-explorer-blockscout,daily_indexed_transactions,30875.0,>,0,pass,backfill:filecoin-testnet.blockscout.com,reconstructed operational history (explorer indexed the day); live SLA metric is head-block age
2025-09-07,blockscout,calibnet-explorer-blockscout,daily_indexed_transactions,20509.0,>,0,pass,backfill:filecoin-testnet.blockscout.com,reconstructed operational history (explorer indexed the day); live SLA metric is head-block age
2025-09-08,blockscout,calibnet-explorer-blockscout,daily_indexed_transactions,18082.0,>,0,pass,backfill:filecoin-testnet.blockscout.com,reconstructed operational history (explorer indexed the day); live SLA metric is head-block age
2025-09-09,blockscout,calibnet-explorer-blockscout,daily_indexed_transactions,19826.0,>,0,pass,backfill:filecoin-testnet.blockscout.com,reconstructed operational history (explorer indexed the day); live SLA metric is head-block age
2025-09-10,blockscout,calibnet-explorer-blockscout,daily_indexed_transactions,17307.0,>,0,pass,backfill:filecoin-testnet.blockscout.com,reconstructed operational history (explorer indexed the day); live SLA metric is head-block age
2025-09-11,blockscout,calibnet-explorer-blockscout,daily_indexed_transactions,2503.0,>,0,pass,backfill:filecoin-testnet.blockscout.com,reconstructed operational history (explorer indexed the day); live SLA metric is head-block age
2025-09-12,blockscout,calibnet-explorer-blockscout,daily_indexed_transactions,5012.0,>,0,pass,backfill:filecoin-testnet.blockscout.com,reconstructed operational history (explorer indexed the day); live SLA metric is head-block age
2025-09-13,blockscout,calibnet-explorer-blockscout,daily_indexed_transactions,5499.0,>,0,pass,backfill:filecoin-testnet.blockscout.com,reconstructed operational history (explorer indexed the day); live SLA metric is head-block age
2025-09-14,blockscout,calibnet-explorer-blockscout,daily_indexed_transactions,5641.0,>,0,pass,backfill:filecoin-testnet.blockscout.com,reconstructed operational history (explorer indexed the day); live SLA metric is head-block age
2025-09-15,blockscout,calibnet-explorer-blockscout,daily_indexed_transactions,6384.0,>,0,pass,backfill:filecoin-testnet.blockscout.com,reconstructed operational history (explorer indexed the day); live SLA metric is head-block age
2025-09-16,blockscout,calibnet-explorer-blockscout,daily_indexed_transactions,7628.0,>,0,pass,backfill:filecoin-testnet.blockscout.com,reconstructed operational history (explorer indexed the day); live SLA metric is head-block age
2025-09-17,blockscout,calibnet-explorer-blockscout,daily_indexed_transactions,8782.0,>,0,pass,backfill:filecoin-testnet.blockscout.com,reconstructed operational history (explorer indexed the day); live SLA metric is head-block age
2025-09-18,blockscout,calibnet-explorer-blockscout,daily_indexed_transactions,10466.0,>,0,pass,backfill:filecoin-testnet.blockscout.com,reconstructed operational history (explorer indexed the day); live SLA metric is head-block age
2025-09-19,blockscout,calibnet-explorer-blockscout,daily_indexed_transactions,12758.0,>,0,pass,backfill:filecoin-testnet.blockscout.com,reconstructed operational history (explorer indexed the day); live SLA metric is head-block age
2025-09-20,blockscout,calibnet-explorer-blockscout,daily_indexed_transactions,13752.0,>,0,pass,backfill:filecoin-testnet.blockscout.com,reconstructed operational history (explorer indexed the day); live SLA metric is head-block age
2025-09-21,blockscout,calibnet-explorer-blockscout,daily_indexed_transactions,15402.0,>,0,pass,backfill:filecoin-testnet.blockscout.com,reconstructed operational history (explorer indexed the day); live SLA metric is head-block age
2025-09-22,blockscout,calibnet-explorer-blockscout,daily_indexed_transactions,16023.0,>,0,pass,backfill:filecoin-testnet.blockscout.com,reconstructed operational history (explorer indexed the day); live SLA metric is head-block age
2025-09-23,blockscout,calibnet-explorer-blockscout,daily_indexed_transactions,16906.0,>,0,pass,backfill:filecoin-testnet.blockscout.com,reconstructed operational history (explorer indexed the day); live SLA metric is head-block age
2025-09-24,blockscout,calibnet-explorer-blockscout,daily_indexed_transactions,19399.0,>,0,pass,backfill:filecoin-testnet.blockscout.com,reconstructed operational history (explorer indexed the day); live SLA metric is head-block age
2025-09-25,blockscout,calibnet-explorer-blockscout,daily_indexed_transactions,21666.0,>,0,pass,backfill:filecoin-testnet.blockscout.com,reconstructed operational history (explorer indexed the day); live SLA metric is head-block age
2025-09-26,blockscout,calibnet-explorer-blockscout,daily_indexed_transactions,23788.0,>,0,pass,backfill:filecoin-testnet.blockscout.com,reconstructed operational history (explorer indexed the day); live SLA metric is head-block age
2025-09-27,blockscout,calibnet-explorer-blockscout,daily_indexed_transactions,24830.0,>,0,pass,backfill:filecoin-testnet.blockscout.com,reconstructed operational history (explorer indexed the day); live SLA metric is head-block age
2025-09-28,blockscout,calibnet-explorer-blockscout,daily_indexed_transactions,25487.0,>,0,pass,backfill:filecoin-testnet.blockscout.com,reconstructed operational history (explorer indexed the day); live SLA metric is head-block age
2025-09-29,blockscout,calibnet-explorer-blockscout,daily_indexed_transactions,26050.0,>,0,pass,backfill:filecoin-testnet.blockscout.com,reconstructed operational history (explorer indexed the day); live SLA metric is head-block age
2025-09-30,blockscout,calibnet-explorer-blockscout,daily_indexed_transactions,26565.0,>,0,pass,backfill:filecoin-testnet.blockscout.com,reconstructed operational history (explorer indexed the day); live SLA metric is head-block age
2025-10-01,blockscout,calibnet-explorer-blockscout,daily_indexed_transactions,26205.0,>,0,pass,backfill:filecoin-testnet.blockscout.com,reconstructed operational history (explorer indexed the day); live SLA metric is head-block age
2025-10-02,blockscout,calibnet-explorer-blockscout,daily_indexed_transactions,27208.0,>,0,pass,backfill:filecoin-testnet.blockscout.com,reconstructed operational history (explorer indexed the day); live SLA metric is head-block age
2025-10-03,blockscout,calibnet-explorer-blockscout,daily_indexed_transactions,28333.0,>,0,pass,backfill:filecoin-testnet.blockscout.com,reconstructed operational history (explorer indexed the day); live SLA metric is head-block age
2025-10-04,blockscout,calibnet-explorer-blockscout,daily_indexed_transactions,29598.0,>,0,pass,backfill:filecoin-testnet.blockscout.com,reconstructed operational history (explorer indexed the day); live SLA metric is head-block age
2025-10-05,blockscout,calibnet-explorer-blockscout,daily_indexed_transactions,30445.0,>,0,pass,backfill:filecoin-testnet.blockscout.com,reconstructed operational history (explorer indexed the day); live SLA metric is head-block age
2025-10-06,blockscout,calibnet-explorer-blockscout,daily_indexed_transactions,31869.0,>,0,pass,backfill:filecoin-testnet.blockscout.com,reconstructed operational history (explorer indexed the day); live SLA metric is head-block age
2025-10-07,blockscout,calibnet-explorer-blockscout,daily_indexed_transactions,32645.0,>,0,pass,backfill:filecoin-testnet.blockscout.com,reconstructed operational history (explorer indexed the day); live SLA metric is head-block age
2025-10-08,blockscout,calibnet-explorer-blockscout,daily_indexed_transactions,33653.0,>,0,pass,backfill:filecoin-testnet.blockscout.com,reconstructed operational history (explorer indexed the day); live SLA metric is head-block age
2025-10-09,blockscout,calibnet-explorer-blockscout,daily_indexed_transactions,34429.0,>,0,pass,backfill:filecoin-testnet.blockscout.com,reconstructed operational history (explorer indexed the day); live SLA metric is head-block age
2025-10-10,blockscout,calibnet-explorer-blockscout,daily_indexed_transactions,37727.0,>,0,pass,backfill:filecoin-testnet.blockscout.com,reconstructed operational history (explorer indexed the day); live SLA metric is head-block age
2025-10-11,blockscout,calibnet-explorer-blockscout,daily_indexed_transactions,39600.0,>,0,pass,backfill:filecoin-testnet.blockscout.com,reconstructed operational history (explorer indexed the day); live SLA metric is head-block age
2025-10-12,blockscout,calibnet-explorer-blockscout,daily_indexed_transactions,41347.0,>,0,pass,backfill:filecoin-testnet.blockscout.com,reconstructed operational history (explorer indexed the day); live SLA metric is head-block age
2025-10-13,blockscout,calibnet-explorer-blockscout,daily_indexed_transactions,41751.0,>,0,pass,backfill:filecoin-testnet.blockscout.com,reconstructed operational history (explorer indexed the day); live SLA metric is head-block age
2025-10-14,blockscout,calibnet-explorer-blockscout,daily_indexed_transactions,44471.0,>,0,pass,backfill:filecoin-testnet.blockscout.com,reconstructed operational history (explorer indexed the day); live SLA metric is head-block age
2025-10-15,blockscout,calibnet-explorer-blockscout,daily_indexed_transactions,51466.0,>,0,pass,backfill:filecoin-testnet.blockscout.com,reconstructed operational history (explorer indexed the day); live SLA metric is head-block age
2025-10-16,blockscout,calibnet-explorer-blockscout,daily_indexed_transactions,52025.0,>,0,pass,backfill:filecoin-testnet.blockscout.com,reconstructed operational history (explorer indexed the day); live SLA metric is head-block age
2025-10-17,blockscout,calibnet-explorer-blockscout,daily_indexed_transactions,51103.0,>,0,pass,backfill:filecoin-testnet.blockscout.com,reconstructed operational history (explorer indexed the day); live SLA metric is head-block age
2025-10-18,blockscout,calibnet-explorer-blockscout,daily_indexed_transactions,44495.0,>,0,pass,backfill:filecoin-testnet.blockscout.com,reconstructed operational history (explorer indexed the day); live SLA metric is head-block age
2025-10-19,blockscout,calibnet-explorer-blockscout,daily_indexed_transactions,29507.0,>,0,pass,backfill:filecoin-testnet.blockscout.com,reconstructed operational history (explorer indexed the day); live SLA metric is head-block age
2025-10-20,blockscout,calibnet-explorer-blockscout,daily_indexed_transactions,43237.0,>,0,pass,backfill:filecoin-testnet.blockscout.com,reconstructed operational history (explorer indexed the day); live SLA metric is head-block age
2025-10-21,blockscout,calibnet-explorer-blockscout,daily_indexed_transactions,54116.0,>,0,pass,backfill:filecoin-testnet.blockscout.com,reconstructed operational history (explorer indexed the day); live SLA metric is head-block age
2025-10-22,blockscout,calibnet-explorer-blockscout,daily_indexed_transactions,56266.0,>,0,pass,backfill:filecoin-testnet.blockscout.com,reconstructed operational history (explorer indexed the day); live SLA metric is head-block age
2025-10-23,blockscout,calibnet-explorer-blockscout,daily_indexed_transactions,60110.0,>,0,pass,backfill:filecoin-testnet.blockscout.com,reconstructed operational history (explorer indexed the day); live SLA metric is head-block age
2025-10-24,blockscout,calibnet-explorer-blockscout,daily_indexed_transactions,65720.0,>,0,pass,backfill:filecoin-testnet.blockscout.com,reconstructed operational history (explorer indexed the day); live SLA metric is head-block age
2025-10-25,blockscout,calibnet-explorer-blockscout,daily_indexed_transactions,68989.0,>,0,pass,backfill:filecoin-testnet.blockscout.com,reconstructed operational history (explorer indexed the day); live SLA metric is head-block age
2025-10-26,blockscout,calibnet-explorer-blockscout,daily_indexed_transactions,69919.0,>,0,pass,backfill:filecoin-testnet.blockscout.com,reconstructed operational history (explorer indexed the day); live SLA metric is head-block age
2025-10-27,blockscout,calibnet-explorer-blockscout,daily_indexed_transactions,72944.0,>,0,pass,backfill:filecoin-testnet.blockscout.com,reconstructed operational history (explorer indexed the day); live SLA metric is head-block age
2025-10-28,blockscout,calibnet-explorer-blockscout,daily_indexed_transactions,73304.0,>,0,pass,backfill:filecoin-testnet.blockscout.com,reconstructed operational history (explorer indexed the day); live SLA metric is head-block age
2025-10-29,blockscout,calibnet-explorer-blockscout,daily_indexed_transactions,69945.0,>,0,pass,backfill:filecoin-testnet.blockscout.com,reconstructed operational history (explorer indexed the day); live SLA metric is head-block age
2025-10-30,blockscout,calibnet-explorer-blockscout,daily_indexed_transactions,74851.0,>,0,pass,backfill:filecoin-testnet.blockscout.com,reconstructed operational history (explorer indexed the day); live SLA metric is head-block age
2025-10-31,blockscout,calibnet-explorer-blockscout,daily_indexed_transactions,39102.0,>,0,pass,backfill:filecoin-testnet.blockscout.com,reconstructed operational history (explorer indexed the day); live SLA metric is head-block age
2025-11-01,blockscout,calibnet-explorer-blockscout,daily_indexed_transactions,27603.0,>,0,pass,backfill:filecoin-testnet.blockscout.com,reconstructed operational history (explorer indexed the day); live SLA metric is head-block age
2025-11-02,blockscout,calibnet-explorer-blockscout,daily_indexed_transactions,27082.0,>,0,pass,backfill:filecoin-testnet.blockscout.com,reconstructed operational history (explorer indexed the day); live SLA metric is head-block age
2025-11-03,blockscout,calibnet-explorer-blockscout,daily_indexed_transactions,30296.0,>,0,pass,backfill:filecoin-testnet.blockscout.com,reconstructed operational history (explorer indexed the day); live SLA metric is head-block age
2025-11-04,blockscout,calibnet-explorer-blockscout,daily_indexed_transactions,41993.0,>,0,pass,backfill:filecoin-testnet.blockscout.com,reconstructed operational history (explorer indexed the day); live SLA metric is head-block age
2025-11-05,blockscout,calibnet-explorer-blockscout,daily_indexed_transactions,37508.0,>,0,pass,backfill:filecoin-testnet.blockscout.com,reconstructed operational history (explorer indexed the day); live SLA metric is head-block age
2025-11-06,blockscout,calibnet-explorer-blockscout,daily_indexed_transactions,24402.0,>,0,pass,backfill:filecoin-testnet.blockscout.com,reconstructed operational history (explorer indexed the day); live SLA metric is head-block age
2025-11-07,blockscout,calibnet-explorer-blockscout,daily_indexed_transactions,24704.0,>,0,pass,backfill:filecoin-testnet.blockscout.com,reconstructed operational history (explorer indexed the day); live SLA metric is head-block age
2025-11-08,blockscout,calibnet-explorer-blockscout,daily_indexed_transactions,25141.0,>,0,pass,backfill:filecoin-testnet.blockscout.com,reconstructed operational history (explorer indexed the day); live SLA metric is head-block age
2025-11-09,blockscout,calibnet-explorer-blockscout,daily_indexed_transactions,26009.0,>,0,pass,backfill:filecoin-testnet.blockscout.com,reconstructed operational history (explorer indexed the day); live SLA metric is head-block age
2025-11-10,blockscout,calibnet-explorer-blockscout,daily_indexed_transactions,25547.0,>,0,pass,backfill:filecoin-testnet.blockscout.com,reconstructed operational history (explorer indexed the day); live SLA metric is head-block age
2025-11-11,blockscout,calibnet-explorer-blockscout,daily_indexed_transactions,30087.0,>,0,pass,backfill:filecoin-testnet.blockscout.com,reconstructed operational history (explorer indexed the day); live SLA metric is head-block age
2025-11-12,blockscout,calibnet-explorer-blockscout,daily_indexed_transactions,33874.0,>,0,pass,backfill:filecoin-testnet.blockscout.com,reconstructed operational history (explorer indexed the day); live SLA metric is head-block age
2025-11-13,blockscout,calibnet-explorer-blockscout,daily_indexed_transactions,39380.0,>,0,pass,backfill:filecoin-testnet.blockscout.com,reconstructed operational history (explorer indexed the day); live SLA metric is head-block age
2025-11-14,blockscout,calibnet-explorer-blockscout,daily_indexed_transactions,38568.0,>,0,pass,backfill:filecoin-testnet.blockscout.com,reconstructed operational history (explorer indexed the day); live SLA metric is head-block age
2025-11-15,blockscout,calibnet-explorer-blockscout,daily_indexed_transactions,40329.0,>,0,pass,backfill:filecoin-testnet.blockscout.com,reconstructed operational history (explorer indexed the day); live SLA metric is head-block age
2025-11-16,blockscout,calibnet-explorer-blockscout,daily_indexed_transactions,42446.0,>,0,pass,backfill:filecoin-testnet.blockscout.com,reconstructed operational history (explorer indexed the day); live SLA metric is head-block age
2025-11-17,blockscout,calibnet-explorer-blockscout,daily_indexed_transactions,41168.0,>,0,pass,backfill:filecoin-testnet.blockscout.com,reconstructed operational history (explorer indexed the day); live SLA metric is head-block age
2025-11-18,blockscout,calibnet-explorer-blockscout,daily_indexed_transactions,49267.0,>,0,pass,backfill:filecoin-testnet.blockscout.com,reconstructed operational history (explorer indexed the day); live SLA metric is head-block age
2025-11-19,blockscout,calibnet-explorer-blockscout,daily_indexed_transactions,53208.0,>,0,pass,backfill:filecoin-testnet.blockscout.com,reconstructed operational history (explorer indexed the day); live SLA metric is head-block age
2025-11-20,blockscout,calibnet-explorer-blockscout,daily_indexed_transactions,53430.0,>,0,pass,backfill:filecoin-testnet.blockscout.com,reconstructed operational history (explorer indexed the day); live SLA metric is head-block age
2025-11-21,blockscout,calibnet-explorer-blockscout,daily_indexed_transactions,55087.0,>,0,pass,backfill:filecoin-testnet.blockscout.com,reconstructed operational history (explorer indexed the day); live SLA metric is head-block age
2025-11-22,blockscout,calibnet-explorer-blockscout,daily_indexed_transactions,59895.0,>,0,pass,backfill:filecoin-testnet.blockscout.com,reconstructed operational history (explorer indexed the day); live SLA metric is head-block age
2025-11-23,blockscout,calibnet-explorer-blockscout,daily_indexed_transactions,65842.0,>,0,pass,backfill:filecoin-testnet.blockscout.com,reconstructed operational history (explorer indexed the day); live SLA metric is head-block age
2025-11-24,blockscout,calibnet-explorer-blockscout,daily_indexed_transactions,63201.0,>,0,pass,backfill:filecoin-testnet.blockscout.com,reconstructed operational history (explorer indexed the day); live SLA metric is head-block age
2025-11-25,blockscout,calibnet-explorer-blockscout,daily_indexed_transactions,64753.0,>,0,pass,backfill:filecoin-testnet.blockscout.com,reconstructed operational history (explorer indexed the day); live SLA metric is head-block age
2025-11-26,blockscout,calibnet-explorer-blockscout,daily_indexed_transactions,64607.0,>,0,pass,backfill:filecoin-testnet.blockscout.com,reconstructed operational history (explorer indexed the day); live SLA metric is head-block age
2025-11-27,blockscout,calibnet-explorer-blockscout,daily_indexed_transactions,65518.0,>,0,pass,backfill:filecoin-testnet.blockscout.com,reconstructed operational history (explorer indexed the day); live SLA metric is head-block age
2025-11-28,blockscout,calibnet-explorer-blockscout,daily_indexed_transactions,66414.0,>,0,pass,backfill:filecoin-testnet.blockscout.com,reconstructed operational history (explorer indexed the day); live SLA metric is head-block age
2025-11-29,blockscout,calibnet-explorer-blockscout,daily_indexed_transactions,67213.0,>,0,pass,backfill:filecoin-testnet.blockscout.com,reconstructed operational history (explorer indexed the day); live SLA metric is head-block age
2025-11-30,blockscout,calibnet-explorer-blockscout,daily_indexed_transactions,68122.0,>,0,pass,backfill:filecoin-testnet.blockscout.com,reconstructed operational history (explorer indexed the day); live SLA metric is head-block age
2025-12-01,blockscout,calibnet-explorer-blockscout,daily_indexed_transactions,68520.0,>,0,pass,backfill:filecoin-testnet.blockscout.com,reconstructed operational history (explorer indexed the day); live SLA metric is head-block age
2025-12-02,blockscout,calibnet-explorer-blockscout,daily_indexed_transactions,71150.0,>,0,pass,backfill:filecoin-testnet.blockscout.com,reconstructed operational history (explorer indexed the day); live SLA metric is head-block age
2025-12-03,blockscout,calibnet-explorer-blockscout,daily_indexed_transactions,77867.0,>,0,pass,backfill:filecoin-testnet.blockscout.com,reconstructed operational history (explorer indexed the day); live SLA metric is head-block age
2025-12-04,blockscout,calibnet-explorer-blockscout,daily_indexed_transactions,89519.0,>,0,pass,backfill:filecoin-testnet.blockscout.com,reconstructed operational history (explorer indexed the day); live SLA metric is head-block age
2025-12-05,blockscout,calibnet-explorer-blockscout,daily_indexed_transactions,94709.0,>,0,pass,backfill:filecoin-testnet.blockscout.com,reconstructed operational history (explorer indexed the day); live SLA metric is head-block age
2025-12-06,blockscout,calibnet-explorer-blockscout,daily_indexed_transactions,108434.0,>,0,pass,backfill:filecoin-testnet.blockscout.com,reconstructed operational history (explorer indexed the day); live SLA metric is head-block age
2025-12-07,blockscout,calibnet-explorer-blockscout,daily_indexed_transactions,123393.0,>,0,pass,backfill:filecoin-testnet.blockscout.com,reconstructed operational history (explorer indexed the day); live SLA metric is head-block age
2025-12-08,blockscout,calibnet-explorer-blockscout,daily_indexed_transactions,133363.0,>,0,pass,backfill:filecoin-testnet.blockscout.com,reconstructed operational history (explorer indexed the day); live SLA metric is head-block age
2025-12-09,blockscout,calibnet-explorer-blockscout,daily_indexed_transactions,135956.0,>,0,pass,backfill:filecoin-testnet.blockscout.com,reconstructed operational history (explorer indexed the day); live SLA metric is head-block age
2025-12-10,blockscout,calibnet-explorer-blockscout,daily_indexed_transactions,125133.0,>,0,pass,backfill:filecoin-testnet.blockscout.com,reconstructed operational history (explorer indexed the day); live SLA metric is head-block age
2025-12-11,blockscout,calibnet-explorer-blockscout,daily_indexed_transactions,122277.0,>,0,pass,backfill:filecoin-testnet.blockscout.com,reconstructed operational history (explorer indexed the day); live SLA metric is head-block age
2025-12-12,blockscout,calibnet-explorer-blockscout,daily_indexed_transactions,121348.0,>,0,pass,backfill:filecoin-testnet.blockscout.com,reconstructed operational history (explorer indexed the day); live SLA metric is head-block age
2025-12-13,blockscout,calibnet-explorer-blockscout,daily_indexed_transactions,123551.0,>,0,pass,backfill:filecoin-testnet.blockscout.com,reconstructed operational history (explorer indexed the day); live SLA metric is head-block age
2025-12-14,blockscout,calibnet-explorer-blockscout,daily_indexed_transactions,127711.0,>,0,pass,backfill:filecoin-testnet.blockscout.com,reconstructed operational history (explorer indexed the day); live SLA metric is head-block age
2025-12-15,blockscout,calibnet-explorer-blockscout,daily_indexed_transactions,123072.0,>,0,pass,backfill:filecoin-testnet.blockscout.com,reconstructed operational history (explorer indexed the day); live SLA metric is head-block age
2025-12-16,blockscout,calibnet-explorer-blockscout,daily_indexed_transactions,135396.0,>,0,pass,backfill:filecoin-testnet.blockscout.com,reconstructed operational history (explorer indexed the day); live SLA metric is head-block age
2025-12-17,blockscout,calibnet-explorer-blockscout,daily_indexed_transactions,110241.0,>,0,pass,backfill:filecoin-testnet.blockscout.com,reconstructed operational history (explorer indexed the day); live SLA metric is head-block age
2025-12-18,blockscout,calibnet-explorer-blockscout,daily_indexed_transactions,131108.0,>,0,pass,backfill:filecoin-testnet.blockscout.com,reconstructed operational history (explorer indexed the day); live SLA metric is head-block age
2025-12-19,blockscout,calibnet-explorer-blockscout,daily_indexed_transactions,111871.0,>,0,pass,backfill:filecoin-testnet.blockscout.com,reconstructed operational history (explorer indexed the day); live SLA metric is head-block age
2025-12-20,blockscout,calibnet-explorer-blockscout,daily_indexed_transactions,98731.0,>,0,pass,backfill:filecoin-testnet.blockscout.com,reconstructed operational history (explorer indexed the day); live SLA metric is head-block age
2025-12-21,blockscout,calibnet-explorer-blockscout,daily_indexed_transactions,101472.0,>,0,pass,backfill:filecoin-testnet.blockscout.com,reconstructed operational history (explorer indexed the day); live SLA metric is head-block age
2025-12-22,blockscout,calibnet-explorer-blockscout,daily_indexed_transactions,116229.0,>,0,pass,backfill:filecoin-testnet.blockscout.com,reconstructed operational history (explorer indexed the day); live SLA metric is head-block age
2025-12-23,blockscout,calibnet-explorer-blockscout,daily_indexed_transactions,114484.0,>,0,pass,backfill:filecoin-testnet.blockscout.com,reconstructed operational history (explorer indexed the day); live SLA metric is head-block age
2025-12-24,blockscout,calibnet-explorer-blockscout,daily_indexed_transactions,102881.0,>,0,pass,backfill:filecoin-testnet.blockscout.com,reconstructed operational history (explorer indexed the day); live SLA metric is head-block age
2025-12-25,blockscout,calibnet-explorer-blockscout,daily_indexed_transactions,103982.0,>,0,pass,backfill:filecoin-testnet.blockscout.com,reconstructed operational history (explorer indexed the day); live SLA metric is head-block age
2025-12-26,blockscout,calibnet-explorer-blockscout,daily_indexed_transactions,113937.0,>,0,pass,backfill:filecoin-testnet.blockscout.com,reconstructed operational history (explorer indexed the day); live SLA metric is head-block age
2025-12-27,blockscout,calibnet-explorer-blockscout,daily_indexed_transactions,119568.0,>,0,pass,backfill:filecoin-testnet.blockscout.com,reconstructed operational history (explorer indexed the day); live SLA metric is head-block age
2025-12-28,blockscout,calibnet-explorer-blockscout,daily_indexed_transactions,125988.0,>,0,pass,backfill:filecoin-testnet.blockscout.com,reconstructed operational history (explorer indexed the day); live SLA metric is head-block age
2025-12-29,blockscout,calibnet-explorer-blockscout,daily_indexed_transactions,127902.0,>,0,pass,backfill:filecoin-testnet.blockscout.com,reconstructed operational history (explorer indexed the day); live SLA metric is head-block age
2025-12-30,blockscout,calibnet-explorer-blockscout,daily_indexed_transactions,127736.0,>,0,pass,backfill:filecoin-testnet.blockscout.com,reconstructed operational history (explorer indexed the day); live SLA metric is head-block age
2025-12-31,blockscout,calibnet-explorer-blockscout,daily_indexed_transactions,128252.0,>,0,pass,backfill:filecoin-testnet.blockscout.com,reconstructed operational history (explorer indexed the day); live SLA metric is head-block age
2026-01-01,blockscout,calibnet-explorer-blockscout,daily_indexed_transactions,128086.0,>,0,pass,backfill:filecoin-testnet.blockscout.com,reconstructed operational history (explorer indexed the day); live SLA metric is head-block age
2026-01-02,blockscout,calibnet-explorer-blockscout,daily_indexed_transactions,127825.0,>,0,pass,backfill:filecoin-testnet.blockscout.com,reconstructed operational history (explorer indexed the day); live SLA metric is head-block age
2026-01-03,blockscout,calibnet-explorer-blockscout,daily_indexed_transactions,122698.0,>,0,pass,backfill:filecoin-testnet.blockscout.com,reconstructed operational history (explorer indexed the day); live SLA metric is head-block age
2026-01-04,blockscout,calibnet-explorer-blockscout,daily_indexed_transactions,120010.0,>,0,pass,backfill:filecoin-testnet.blockscout.com,reconstructed operational history (explorer indexed the day); live SLA metric is head-block age
2026-01-05,blockscout,calibnet-explorer-blockscout,daily_indexed_transactions,120432.0,>,0,pass,backfill:filecoin-testnet.blockscout.com,reconstructed operational history (explorer indexed the day); live SLA metric is head-block age
2026-01-06,blockscout,calibnet-explorer-blockscout,daily_indexed_transactions,119708.0,>,0,pass,backfill:filecoin-testnet.blockscout.com,reconstructed operational history (explorer indexed the day); live SLA metric is head-block age
2026-01-07,blockscout,calibnet-explorer-blockscout,daily_indexed_transactions,119260.0,>,0,pass,backfill:filecoin-testnet.blockscout.com,reconstructed operational history (explorer indexed the day); live SLA metric is head-block age
2026-01-08,blockscout,calibnet-explorer-blockscout,daily_indexed_transactions,124371.0,>,0,pass,backfill:filecoin-testnet.blockscout.com,reconstructed operational history (explorer indexed the day); live SLA metric is head-block age
2026-01-09,blockscout,calibnet-explorer-blockscout,daily_indexed_transactions,99057.0,>,0,pass,backfill:filecoin-testnet.blockscout.com,reconstructed operational history (explorer indexed the day); live SLA metric is head-block age
2026-01-10,blockscout,calibnet-explorer-blockscout,daily_indexed_transactions,94685.0,>,0,pass,backfill:filecoin-testnet.blockscout.com,reconstructed operational history (explorer indexed the day); live SLA metric is head-block age
2026-01-11,blockscout,calibnet-explorer-blockscout,daily_indexed_transactions,118675.0,>,0,pass,backfill:filecoin-testnet.blockscout.com,reconstructed operational history (explorer indexed the day); live SLA metric is head-block age
2026-01-12,blockscout,calibnet-explorer-blockscout,daily_indexed_transactions,96731.0,>,0,pass,backfill:filecoin-testnet.blockscout.com,reconstructed operational history (explorer indexed the day); live SLA metric is head-block age
2026-01-13,blockscout,calibnet-explorer-blockscout,daily_indexed_transactions,107566.0,>,0,pass,backfill:filecoin-testnet.blockscout.com,reconstructed operational history (explorer indexed the day); live SLA metric is head-block age
2026-01-14,blockscout,calibnet-explorer-blockscout,daily_indexed_transactions,117380.0,>,0,pass,backfill:filecoin-testnet.blockscout.com,reconstructed operational history (explorer indexed the day); live SLA metric is head-block age
2026-01-15,blockscout,calibnet-explorer-blockscout,daily_indexed_transactions,122705.0,>,0,pass,backfill:filecoin-testnet.blockscout.com,reconstructed operational history (explorer indexed the day); live SLA metric is head-block age
2026-01-16,blockscout,calibnet-explorer-blockscout,daily_indexed_transactions,121672.0,>,0,pass,backfill:filecoin-testnet.blockscout.com,reconstructed operational history (explorer indexed the day); live SLA metric is head-block age
2026-01-17,blockscout,calibnet-explorer-blockscout,daily_indexed_transactions,119547.0,>,0,pass,backfill:filecoin-testnet.blockscout.com,reconstructed operational history (explorer indexed the day); live SLA metric is head-block age
2026-01-18,blockscout,calibnet-explorer-blockscout,daily_indexed_transactions,120898.0,>,0,pass,backfill:filecoin-testnet.blockscout.com,reconstructed operational history (explorer indexed the day); live SLA metric is head-block age
2026-01-19,blockscout,calibnet-explorer-blockscout,daily_indexed_transactions,127413.0,>,0,pass,backfill:filecoin-testnet.blockscout.com,reconstructed operational history (explorer indexed the day); live SLA metric is head-block age
2026-01-20,blockscout,calibnet-explorer-blockscout,daily_indexed_transactions,100111.0,>,0,pass,backfill:filecoin-testnet.blockscout.com,reconstructed operational history (explorer indexed the day); live SLA metric is head-block age
2026-01-21,blockscout,calibnet-explorer-blockscout,daily_indexed_transactions,98017.0,>,0,pass,backfill:filecoin-testnet.blockscout.com,reconstructed operational history (explorer indexed the day); live SLA metric is head-block age
2026-01-22,blockscout,calibnet-explorer-blockscout,daily_indexed_transactions,124101.0,>,0,pass,backfill:filecoin-testnet.blockscout.com,reconstructed operational history (explorer indexed the day); live SLA metric is head-block age
2026-01-23,blockscout,calibnet-explorer-blockscout,daily_indexed_transactions,107759.0,>,0,pass,backfill:filecoin-testnet.blockscout.com,reconstructed operational history (explorer indexed the day); live SLA metric is head-block age
2026-01-24,blockscout,calibnet-explorer-blockscout,daily_indexed_transactions,118044.0,>,0,pass,backfill:filecoin-testnet.blockscout.com,reconstructed operational history (explorer indexed the day); live SLA metric is head-block age
2026-01-25,blockscout,calibnet-explorer-blockscout,daily_indexed_transactions,111476.0,>,0,pass,backfill:filecoin-testnet.blockscout.com,reconstructed operational history (explorer indexed the day); live SLA metric is head-block age
2026-01-26,blockscout,calibnet-explorer-blockscout,daily_indexed_transactions,122068.0,>,0,pass,backfill:filecoin-testnet.blockscout.com,reconstructed operational history (explorer indexed the day); live SLA metric is head-block age
2026-01-27,blockscout,calibnet-explorer-blockscout,daily_indexed_transactions,94162.0,>,0,pass,backfill:filecoin-testnet.blockscout.com,reconstructed operational history (explorer indexed the day); live SLA metric is head-block age
2026-01-28,blockscout,calibnet-explorer-blockscout,daily_indexed_transactions,85283.0,>,0,pass,backfill:filecoin-testnet.blockscout.com,reconstructed operational history (explorer indexed the day); live SLA metric is head-block age
2026-01-29,blockscout,calibnet-explorer-blockscout,daily_indexed_transactions,90781.0,>,0,pass,backfill:filecoin-testnet.blockscout.com,reconstructed operational history (explorer indexed the day); live SLA metric is head-block age
2026-01-30,blockscout,calibnet-explorer-blockscout,daily_indexed_transactions,89757.0,>,0,pass,backfill:filecoin-testnet.blockscout.com,reconstructed operational history (explorer indexed the day); live SLA metric is head-block age
2026-01-31,blockscout,calibnet-explorer-blockscout,daily_indexed_transactions,83648.0,>,0,pass,backfill:filecoin-testnet.blockscout.com,reconstructed operational history (explorer indexed the day); live SLA metric is head-block age
2026-02-01,blockscout,calibnet-explorer-blockscout,daily_indexed_transactions,85253.0,>,0,pass,backfill:filecoin-testnet.blockscout.com,reconstructed operational history (explorer indexed the day); live SLA metric is head-block age
2026-02-02,blockscout,calibnet-explorer-blockscout,daily_indexed_transactions,79888.0,>,0,pass,backfill:filecoin-testnet.blockscout.com,reconstructed operational history (explorer indexed the day); live SLA metric is head-block age
2026-02-03,blockscout,calibnet-explorer-blockscout,daily_indexed_transactions,74970.0,>,0,pass,backfill:filecoin-testnet.blockscout.com,reconstructed operational history (explorer indexed the day); live SLA metric is head-block age
2026-02-04,blockscout,calibnet-explorer-blockscout,daily_indexed_transactions,101060.0,>,0,pass,backfill:filecoin-testnet.blockscout.com,reconstructed operational history (explorer indexed the day); live SLA metric is head-block age
2026-02-05,blockscout,calibnet-explorer-blockscout,daily_indexed_transactions,100582.0,>,0,pass,backfill:filecoin-testnet.blockscout.com,reconstructed operational history (explorer indexed the day); live SLA metric is head-block age
2026-02-06,blockscout,calibnet-explorer-blockscout,daily_indexed_transactions,80947.0,>,0,pass,backfill:filecoin-testnet.blockscout.com,reconstructed operational history (explorer indexed the day); live SLA metric is head-block age
2026-02-07,blockscout,calibnet-explorer-blockscout,daily_indexed_transactions,81192.0,>,0,pass,backfill:filecoin-testnet.blockscout.com,reconstructed operational history (explorer indexed the day); live SLA metric is head-block age
2026-02-08,blockscout,calibnet-explorer-blockscout,daily_indexed_transactions,80903.0,>,0,pass,backfill:filecoin-testnet.blockscout.com,reconstructed operational history (explorer indexed the day); live SLA metric is head-block age
2026-02-09,blockscout,calibnet-explorer-blockscout,daily_indexed_transactions,86799.0,>,0,pass,backfill:filecoin-testnet.blockscout.com,reconstructed operational history (explorer indexed the day); live SLA metric is head-block age
2026-02-10,blockscout,calibnet-explorer-blockscout,daily_indexed_transactions,84208.0,>,0,pass,backfill:filecoin-testnet.blockscout.com,reconstructed operational history (explorer indexed the day); live SLA metric is head-block age
2026-02-11,blockscout,calibnet-explorer-blockscout,daily_indexed_transactions,89121.0,>,0,pass,backfill:filecoin-testnet.blockscout.com,reconstructed operational history (explorer indexed the day); live SLA metric is head-block age
2026-02-12,blockscout,calibnet-explorer-blockscout,daily_indexed_transactions,80167.0,>,0,pass,backfill:filecoin-testnet.blockscout.com,reconstructed operational history (explorer indexed the day); live SLA metric is head-block age
2026-02-13,blockscout,calibnet-explorer-blockscout,daily_indexed_transactions,57280.0,>,0,pass,backfill:filecoin-testnet.blockscout.com,reconstructed operational history (explorer indexed the day); live SLA metric is head-block age
2026-02-14,blockscout,calibnet-explorer-blockscout,daily_indexed_transactions,87845.0,>,0,pass,backfill:filecoin-testnet.blockscout.com,reconstructed operational history (explorer indexed the day); live SLA metric is head-block age
2026-02-15,blockscout,calibnet-explorer-blockscout,daily_indexed_transactions,87075.0,>,0,pass,backfill:filecoin-testnet.blockscout.com,reconstructed operational history (explorer indexed the day); live SLA metric is head-block age
2026-02-16,blockscout,calibnet-explorer-blockscout,daily_indexed_transactions,86976.0,>,0,pass,backfill:filecoin-testnet.blockscout.com,reconstructed operational history (explorer indexed the day); live SLA metric is head-block age
2026-02-17,blockscout,calibnet-explorer-blockscout,daily_indexed_transactions,86612.0,>,0,pass,backfill:filecoin-testnet.blockscout.com,reconstructed operational history (explorer indexed the day); live SLA metric is head-block age
2026-02-18,blockscout,calibnet-explorer-blockscout,daily_indexed_transactions,71651.0,>,0,pass,backfill:filecoin-testnet.blockscout.com,reconstructed operational history (explorer indexed the day); live SLA metric is head-block age
2026-02-19,blockscout,calibnet-explorer-blockscout,daily_indexed_transactions,41714.0,>,0,pass,backfill:filecoin-testnet.blockscout.com,reconstructed operational history (explorer indexed the day); live SLA metric is head-block age
2026-02-20,blockscout,calibnet-explorer-blockscout,daily_indexed_transactions,56289.0,>,0,pass,backfill:filecoin-testnet.blockscout.com,reconstructed operational history (explorer indexed the day); live SLA metric is head-block age
2026-02-21,blockscout,calibnet-explorer-blockscout,daily_indexed_transactions,51942.0,>,0,pass,backfill:filecoin-testnet.blockscout.com,reconstructed operational history (explorer indexed the day); live SLA metric is head-block age
2026-02-22,blockscout,calibnet-explorer-blockscout,daily_indexed_transactions,52177.0,>,0,pass,backfill:filecoin-testnet.blockscout.com,reconstructed operational history (explorer indexed the day); live SLA metric is head-block age
2026-02-23,blockscout,calibnet-explorer-blockscout,daily_indexed_transactions,55389.0,>,0,pass,backfill:filecoin-testnet.blockscout.com,reconstructed operational history (explorer indexed the day); live SLA metric is head-block age
2026-02-24,blockscout,calibnet-explorer-blockscout,daily_indexed_transactions,54879.0,>,0,pass,backfill:filecoin-testnet.blockscout.com,reconstructed operational history (explorer indexed the day); live SLA metric is head-block age
2026-02-25,blockscout,calibnet-explorer-blockscout,daily_indexed_transactions,57424.0,>,0,pass,backfill:filecoin-testnet.blockscout.com,reconstructed operational history (explorer indexed the day); live SLA metric is head-block age
2026-02-26,blockscout,calibnet-explorer-blockscout,daily_indexed_transactions,57109.0,>,0,pass,backfill:filecoin-testnet.blockscout.com,reconstructed operational history (explorer indexed the day); live SLA metric is head-block age
2026-02-27,blockscout,calibnet-explorer-blockscout,daily_indexed_transactions,58503.0,>,0,pass,backfill:filecoin-testnet.blockscout.com,reconstructed operational history (explorer indexed the day); live SLA metric is head-block age
2026-02-28,blockscout,calibnet-explorer-blockscout,daily_indexed_transactions,58205.0,>,0,pass,backfill:filecoin-testnet.blockscout.com,reconstructed operational history (explorer indexed the day); live SLA metric is head-block age
2026-03-01,blockscout,calibnet-explorer-blockscout,daily_indexed_transactions,57674.0,>,0,pass,backfill:filecoin-testnet.blockscout.com,reconstructed operational history (explorer indexed the day); live SLA metric is head-block age
2026-03-02,blockscout,calibnet-explorer-blockscout,daily_indexed_transactions,59527.0,>,0,pass,backfill:filecoin-testnet.blockscout.com,reconstructed operational history (explorer indexed the day); live SLA metric is head-block age
2026-03-03,blockscout,calibnet-explorer-blockscout,daily_indexed_transactions,60902.0,>,0,pass,backfill:filecoin-testnet.blockscout.com,reconstructed operational history (explorer indexed the day); live SLA metric is head-block age
2026-03-04,blockscout,calibnet-explorer-blockscout,daily_indexed_transactions,61509.0,>,0,pass,backfill:filecoin-testnet.blockscout.com,reconstructed operational history (explorer indexed the day); live SLA metric is head-block age
2026-03-05,blockscout,calibnet-explorer-blockscout,daily_indexed_transactions,61060.0,>,0,pass,backfill:filecoin-testnet.blockscout.com,reconstructed operational history (explorer indexed the day); live SLA metric is head-block age
2026-03-06,blockscout,calibnet-explorer-blockscout,daily_indexed_transactions,60504.0,>,0,pass,backfill:filecoin-testnet.blockscout.com,reconstructed operational history (explorer indexed the day); live SLA metric is head-block age
2026-03-07,blockscout,calibnet-explorer-blockscout,daily_indexed_transactions,57165.0,>,0,pass,backfill:filecoin-testnet.blockscout.com,reconstructed operational history (explorer indexed the day); live SLA metric is head-block age
2026-03-08,blockscout,calibnet-explorer-blockscout,daily_indexed_transactions,56623.0,>,0,pass,backfill:filecoin-testnet.blockscout.com,reconstructed operational history (explorer indexed the day); live SLA metric is head-block age
2026-03-09,blockscout,calibnet-explorer-blockscout,daily_indexed_transactions,56747.0,>,0,pass,backfill:filecoin-testnet.blockscout.com,reconstructed operational history (explorer indexed the day); live SLA metric is head-block age
2026-03-10,blockscout,calibnet-explorer-blockscout,daily_indexed_transactions,57823.0,>,0,pass,backfill:filecoin-testnet.blockscout.com,reconstructed operational history (explorer indexed the day); live SLA metric is head-block age
2026-03-11,blockscout,calibnet-explorer-blockscout,daily_indexed_transactions,58944.0,>,0,pass,backfill:filecoin-testnet.blockscout.com,reconstructed operational history (explorer indexed the day); live SLA metric is head-block age
2026-03-12,blockscout,calibnet-explorer-blockscout,daily_indexed_transactions,59871.0,>,0,pass,backfill:filecoin-testnet.blockscout.com,reconstructed operational history (explorer indexed the day); live SLA metric is head-block age
2026-03-13,blockscout,calibnet-explorer-blockscout,daily_indexed_transactions,59015.0,>,0,pass,backfill:filecoin-testnet.blockscout.com,reconstructed operational history (explorer indexed the day); live SLA metric is head-block age
2026-03-14,blockscout,calibnet-explorer-blockscout,daily_indexed_transactions,58258.0,>,0,pass,backfill:filecoin-testnet.blockscout.com,reconstructed operational history (explorer indexed the day); live SLA metric is head-block age
2026-03-15,blockscout,calibnet-explorer-blockscout,daily_indexed_transactions,59549.0,>,0,pass,backfill:filecoin-testnet.blockscout.com,reconstructed operational history (explorer indexed the day); live SLA metric is head-block age
2026-03-16,blockscout,calibnet-explorer-blockscout,daily_indexed_transactions,58882.0,>,0,pass,backfill:filecoin-testnet.blockscout.com,reconstructed operational history (explorer indexed the day); live SLA metric is head-block age
2026-03-17,blockscout,calibnet-explorer-blockscout,daily_indexed_transactions,58602.0,>,0,pass,backfill:filecoin-testnet.blockscout.com,reconstructed operational history (explorer indexed the day); live SLA metric is head-block age
2026-03-18,blockscout,calibnet-explorer-blockscout,daily_indexed_transactions,58721.0,>,0,pass,backfill:filecoin-testnet.blockscout.com,reconstructed operational history (explorer indexed the day); live SLA metric is head-block age
2026-03-19,blockscout,calibnet-explorer-blockscout,daily_indexed_transactions,58998.0,>,0,pass,backfill:filecoin-testnet.blockscout.com,reconstructed operational history (explorer indexed the day); live SLA metric is head-block age
2026-03-20,blockscout,calibnet-explorer-blockscout,daily_indexed_transactions,59047.0,>,0,pass,backfill:filecoin-testnet.blockscout.com,reconstructed operational history (explorer indexed the day); live SLA metric is head-block age
2026-03-21,blockscout,calibnet-explorer-blockscout,daily_indexed_transactions,59374.0,>,0,pass,backfill:filecoin-testnet.blockscout.com,reconstructed operational history (explorer indexed the day); live SLA metric is head-block age
2026-03-22,blockscout,calibnet-explorer-blockscout,daily_indexed_transactions,58160.0,>,0,pass,backfill:filecoin-testnet.blockscout.com,reconstructed operational history (explorer indexed the day); live SLA metric is head-block age
2026-03-23,blockscout,calibnet-explorer-blockscout,daily_indexed_transactions,58384.0,>,0,pass,backfill:filecoin-testnet.blockscout.com,reconstructed operational history (explorer indexed the day); live SLA metric is head-block age
2026-03-24,blockscout,calibnet-explorer-blockscout,daily_indexed_transactions,60940.0,>,0,pass,backfill:filecoin-testnet.blockscout.com,reconstructed operational history (explorer indexed the day); live SLA metric is head-block age
2026-03-25,blockscout,calibnet-explorer-blockscout,daily_indexed_transactions,62105.0,>,0,pass,backfill:filecoin-testnet.blockscout.com,reconstructed operational history (explorer indexed the day); live SLA metric is head-block age
2026-03-26,blockscout,calibnet-explorer-blockscout,daily_indexed_transactions,63221.0,>,0,pass,backfill:filecoin-testnet.blockscout.com,reconstructed operational history (explorer indexed the day); live SLA metric is head-block age
2026-03-27,blockscout,calibnet-explorer-blockscout,daily_indexed_transactions,63525.0,>,0,pass,backfill:filecoin-testnet.blockscout.com,reconstructed operational history (explorer indexed the day); live SLA metric is head-block age
2026-03-28,blockscout,calibnet-explorer-blockscout,daily_indexed_transactions,79871.0,>,0,pass,backfill:filecoin-testnet.blockscout.com,reconstructed operational history (explorer indexed the day); live SLA metric is head-block age
2026-03-29,blockscout,calibnet-explorer-blockscout,daily_indexed_transactions,66391.0,>,0,pass,backfill:filecoin-testnet.blockscout.com,reconstructed operational history (explorer indexed the day); live SLA metric is head-block age
2026-03-30,blockscout,calibnet-explorer-blockscout,daily_indexed_transactions,66416.0,>,0,pass,backfill:filecoin-testnet.blockscout.com,reconstructed operational history (explorer indexed the day); live SLA metric is head-block age
2026-03-31,blockscout,calibnet-explorer-blockscout,daily_indexed_transactions,70368.0,>,0,pass,backfill:filecoin-testnet.blockscout.com,reconstructed operational history (explorer indexed the day); live SLA metric is head-block age
2026-04-01,blockscout,calibnet-explorer-blockscout,daily_indexed_transactions,73387.0,>,0,pass,backfill:filecoin-testnet.blockscout.com,reconstructed operational history (explorer indexed the day); live SLA metric is head-block age
2026-04-02,blockscout,calibnet-explorer-blockscout,daily_indexed_transactions,74768.0,>,0,pass,backfill:filecoin-testnet.blockscout.com,reconstructed operational history (explorer indexed the day); live SLA metric is head-block age
2026-04-03,blockscout,calibnet-explorer-blockscout,daily_indexed_transactions,73261.0,>,0,pass,backfill:filecoin-testnet.blockscout.com,reconstructed operational history (explorer indexed the day); live SLA metric is head-block age
2026-04-04,blockscout,calibnet-explorer-blockscout,daily_indexed_transactions,73253.0,>,0,pass,backfill:filecoin-testnet.blockscout.com,reconstructed operational history (explorer indexed the day); live SLA metric is head-block age
2026-04-05,blockscout,calibnet-explorer-blockscout,daily_indexed_transactions,73623.0,>,0,pass,backfill:filecoin-testnet.blockscout.com,reconstructed operational history (explorer indexed the day); live SLA metric is head-block age
2026-04-06,blockscout,calibnet-explorer-blockscout,daily_indexed_transactions,80779.0,>,0,pass,backfill:filecoin-testnet.blockscout.com,reconstructed operational history (explorer indexed the day); live SLA metric is head-block age
2026-04-07,blockscout,calibnet-explorer-blockscout,daily_indexed_transactions,75949.0,>,0,pass,backfill:filecoin-testnet.blockscout.com,reconstructed operational history (explorer indexed the day); live SLA metric is head-block age
2026-04-08,blockscout,calibnet-explorer-blockscout,daily_indexed_transactions,82332.0,>,0,pass,backfill:filecoin-testnet.blockscout.com,reconstructed operational history (explorer indexed the day); live SLA metric is head-block age
2026-04-09,blockscout,calibnet-explorer-blockscout,daily_indexed_transactions,85327.0,>,0,pass,backfill:filecoin-testnet.blockscout.com,reconstructed operational history (explorer indexed the day); live SLA metric is head-block age
2026-04-10,blockscout,calibnet-explorer-blockscout,daily_indexed_transactions,61976.0,>,0,pass,backfill:filecoin-testnet.blockscout.com,reconstructed operational history (explorer indexed the day); live SLA metric is head-block age
2026-04-11,blockscout,calibnet-explorer-blockscout,daily_indexed_transactions,58428.0,>,0,pass,backfill:filecoin-testnet.blockscout.com,reconstructed operational history (explorer indexed the day); live SLA metric is head-block age
2026-04-12,blockscout,calibnet-explorer-blockscout,daily_indexed_transactions,58762.0,>,0,pass,backfill:filecoin-testnet.blockscout.com,reconstructed operational history (explorer indexed the day); live SLA metric is head-block age
2026-04-13,blockscout,calibnet-explorer-blockscout,daily_indexed_transactions,59133.0,>,0,pass,backfill:filecoin-testnet.blockscout.com,reconstructed operational history (explorer indexed the day); live SLA metric is head-block age
2026-04-14,blockscout,calibnet-explorer-blockscout,daily_indexed_transactions,59433.0,>,0,pass,backfill:filecoin-testnet.blockscout.com,reconstructed operational history (explorer indexed the day); live SLA metric is head-block age
2026-04-15,blockscout,calibnet-explorer-blockscout,daily_indexed_transactions,59472.0,>,0,pass,backfill:filecoin-testnet.blockscout.com,reconstructed operational history (explorer indexed the day); live SLA metric is head-block age
2026-04-16,blockscout,calibnet-explorer-blockscout,daily_indexed_transactions,59748.0,>,0,pass,backfill:filecoin-testnet.blockscout.com,reconstructed operational history (explorer indexed the day); live SLA metric is head-block age
2026-04-17,blockscout,calibnet-explorer-blockscout,daily_indexed_transactions,59380.0,>,0,pass,backfill:filecoin-testnet.blockscout.com,reconstructed operational history (explorer indexed the day); live SLA metric is head-block age
2026-04-18,blockscout,calibnet-explorer-blockscout,daily_indexed_transactions,59645.0,>,0,pass,backfill:filecoin-testnet.blockscout.com,reconstructed operational history (explorer indexed the day); live SLA metric is head-block age
2026-04-19,blockscout,calibnet-explorer-blockscout,daily_indexed_transactions,59990.0,>,0,pass,backfill:filecoin-testnet.blockscout.com,reconstructed operational history (explorer indexed the day); live SLA metric is head-block age
2026-04-20,blockscout,calibnet-explorer-blockscout,daily_indexed_transactions,60379.0,>,0,pass,backfill:filecoin-testnet.blockscout.com,reconstructed operational history (explorer indexed the day); live SLA metric is head-block age
2026-04-21,blockscout,calibnet-explorer-blockscout,daily_indexed_transactions,60404.0,>,0,pass,backfill:filecoin-testnet.blockscout.com,reconstructed operational history (explorer indexed the day); live SLA metric is head-block age
2026-04-22,blockscout,calibnet-explorer-blockscout,daily_indexed_transactions,59889.0,>,0,pass,backfill:filecoin-testnet.blockscout.com,reconstructed operational history (explorer indexed the day); live SLA metric is head-block age
2026-04-23,blockscout,calibnet-explorer-blockscout,daily_indexed_transactions,59382.0,>,0,pass,backfill:filecoin-testnet.blockscout.com,reconstructed operational history (explorer indexed the day); live SLA metric is head-block age
2026-04-24,blockscout,calibnet-explorer-blockscout,daily_indexed_transactions,58968.0,>,0,pass,backfill:filecoin-testnet.blockscout.com,reconstructed operational history (explorer indexed the day); live SLA metric is head-block age
2026-04-25,blockscout,calibnet-explorer-blockscout,daily_indexed_transactions,58954.0,>,0,pass,backfill:filecoin-testnet.blockscout.com,reconstructed operational history (explorer indexed the day); live SLA metric is head-block age
2026-04-26,blockscout,calibnet-explorer-blockscout,daily_indexed_transactions,59100.0,>,0,pass,backfill:filecoin-testnet.blockscout.com,reconstructed operational history (explorer indexed the day); live SLA metric is head-block age
2026-04-27,blockscout,calibnet-explorer-blockscout,daily_indexed_transactions,59388.0,>,0,pass,backfill:filecoin-testnet.blockscout.com,reconstructed operational history (explorer indexed the day); live SLA metric is head-block age
2026-04-28,blockscout,calibnet-explorer-blockscout,daily_indexed_transactions,59562.0,>,0,pass,backfill:filecoin-testnet.blockscout.com,reconstructed operational history (explorer indexed the day); live SLA metric is head-block age
2026-04-29,blockscout,calibnet-explorer-blockscout,daily_indexed_transactions,60086.0,>,0,pass,backfill:filecoin-testnet.blockscout.com,reconstructed operational history (explorer indexed the day); live SLA metric is head-block age
2026-04-30,blockscout,calibnet-explorer-blockscout,daily_indexed_transactions,59822.0,>,0,pass,backfill:filecoin-testnet.blockscout.com,reconstructed operational history (explorer indexed the day); live SLA metric is head-block age
2026-05-01,blockscout,calibnet-explorer-blockscout,daily_indexed_transactions,59661.0,>,0,pass,backfill:filecoin-testnet.blockscout.com,reconstructed operational history (explorer indexed the day); live SLA metric is head-block age
2026-05-02,blockscout,calibnet-explorer-blockscout,daily_indexed_transactions,58025.0,>,0,pass,backfill:filecoin-testnet.blockscout.com,reconstructed operational history (explorer indexed the day); live SLA metric is head-block age
2026-05-03,blockscout,calibnet-explorer-blockscout,daily_indexed_transactions,48812.0,>,0,pass,backfill:filecoin-testnet.blockscout.com,reconstructed operational history (explorer indexed the day); live SLA metric is head-block age
2026-05-04,blockscout,calibnet-explorer-blockscout,daily_indexed_transactions,53604.0,>,0,pass,backfill:filecoin-testnet.blockscout.com,reconstructed operational history (explorer indexed the day); live SLA metric is head-block age
2026-05-05,blockscout,calibnet-explorer-blockscout,daily_indexed_transactions,54071.0,>,0,pass,backfill:filecoin-testnet.blockscout.com,reconstructed operational history (explorer indexed the day); live SLA metric is head-block age
2026-05-06,blockscout,calibnet-explorer-blockscout,daily_indexed_transactions,58893.0,>,0,pass,backfill:filecoin-testnet.blockscout.com,reconstructed operational history (explorer indexed the day); live SLA metric is head-block age
2026-05-07,blockscout,calibnet-explorer-blockscout,daily_indexed_transactions,51714.0,>,0,pass,backfill:filecoin-testnet.blockscout.com,reconstructed operational history (explorer indexed the day); live SLA metric is head-block age
2026-05-08,blockscout,calibnet-explorer-blockscout,daily_indexed_transactions,56557.0,>,0,pass,backfill:filecoin-testnet.blockscout.com,reconstructed operational history (explorer indexed the day); live SLA metric is head-block age
2026-05-09,blockscout,calibnet-explorer-blockscout,daily_indexed_transactions,56893.0,>,0,pass,backfill:filecoin-testnet.blockscout.com,reconstructed operational history (explorer indexed the day); live SLA metric is head-block age
2026-05-10,blockscout,calibnet-explorer-blockscout,daily_indexed_transactions,56659.0,>,0,pass,backfill:filecoin-testnet.blockscout.com,reconstructed operational history (explorer indexed the day); live SLA metric is head-block age
2026-05-11,blockscout,calibnet-explorer-blockscout,daily_indexed_transactions,57508.0,>,0,pass,backfill:filecoin-testnet.blockscout.com,reconstructed operational history (explorer indexed the day); live SLA metric is head-block age
2026-05-12,blockscout,calibnet-explorer-blockscout,daily_indexed_transactions,58012.0,>,0,pass,backfill:filecoin-testnet.blockscout.com,reconstructed operational history (explorer indexed the day); live SLA metric is head-block age
2026-05-13,blockscout,calibnet-explorer-blockscout,daily_indexed_transactions,58289.0,>,0,pass,backfill:filecoin-testnet.blockscout.com,reconstructed operational history (explorer indexed the day); live SLA metric is head-block age
2026-05-14,blockscout,calibnet-explorer-blockscout,daily_indexed_transactions,58507.0,>,0,pass,backfill:filecoin-testnet.blockscout.com,reconstructed operational history (explorer indexed the day); live SLA metric is head-block age
2026-05-15,blockscout,calibnet-explorer-blockscout,daily_indexed_transactions,56503.0,>,0,pass,backfill:filecoin-testnet.blockscout.com,reconstructed operational history (explorer indexed the day); live SLA metric is head-block age
2026-05-16,blockscout,calibnet-explorer-blockscout,daily_indexed_transactions,57271.0,>,0,pass,backfill:filecoin-testnet.blockscout.com,reconstructed operational history (explorer indexed the day); live SLA metric is head-block age
2026-05-17,blockscout,calibnet-explorer-blockscout,daily_indexed_transactions,54099.0,>,0,pass,backfill:filecoin-testnet.blockscout.com,reconstructed operational history (explorer indexed the day); live SLA metric is head-block age
2026-05-18,blockscout,calibnet-explorer-blockscout,daily_indexed_transactions,54401.0,>,0,pass,backfill:filecoin-testnet.blockscout.com,reconstructed operational history (explorer indexed the day); live SLA metric is head-block age
2026-05-19,blockscout,calibnet-explorer-blockscout,daily_indexed_transactions,54901.0,>,0,pass,backfill:filecoin-testnet.blockscout.com,reconstructed operational history (explorer indexed the day); live SLA metric is head-block age
2026-05-20,blockscout,calibnet-explorer-blockscout,daily_indexed_transactions,62464.0,>,0,pass,backfill:filecoin-testnet.blockscout.com,reconstructed operational history (explorer indexed the day); live SLA metric is head-block age
2026-05-21,blockscout,calibnet-explorer-blockscout,daily_indexed_transactions,66579.0,>,0,pass,backfill:filecoin-testnet.blockscout.com,reconstructed operational history (explorer indexed the day); live SLA metric is head-block age
2026-05-22,blockscout,calibnet-explorer-blockscout,daily_indexed_transactions,59037.0,>,0,pass,backfill:filecoin-testnet.blockscout.com,reconstructed operational history (explorer indexed the day); live SLA metric is head-block age
2026-05-23,blockscout,calibnet-explorer-blockscout,daily_indexed_transactions,59885.0,>,0,pass,backfill:filecoin-testnet.blockscout.com,reconstructed operational history (explorer indexed the day); live SLA metric is head-block age
2026-05-24,blockscout,calibnet-explorer-blockscout,daily_indexed_transactions,60449.0,>,0,pass,backfill:filecoin-testnet.blockscout.com,reconstructed operational history (explorer indexed the day); live SLA metric is head-block age
2026-05-25,blockscout,calibnet-explorer-blockscout,daily_indexed_transactions,61513.0,>,0,pass,backfill:filecoin-testnet.blockscout.com,reconstructed operational history (explorer indexed the day); live SLA metric is head-block age
2026-05-26,blockscout,calibnet-explorer-blockscout,daily_indexed_transactions,61444.0,>,0,pass,backfill:filecoin-testnet.blockscout.com,reconstructed operational history (explorer indexed the day); live SLA metric is head-block age
2026-05-27,blockscout,calibnet-explorer-blockscout,daily_indexed_transactions,60726.0,>,0,pass,backfill:filecoin-testnet.blockscout.com,reconstructed operational history (explorer indexed the day); live SLA metric is head-block age
2026-05-28,blockscout,calibnet-explorer-blockscout,daily_indexed_transactions,61995.0,>,0,pass,backfill:filecoin-testnet.blockscout.com,reconstructed operational history (explorer indexed the day); live SLA metric is head-block age
2026-05-29,blockscout,calibnet-explorer-blockscout,daily_indexed_transactions,60219.0,>,0,pass,backfill:filecoin-testnet.blockscout.com,reconstructed operational history (explorer indexed the day); live SLA metric is head-block age
2026-05-30,blockscout,calibnet-explorer-blockscout,daily_indexed_transactions,57027.0,>,0,pass,backfill:filecoin-testnet.blockscout.com,reconstructed operational history (explorer indexed the day); live SLA metric is head-block age
2026-05-31,blockscout,calibnet-explorer-blockscout,daily_indexed_transactions,61511.0,>,0,pass,backfill:filecoin-testnet.blockscout.com,reconstructed operational history (explorer indexed the day); live SLA metric is head-block age
2026-06-01,blockscout,calibnet-explorer-blockscout,daily_indexed_transactions,61897.0,>,0,pass,backfill:filecoin-testnet.blockscout.com,reconstructed operational history (explorer indexed the day); live SLA metric is head-block age
2026-06-02,blockscout,calibnet-explorer-blockscout,daily_indexed_transactions,63313.0,>,0,pass,backfill:filecoin-testnet.blockscout.com,reconstructed operational history (explorer indexed the day); live SLA metric is head-block age
2026-06-03,blockscout,calibnet-explorer-blockscout,daily_indexed_transactions,62978.0,>,0,pass,backfill:filecoin-testnet.blockscout.com,reconstructed operational history (explorer indexed the day); live SLA metric is head-block age
2026-06-04,blockscout,calibnet-explorer-blockscout,daily_indexed_transactions,64132.0,>,0,pass,backfill:filecoin-testnet.blockscout.com,reconstructed operational history (explorer indexed the day); live SLA metric is head-block age
2026-06-05,blockscout,calibnet-explorer-blockscout,daily_indexed_transactions,59268.0,>,0,pass,backfill:filecoin-testnet.blockscout.com,reconstructed operational history (explorer indexed the day); live SLA metric is head-block age
2026-06-06,blockscout,calibnet-explorer-blockscout,daily_indexed_transactions,60921.0,>,0,pass,backfill:filecoin-testnet.blockscout.com,reconstructed operational history (explorer indexed the day); live SLA metric is head-block age
2026-06-07,blockscout,calibnet-explorer-blockscout,daily_indexed_transactions,61894.0,>,0,pass,backfill:filecoin-testnet.blockscout.com,reconstructed operational history (explorer indexed the day); live SLA metric is head-block age
2026-06-08,blockscout,calibnet-explorer-blockscout,daily_indexed_transactions,62291.0,>,0,pass,backfill:filecoin-testnet.blockscout.com,reconstructed operational history (explorer indexed the day); live SLA metric is head-block age
2026-06-09,blockscout,calibnet-explorer-blockscout,daily_indexed_transactions,62672.0,>,0,pass,backfill:filecoin-testnet.blockscout.com,reconstructed operational history (explorer indexed the day); live SLA metric is head-block age
2026-06-10,blockscout,calibnet-explorer-blockscout,daily_indexed_transactions,59904.0,>,0,pass,backfill:filecoin-testnet.blockscout.com,reconstructed operational history (explorer indexed the day); live SLA metric is head-block age
2026-06-11,blockscout,calibnet-explorer-blockscout,daily_indexed_transactions,65104.0,>,0,pass,backfill:filecoin-testnet.blockscout.com,reconstructed operational history (explorer indexed the day); live SLA metric is head-block age
2026-06-12,blockscout,calibnet-explorer-blockscout,daily_indexed_transactions,64647.0,>,0,pass,backfill:filecoin-testnet.blockscout.com,reconstructed operational history (explorer indexed the day); live SLA metric is head-block age
2026-06-13,blockscout,calibnet-explorer-blockscout,daily_indexed_transactions,64596.0,>,0,pass,backfill:filecoin-testnet.blockscout.com,reconstructed operational history (explorer indexed the day); live SLA metric is head-block age
2026-06-14,blockscout,calibnet-explorer-blockscout,daily_indexed_transactions,65114.0,>,0,pass,backfill:filecoin-testnet.blockscout.com,reconstructed operational history (explorer indexed the day); live SLA metric is head-block age
2026-06-15,blockscout,calibnet-explorer-blockscout,daily_indexed_transactions,65433.0,>,0,pass,backfill:filecoin-testnet.blockscout.com,reconstructed operational history (explorer indexed the day); live SLA metric is head-block age
2026-06-16,blockscout,calibnet-explorer-blockscout,daily_indexed_transactions,62261.0,>,0,pass,backfill:filecoin-testnet.blockscout.com,reconstructed operational history (explorer indexed the day); live SLA metric is head-block age
2026-06-17,blockscout,calibnet-explorer-blockscout,daily_indexed_transactions,64491.0,>,0,pass,backfill:filecoin-testnet.blockscout.com,reconstructed operational history (explorer indexed the day); live SLA metric is head-block age
2026-06-18,blockscout,calibnet-explorer-blockscout,daily_indexed_transactions,66828.0,>,0,pass,backfill:filecoin-testnet.blockscout.com,reconstructed operational history (explorer indexed the day); live SLA metric is head-block age
2026-06-19,blockscout,calibnet-explorer-blockscout,daily_indexed_transactions,68357.0,>,0,pass,backfill:filecoin-testnet.blockscout.com,reconstructed operational history (explorer indexed the day); live SLA metric is head-block age
2026-06-20,blockscout,calibnet-explorer-blockscout,daily_indexed_transactions,62293.0,>,0,pass,backfill:filecoin-testnet.blockscout.com,reconstructed operational history (explorer indexed the day); live SLA metric is head-block age
2026-06-21,blockscout,calibnet-explorer-blockscout,daily_indexed_transactions,65096.0,>,0,pass,backfill:filecoin-testnet.blockscout.com,reconstructed operational history (explorer indexed the day); live SLA metric is head-block age
2026-06-22,blockscout,calibnet-explorer-blockscout,daily_indexed_transactions,65726.0,>,0,pass,backfill:filecoin-testnet.blockscout.com,reconstructed operational history (explorer indexed the day); live SLA metric is head-block age
2026-06-23,blockscout,calibnet-explorer-blockscout,daily_indexed_transactions,67469.0,>,0,pass,backfill:filecoin-testnet.blockscout.com,reconstructed operational history (explorer indexed the day); live SLA metric is head-block age
2026-06-24,blockscout,calibnet-explorer-blockscout,daily_indexed_transactions,67751.0,>,0,pass,backfill:filecoin-testnet.blockscout.com,reconstructed operational history (explorer indexed the day); live SLA metric is head-block age
2026-06-25,blockscout,calibnet-explorer-blockscout,daily_indexed_transactions,68092.0,>,0,pass,backfill:filecoin-testnet.blockscout.com,reconstructed operational history (explorer indexed the day); live SLA metric is head-block age
2026-06-26,blockscout,calibnet-explorer-blockscout,daily_indexed_transactions,69381.0,>,0,pass,backfill:filecoin-testnet.blockscout.com,reconstructed operational history (explorer indexed the day); live SLA metric is head-block age
2026-06-27,blockscout,calibnet-explorer-blockscout,daily_indexed_transactions,68380.0,>,0,pass,backfill:filecoin-testnet.blockscout.com,reconstructed operational history (explorer indexed the day); live SLA metric is head-block age
2026-06-28,blockscout,calibnet-explorer-blockscout,daily_indexed_transactions,68256.0,>,0,pass,backfill:filecoin-testnet.blockscout.com,reconstructed operational history (explorer indexed the day); live SLA metric is head-block age
2026-06-29,blockscout,calibnet-explorer-blockscout,daily_indexed_transactions,68823.0,>,0,pass,backfill:filecoin-testnet.blockscout.com,reconstructed operational history (explorer indexed the day); live SLA metric is head-block age
2026-06-30,blockscout,calibnet-explorer-blockscout,daily_indexed_transactions,69417.0,>,0,pass,backfill:filecoin-testnet.blockscout.com,reconstructed operational history (explorer indexed the day); live SLA metric is head-block age
2026-07-01,blockscout,calibnet-explorer-blockscout,daily_indexed_transactions,69291.0,>,0,pass,backfill:filecoin-testnet.blockscout.com,reconstructed operational history (explorer indexed the day); live SLA metric is head-block age
2026-07-02,blockscout,calibnet-explorer-blockscout,daily_indexed_transactions,70075.0,>,0,pass,backfill:filecoin-testnet.blockscout.com,reconstructed operational history (explorer indexed the day); live SLA metric is head-block age
2026-07-03,blockscout,calibnet-explorer-blockscout,daily_indexed_transactions,71354.0,>,0,pass,backfill:filecoin-testnet.blockscout.com,reconstructed operational history (explorer indexed the day); live SLA metric is head-block age
2026-07-04,blockscout,calibnet-explorer-blockscout,daily_indexed_transactions,69829.0,>,0,pass,backfill:filecoin-testnet.blockscout.com,reconstructed operational history (explorer indexed the day); live SLA metric is head-block age
2026-07-05,blockscout,calibnet-explorer-blockscout,daily_indexed_transactions,69508.0,>,0,pass,backfill:filecoin-testnet.blockscout.com,reconstructed operational history (explorer indexed the day); live SLA metric is head-block age
2026-07-06,blockscout,calibnet-explorer-blockscout,daily_indexed_transactions,69610.0,>,0,pass,backfill:filecoin-testnet.blockscout.com,reconstructed operational history (explorer indexed the day); live SLA metric is head-block age
2026-07-07,blockscout,calibnet-explorer-blockscout,daily_indexed_transactions,69934.0,>,0,pass,backfill:filecoin-testnet.blockscout.com,reconstructed operational history (explorer indexed the day); live SLA metric is head-block age
2026-07-08,blockscout,calibnet-explorer-blockscout,daily_indexed_transactions,68520.0,>,0,pass,backfill:filecoin-testnet.blockscout.com,reconstructed operational history (explorer indexed the day); live SLA metric is head-block age
2026-07-09,blockscout,calibnet-explorer-blockscout,daily_indexed_transactions,68121.0,>,0,pass,backfill:filecoin-testnet.blockscout.com,reconstructed operational history (explorer indexed the day); live SLA metric is head-block age
2026-07-10,blockscout,calibnet-explorer-blockscout,daily_indexed_transactions,68840.0,>,0,pass,backfill:filecoin-testnet.blockscout.com,reconstructed operational history (explorer indexed the day); live SLA metric is head-block age
2026-07-11,blockscout,calibnet-explorer-blockscout,daily_indexed_transactions,67126.0,>,0,pass,backfill:filecoin-testnet.blockscout.com,reconstructed operational history (explorer indexed the day); live SLA metric is head-block age
2026-07-12,blockscout,calibnet-explorer-blockscout,daily_indexed_transactions,66795.0,>,0,pass,backfill:filecoin-testnet.blockscout.com,reconstructed operational history (explorer indexed the day); live SLA metric is head-block age
2026-07-13,blockscout,calibnet-explorer-blockscout,daily_indexed_transactions,66652.0,>,0,pass,backfill:filecoin-testnet.blockscout.com,reconstructed operational history (explorer indexed the day); live SLA metric is head-block age
2026-07-14,blockscout,calibnet-explorer-blockscout,daily_indexed_transactions,66924.0,>,0,pass,backfill:filecoin-testnet.blockscout.com,reconstructed operational history (explorer indexed the day); live SLA metric is head-block age
2026-07-15,blockscout,calibnet-explorer-blockscout,daily_indexed_transactions,39326.0,>,0,pass,backfill:filecoin-testnet.blockscout.com,reconstructed operational history (explorer indexed the day); live SLA metric is head-block age
2026-07-16,blockscout,calibnet-explorer-blockscout,daily_indexed_transactions,65367.0,>,0,pass,backfill:filecoin-testnet.blockscout.com,reconstructed operational history (explorer indexed the day); live SLA metric is head-block age
2026-07-17,blockscout,calibnet-explorer-blockscout,daily_indexed_transactions,66222.0,>,0,pass,backfill:filecoin-testnet.blockscout.com,reconstructed operational history (explorer indexed the day); live SLA metric is head-block age
2026-07-18,blockscout,calibnet-explorer-blockscout,daily_indexed_transactions,68021.0,>,0,pass,backfill:filecoin-testnet.blockscout.com,reconstructed operational history (explorer indexed the day); live SLA metric is head-block age
2026-07-19,blockscout,calibnet-explorer-blockscout,daily_indexed_transactions,67096.0,>,0,pass,backfill:filecoin-testnet.blockscout.com,reconstructed operational history (explorer indexed the day); live SLA metric is head-block age
2026-07-20,blockscout,calibnet-explorer-blockscout,daily_indexed_transactions,34038.0,>,0,pass,backfill:filecoin-testnet.blockscout.com,reconstructed operational history (explorer indexed the day); live SLA metric is head-block age
2026-07-15,blockscout,fevm-mainnet-explorer-blockscout,blockscout_mainnet_head_age_seconds,2278.945318,<=,3600.0,pass,live-review,scheduled review reading
2026-08-14,blockscout,fevm-mainnet-explorer-blockscout,blockscout_mainnet_head_age_seconds,78.81721711158752,<=,3600.0,pass,nightly,
2025-07-16,blockscout,fevm-mainnet-explorer-blockscout,daily_indexed_transactions,132078.0,>,0,pass,backfill:filecoin.blockscout.com,reconstructed operational history (explorer indexed the day); live SLA metric is head-block age
2025-07-17,blockscout,fevm-mainnet-explorer-blockscout,daily_indexed_transactions,142820.0,>,0,pass,backfill:filecoin.blockscout.com,reconstructed operational history (explorer indexed the day); live SLA metric is head-block age
2025-07-18,blockscout,fevm-mainnet-explorer-blockscout,daily_indexed_transactions,149247.0,>,0,pass,backfill:filecoin.blockscout.com,reconstructed operational history (explorer indexed the day); live SLA metric is head-block age
2025-07-19,blockscout,fevm-mainnet-explorer-blockscout,daily_indexed_transactions,146766.0,>,0,pass,backfill:filecoin.blockscout.com,reconstructed operational history (explorer indexed the day); live SLA metric is head-block age
2025-07-20,blockscout,fevm-mainnet-explorer-blockscout,daily_indexed_transactions,152650.0,>,0,pass,backfill:filecoin.blockscout.com,reconstructed operational history (explorer indexed the day); live SLA metric is head-block age
2025-07-21,blockscout,fevm-mainnet-explorer-blockscout,daily_indexed_transactions,152207.0,>,0,pass,backfill:filecoin.blockscout.com,reconstructed operational history (explorer indexed the day); live SLA metric is head-block age
2025-07-22,blockscout,fevm-mainnet-explorer-blockscout,daily_indexed_transactions,161060.0,>,0,pass,backfill:filecoin.blockscout.com,reconstructed operational history (explorer indexed the day); live SLA metric is head-block age
2025-07-23,blockscout,fevm-mainnet-explorer-blockscout,daily_indexed_transactions,145900.0,>,0,pass,backfill:filecoin.blockscout.com,reconstructed operational history (explorer indexed the day); live SLA metric is head-block age
2025-07-24,blockscout,fevm-mainnet-explorer-blockscout,daily_indexed_transactions,143381.0,>,0,pass,backfill:filecoin.blockscout.com,reconstructed operational history (explorer indexed the day); live SLA metric is head-block age
2025-07-25,blockscout,fevm-mainnet-explorer-blockscout,daily_indexed_transactions,148228.0,>,0,pass,backfill:filecoin.blockscout.com,reconstructed operational history (explorer indexed the day); live SLA metric is head-block age
2025-07-26,blockscout,fevm-mainnet-explorer-blockscout,daily_indexed_transactions,137174.0,>,0,pass,backfill:filecoin.blockscout.com,reconstructed operational history (explorer indexed the day); live SLA metric is head-block age
2025-07-27,blockscout,fevm-mainnet-explorer-blockscout,daily_indexed_transactions,136998.0,>,0,pass,backfill:filecoin.blockscout.com,reconstructed operational history (explorer indexed the day); live SLA metric is head-block age
2025-07-28,blockscout,fevm-mainnet-explorer-blockscout,daily_indexed_transactions,143998.0,>,0,pass,backfill:filecoin.blockscout.com,reconstructed operational history (explorer indexed the day); live SLA metric is head-block age
2025-07-29,blockscout,fevm-mainnet-explorer-blockscout,daily_indexed_transactions,156542.0,>,0,pass,backfill:filecoin.blockscout.com,reconstructed operational history (explorer indexed the day); live SLA metric is head-block age
2025-07-30,blockscout,fevm-mainnet-explorer-blockscout,daily_indexed_transactions,149360.0,>,0,pass,backfill:filecoin.blockscout.com,reconstructed operational history (explorer indexed the day); live SLA metric is head-block age
2025-07-31,blockscout,fevm-mainnet-explorer-blockscout,daily_indexed_transactions,142948.0,>,0,pass,backfill:filecoin.blockscout.com,reconstructed operational history (explorer indexed the day); live SLA metric is head-block age
2025-08-01,blockscout,fevm-mainnet-explorer-blockscout,daily_indexed_transactions,139060.0,>,0,pass,backfill:filecoin.blockscout.com,reconstructed operational history (explorer indexed the day); live SLA metric is head-block age
2025-08-02,blockscout,fevm-mainnet-explorer-blockscout,daily_indexed_transactions,146994.0,>,0,pass,backfill:filecoin.blockscout.com,reconstructed operational history (explorer indexed the day); live SLA metric is head-block age
2025-08-03,blockscout,fevm-mainnet-explorer-blockscout,daily_indexed_transactions,143653.0,>,0,pass,backfill:filecoin.blockscout.com,reconstructed operational history (explorer indexed the day); live SLA metric is head-block age
2025-08-04,blockscout,fevm-mainnet-explorer-blockscout,daily_indexed_transactions,148412.0,>,0,pass,backfill:filecoin.blockscout.com,reconstructed operational history (explorer indexed the day); live SLA metric is head-block age
2025-08-05,blockscout,fevm-mainnet-explorer-blockscout,daily_indexed_transactions,136808.0,>,0,pass,backfill:filecoin.blockscout.com,reconstructed operational history (explorer indexed the day); live SLA metric is head-block age
2025-08-06,blockscout,fevm-mainnet-explorer-blockscout,daily_indexed_transactions,118943.0,>,0,pass,backfill:filecoin.blockscout.com,reconstructed operational history (explorer indexed the day); live SLA metric is head-block age
2025-08-07,blockscout,fevm-mainnet-explorer-blockscout,daily_indexed_transactions,117353.0,>,0,pass,backfill:filecoin.blockscout.com,reconstructed operational history (explorer indexed the day); live SLA metric is head-block age
2025-08-08,blockscout,fevm-mainnet-explorer-blockscout,daily_indexed_transactions,131341.0,>,0,pass,backfill:filecoin.blockscout.com,reconstructed operational history (explorer indexed the day); live SLA metric is head-block age
2025-08-09,blockscout,fevm-mainnet-explorer-blockscout,daily_indexed_transactions,130481.0,>,0,pass,backfill:filecoin.blockscout.com,reconstructed operational history (explorer indexed the day); live SLA metric is head-block age
2025-08-10,blockscout,fevm-mainnet-explorer-blockscout,daily_indexed_transactions,118485.0,>,0,pass,backfill:filecoin.blockscout.com,reconstructed operational history (explorer indexed the day); live SLA metric is head-block age
2025-08-11,blockscout,fevm-mainnet-explorer-blockscout,daily_indexed_transactions,128159.0,>,0,pass,backfill:filecoin.blockscout.com,reconstructed operational history (explorer indexed the day); live SLA metric is head-block age
2025-08-12,blockscout,fevm-mainnet-explorer-blockscout,daily_indexed_transactions,140544.0,>,0,pass,backfill:filecoin.blockscout.com,reconstructed operational history (explorer indexed the day); live SLA metric is head-block age
2025-08-13,blockscout,fevm-mainnet-explorer-blockscout,daily_indexed_transactions,141015.0,>,0,pass,backfill:filecoin.blockscout.com,reconstructed operational history (explorer indexed the day); live SLA metric is head-block age
2025-08-14,blockscout,fevm-mainnet-explorer-blockscout,daily_indexed_transactions,135540.0,>,0,pass,backfill:filecoin.blockscout.com,reconstructed operational history (explorer indexed the day); live SLA metric is head-block age
2025-08-15,blockscout,fevm-mainnet-explorer-blockscout,daily_indexed_transactions,155585.0,>,0,pass,backfill:filecoin.blockscout.com,reconstructed operational history (explorer indexed the day); live SLA metric is head-block age
2025-08-16,blockscout,fevm-mainnet-explorer-blockscout,daily_indexed_transactions,153012.0,>,0,pass,backfill:filecoin.blockscout.com,reconstructed operational history (explorer indexed the day); live SLA metric is head-block age
2025-08-17,blockscout,fevm-mainnet-explorer-blockscout,daily_indexed_transactions,151793.0,>,0,pass,backfill:filecoin.blockscout.com,reconstructed operational history (explorer indexed the day); live SLA metric is head-block age
2025-08-18,blockscout,fevm-mainnet-explorer-blockscout,daily_indexed_transactions,148684.0,>,0,pass,backfill:filecoin.blockscout.com,reconstructed operational history (explorer indexed the day); live SLA metric is head-block age
2025-08-19,blockscout,fevm-mainnet-explorer-blockscout,daily_indexed_transactions,117595.0,>,0,pass,backfill:filecoin.blockscout.com,reconstructed operational history (explorer indexed the day); live SLA metric is head-block age
2025-08-20,blockscout,fevm-mainnet-explorer-blockscout,daily_indexed_transactions,117206.0,>,0,pass,backfill:filecoin.blockscout.com,reconstructed operational history (explorer indexed the day); live SLA metric is head-block age
2025-08-21,blockscout,fevm-mainnet-explorer-blockscout,daily_indexed_transactions,107425.0,>,0,pass,backfill:filecoin.blockscout.com,reconstructed operational history (explorer indexed the day); live SLA metric is head-block age
2025-08-22,blockscout,fevm-mainnet-explorer-blockscout,daily_indexed_transactions,113357.0,>,0,pass,backfill:filecoin.blockscout.com,reconstructed operational history (explorer indexed the day); live SLA metric is head-block age
2025-08-23,blockscout,fevm-mainnet-explorer-blockscout,daily_indexed_transactions,111490.0,>,0,pass,backfill:filecoin.blockscout.com,reconstructed operational history (explorer indexed the day); live SLA metric is head-block age
2025-08-24,blockscout,fevm-mainnet-explorer-blockscout,daily_indexed_transactions,96904.0,>,0,pass,backfill:filecoin.blockscout.com,reconstructed operational history (explorer indexed the day); live SLA metric is head-block age
2025-08-25,blockscout,fevm-mainnet-explorer-blockscout,daily_indexed_transactions,112108.0,>,0,pass,backfill:filecoin.blockscout.com,reconstructed operational history (explorer indexed the day); live SLA metric is head-block age
2025-08-26,blockscout,fevm-mainnet-explorer-blockscout,daily_indexed_transactions,123711.0,>,0,pass,backfill:filecoin.blockscout.com,reconstructed operational history (explorer indexed the day); live SLA metric is head-block age
2025-08-27,blockscout,fevm-mainnet-explorer-blockscout,daily_indexed_transactions,114446.0,>,0,pass,backfill:filecoin.blockscout.com,reconstructed operational history (explorer indexed the day); live SLA metric is head-block age
2025-08-28,blockscout,fevm-mainnet-explorer-blockscout,daily_indexed_transactions,110232.0,>,0,pass,backfill:filecoin.blockscout.com,reconstructed operational history (explorer indexed the day); live SLA metric is head-block age
2025-08-29,blockscout,fevm-mainnet-explorer-blockscout,daily_indexed_transactions,109788.0,>,0,pass,backfill:filecoin.blockscout.com,reconstructed operational history (explorer indexed the day); live SLA metric is head-block age
2025-08-30,blockscout,fevm-mainnet-explorer-blockscout,daily_indexed_transactions,106452.0,>,0,pass,backfill:filecoin.blockscout.com,reconstructed operational history (explorer indexed the day); live SLA metric is head-block age
2025-08-31,blockscout,fevm-mainnet-explorer-blockscout,daily_indexed_transactions,100719.0,>,0,pass,backfill:filecoin.blockscout.com,reconstructed operational history (explorer indexed the day); live SLA metric is head-block age
2025-09-01,blockscout,fevm-mainnet-explorer-blockscout,daily_indexed_transactions,103891.0,>,0,pass,backfill:filecoin.blockscout.com,reconstructed operational history (explorer indexed the day); live SLA metric is head-block age
2025-09-02,blockscout,fevm-mainnet-explorer-blockscout,daily_indexed_transactions,105186.0,>,0,pass,backfill:filecoin.blockscout.com,reconstructed operational history (explorer indexed the day); live SLA metric is head-block age
2025-09-03,blockscout,fevm-mainnet-explorer-blockscout,daily_indexed_transactions,108489.0,>,0,pass,backfill:filecoin.blockscout.com,reconstructed operational history (explorer indexed the day); live SLA metric is head-block age
2025-09-04,blockscout,fevm-mainnet-explorer-blockscout,daily_indexed_transactions,120091.0,>,0,pass,backfill:filecoin.blockscout.com,reconstructed operational history (explorer indexed the day); live SLA metric is head-block age
2025-09-05,blockscout,fevm-mainnet-explorer-blockscout,daily_indexed_transactions,143960.0,>,0,pass,backfill:filecoin.blockscout.com,reconstructed operational history (explorer indexed the day); live SLA metric is head-block age
2025-09-06,blockscout,fevm-mainnet-explorer-blockscout,daily_indexed_transactions,132917.0,>,0,pass,backfill:filecoin.blockscout.com,reconstructed operational history (explorer indexed the day); live SLA metric is head-block age
2025-09-07,blockscout,fevm-mainnet-explorer-blockscout,daily_indexed_transactions,90747.0,>,0,pass,backfill:filecoin.blockscout.com,reconstructed operational history (explorer indexed the day); live SLA metric is head-block age
2025-09-08,blockscout,fevm-mainnet-explorer-blockscout,daily_indexed_transactions,94522.0,>,0,pass,backfill:filecoin.blockscout.com,reconstructed operational history (explorer indexed the day); live SLA metric is head-block age
2025-09-09,blockscout,fevm-mainnet-explorer-blockscout,daily_indexed_transactions,101619.0,>,0,pass,backfill:filecoin.blockscout.com,reconstructed operational history (explorer indexed the day); live SLA metric is head-block age
2025-09-10,blockscout,fevm-mainnet-explorer-blockscout,daily_indexed_transactions,113199.0,>,0,pass,backfill:filecoin.blockscout.com,reconstructed operational history (explorer indexed the day); live SLA metric is head-block age
2025-09-11,blockscout,fevm-mainnet-explorer-blockscout,daily_indexed_transactions,126593.0,>,0,pass,backfill:filecoin.blockscout.com,reconstructed operational history (explorer indexed the day); live SLA metric is head-block age
2025-09-12,blockscout,fevm-mainnet-explorer-blockscout,daily_indexed_transactions,154311.0,>,0,pass,backfill:filecoin.blockscout.com,reconstructed operational history (explorer indexed the day); live SLA metric is head-block age
2025-09-13,blockscout,fevm-mainnet-explorer-blockscout,daily_indexed_transactions,184294.0,>,0,pass,backfill:filecoin.blockscout.com,reconstructed operational history (explorer indexed the day); live SLA metric is head-block age
2025-09-14,blockscout,fevm-mainnet-explorer-blockscout,daily_indexed_transactions,159782.0,>,0,pass,backfill:filecoin.blockscout.com,reconstructed operational history (explorer indexed the day); live SLA metric is head-block age
2025-09-15,blockscout,fevm-mainnet-explorer-blockscout,daily_indexed_transactions,168563.0,>,0,pass,backfill:filecoin.blockscout.com,reconstructed operational history (explorer indexed the day); live SLA metric is head-block age
2025-09-16,blockscout,fevm-mainnet-explorer-blockscout,daily_indexed_transactions,181097.0,>,0,pass,backfill:filecoin.blockscout.com,reconstructed operational history (explorer indexed the day); live SLA metric is head-block age
2025-09-17,blockscout,fevm-mainnet-explorer-blockscout,daily_indexed_transactions,176222.0,>,0,pass,backfill:filecoin.blockscout.com,reconstructed operational history (explorer indexed the day); live SLA metric is head-block age
2025-09-18,blockscout,fevm-mainnet-explorer-blockscout,daily_indexed_transactions,164917.0,>,0,pass,backfill:filecoin.blockscout.com,reconstructed operational history (explorer indexed the day); live SLA metric is head-block age
2025-09-19,blockscout,fevm-mainnet-explorer-blockscout,daily_indexed_transactions,157218.0,>,0,pass,backfill:filecoin.blockscout.com,reconstructed operational history (explorer indexed the day); live SLA metric is head-block age
2025-09-20,blockscout,fevm-mainnet-explorer-blockscout,daily_indexed_transactions,146940.0,>,0,pass,backfill:filecoin.blockscout.com,reconstructed operational history (explorer indexed the day); live SLA metric is head-block age
2025-09-21,blockscout,fevm-mainnet-explorer-blockscout,daily_indexed_transactions,132105.0,>,0,pass,backfill:filecoin.blockscout.com,reconstructed operational history (explorer indexed the day); live SLA metric is head-block age
2025-09-22,blockscout,fevm-mainnet-explorer-blockscout,daily_indexed_transactions,142260.0,>,0,pass,backfill:filecoin.blockscout.com,reconstructed operational history (explorer indexed the day); live SLA metric is head-block age
2025-09-23,blockscout,fevm-mainnet-explorer-blockscout,daily_indexed_transactions,151461.0,>,0,pass,backfill:filecoin.blockscout.com,reconstructed operational history (explorer indexed the day); live SLA metric is head-block age
2025-09-24,blockscout,fevm-mainnet-explorer-blockscout,daily_indexed_transactions,142474.0,>,0,pass,backfill:filecoin.blockscout.com,reconstructed operational history (explorer indexed the day); live SLA metric is head-block age
2025-09-25,blockscout,fevm-mainnet-explorer-blockscout,daily_indexed_transactions,117124.0,>,0,pass,backfill:filecoin.blockscout.com,reconstructed operational history (explorer indexed the day); live SLA metric is head-block age
2025-09-26,blockscout,fevm-mainnet-explorer-blockscout,daily_indexed_transactions,116148.0,>,0,pass,backfill:filecoin.blockscout.com,reconstructed operational history (explorer indexed the day); live SLA metric is head-block age
2025-09-27,blockscout,fevm-mainnet-explorer-blockscout,daily_indexed_transactions,115892.0,>,0,pass,backfill:filecoin.blockscout.com,reconstructed operational history (explorer indexed the day); live SLA metric is head-block age
2025-09-28,blockscout,fevm-mainnet-explorer-blockscout,daily_indexed_transactions,105096.0,>,0,pass,backfill:filecoin.blockscout.com,reconstructed operational history (explorer indexed the day); live SLA metric is head-block age
2025-09-29,blockscout,fevm-mainnet-explorer-blockscout,daily_indexed_transactions,160177.0,>,0,pass,backfill:filecoin.blockscout.com,reconstructed operational history (explorer indexed the day); live SLA metric is head-block age
2025-09-30,blockscout,fevm-mainnet-explorer-blockscout,daily_indexed_transactions,153579.0,>,0,pass,backfill:filecoin.blockscout.com,reconstructed operational history (explorer indexed the day); live SLA metric is head-block age
2025-10-01,blockscout,fevm-mainnet-explorer-blockscout,daily_indexed_transactions,152638.0,>,0,pass,backfill:filecoin.blockscout.com,reconstructed operational history (explorer indexed the day); live SLA metric is head-block age
2025-10-02,blockscout,fevm-mainnet-explorer-blockscout,daily_indexed_transactions,141545.0,>,0,pass,backfill:filecoin.blockscout.com,reconstructed operational history (explorer indexed the day); live SLA metric is head-block age
2025-10-03,blockscout,fevm-mainnet-explorer-blockscout,daily_indexed_transactions,141683.0,>,0,pass,backfill:filecoin.blockscout.com,reconstructed operational history (explorer indexed the day); live SLA metric is head-block age
2025-10-04,blockscout,fevm-mainnet-explorer-blockscout,daily_indexed_transactions,146953.0,>,0,pass,backfill:filecoin.blockscout.com,reconstructed operational history (explorer indexed the day); live SLA metric is head-block age
2025-10-05,blockscout,fevm-mainnet-explorer-blockscout,daily_indexed_transactions,143174.0,>,0,pass,backfill:filecoin.blockscout.com,reconstructed operational history (explorer indexed the day); live SLA metric is head-block age
2025-10-06,blockscout,fevm-mainnet-explorer-blockscout,daily_indexed_transactions,150478.0,>,0,pass,backfill:filecoin.blockscout.com,reconstructed operational history (explorer indexed the day); live SLA metric is head-block age
2025-10-07,blockscout,fevm-mainnet-explorer-blockscout,daily_indexed_transactions,151759.0,>,0,pass,backfill:filecoin.blockscout.com,reconstructed operational history (explorer indexed the day); live SLA metric is head-block age
2025-10-08,blockscout,fevm-mainnet-explorer-blockscout,daily_indexed_transactions,168762.0,>,0,pass,backfill:filecoin.blockscout.com,reconstructed operational history (explorer indexed the day); live SLA metric is head-block age
2025-10-09,blockscout,fevm-mainnet-explorer-blockscout,daily_indexed_transactions,166083.0,>,0,pass,backfill:filecoin.blockscout.com,reconstructed operational history (explorer indexed the day); live SLA metric is head-block age
2025-10-10,blockscout,fevm-mainnet-explorer-blockscout,daily_indexed_transactions,175944.0,>,0,pass,backfill:filecoin.blockscout.com,reconstructed operational history (explorer indexed the day); live SLA metric is head-block age
2025-10-11,blockscout,fevm-mainnet-explorer-blockscout,daily_indexed_transactions,184584.0,>,0,pass,backfill:filecoin.blockscout.com,reconstructed operational history (explorer indexed the day); live SLA metric is head-block age
2025-10-12,blockscout,fevm-mainnet-explorer-blockscout,daily_indexed_transactions,180861.0,>,0,pass,backfill:filecoin.blockscout.com,reconstructed operational history (explorer indexed the day); live SLA metric is head-block age
2025-10-13,blockscout,fevm-mainnet-explorer-blockscout,daily_indexed_transactions,169336.0,>,0,pass,backfill:filecoin.blockscout.com,reconstructed operational history (explorer indexed the day); live SLA metric is head-block age
2025-10-14,blockscout,fevm-mainnet-explorer-blockscout,daily_indexed_transactions,179273.0,>,0,pass,backfill:filecoin.blockscout.com,reconstructed operational history (explorer indexed the day); live SLA metric is head-block age
2025-10-15,blockscout,fevm-mainnet-explorer-blockscout,daily_indexed_transactions,177804.0,>,0,pass,backfill:filecoin.blockscout.com,reconstructed operational history (explorer indexed the day); live SLA metric is head-block age
2025-10-16,blockscout,fevm-mainnet-explorer-blockscout,daily_indexed_transactions,194773.0,>,0,pass,backfill:filecoin.blockscout.com,reconstructed operational history (explorer indexed the day); live SLA metric is head-block age
2025-10-17,blockscout,fevm-mainnet-explorer-blockscout,daily_indexed_transactions,172559.0,>,0,pass,backfill:filecoin.blockscout.com,reconstructed operational history (explorer indexed the day); live SLA metric is head-block age
2025-10-18,blockscout,fevm-mainnet-explorer-blockscout,daily_indexed_transactions,153942.0,>,0,pass,backfill:filecoin.blockscout.com,reconstructed operational history (explorer indexed the day); live SLA metric is head-block age
2025-10-19,blockscout,fevm-mainnet-explorer-blockscout,daily_indexed_transactions,141638.0,>,0,pass,backfill:filecoin.blockscout.com,reconstructed operational history (explorer indexed the day); live SLA metric is head-block age
2025-10-20,blockscout,fevm-mainnet-explorer-blockscout,daily_indexed_transactions,129004.0,>,0,pass,backfill:filecoin.blockscout.com,reconstructed operational history (explorer indexed the day); live SLA metric is head-block age
2025-10-21,blockscout,fevm-mainnet-explorer-blockscout,daily_indexed_transactions,123777.0,>,0,pass,backfill:filecoin.blockscout.com,reconstructed operational history (explorer indexed the day); live SLA metric is head-block age
2025-10-22,blockscout,fevm-mainnet-explorer-blockscout,daily_indexed_transactions,106613.0,>,0,pass,backfill:filecoin.blockscout.com,reconstructed operational history (explorer indexed the day); live SLA metric is head-block age
2025-10-23,blockscout,fevm-mainnet-explorer-blockscout,daily_indexed_transactions,98309.0,>,0,pass,backfill:filecoin.blockscout.com,reconstructed operational history (explorer indexed the day); live SLA metric is head-block age
2025-10-24,blockscout,fevm-mainnet-explorer-blockscout,daily_indexed_transactions,122438.0,>,0,pass,backfill:filecoin.blockscout.com,reconstructed operational history (explorer indexed the day); live SLA metric is head-block age
2025-10-25,blockscout,fevm-mainnet-explorer-blockscout,daily_indexed_transactions,119176.0,>,0,pass,backfill:filecoin.blockscout.com,reconstructed operational history (explorer indexed the day); live SLA metric is head-block age
2025-10-26,blockscout,fevm-mainnet-explorer-blockscout,daily_indexed_transactions,82995.0,>,0,pass,backfill:filecoin.blockscout.com,reconstructed operational history (explorer indexed the day); live SLA metric is head-block age
2025-10-27,blockscout,fevm-mainnet-explorer-blockscout,daily_indexed_transactions,89237.0,>,0,pass,backfill:filecoin.blockscout.com,reconstructed operational history (explorer indexed the day); live SLA metric is head-block age
2025-10-28,blockscout,fevm-mainnet-explorer-blockscout,daily_indexed_transactions,85371.0,>,0,pass,backfill:filecoin.blockscout.com,reconstructed operational history (explorer indexed the day); live SLA metric is head-block age
2025-10-29,blockscout,fevm-mainnet-explorer-blockscout,daily_indexed_transactions,89999.0,>,0,pass,backfill:filecoin.blockscout.com,reconstructed operational history (explorer indexed the day); live SLA metric is head-block age
2025-10-30,blockscout,fevm-mainnet-explorer-blockscout,daily_indexed_transactions,115189.0,>,0,pass,backfill:filecoin.blockscout.com,reconstructed operational history (explorer indexed the day); live SLA metric is head-block age
2025-10-31,blockscout,fevm-mainnet-explorer-blockscout,daily_indexed_transactions,111578.0,>,0,pass,backfill:filecoin.blockscout.com,reconstructed operational history (explorer indexed the day); live SLA metric is head-block age
2025-11-01,blockscout,fevm-mainnet-explorer-blockscout,daily_indexed_transactions,109123.0,>,0,pass,backfill:filecoin.blockscout.com,reconstructed operational history (explorer indexed the day); live SLA metric is head-block age
2025-11-02,blockscout,fevm-mainnet-explorer-blockscout,daily_indexed_transactions,104933.0,>,0,pass,backfill:filecoin.blockscout.com,reconstructed operational history (explorer indexed the day); live SLA metric is head-block age
2025-11-03,blockscout,fevm-mainnet-explorer-blockscout,daily_indexed_transactions,103729.0,>,0,pass,backfill:filecoin.blockscout.com,reconstructed operational history (explorer indexed the day); live SLA metric is head-block age
2025-11-04,blockscout,fevm-mainnet-explorer-blockscout,daily_indexed_transactions,110451.0,>,0,pass,backfill:filecoin.blockscout.com,reconstructed operational history (explorer indexed the day); live SLA metric is head-block age
2025-11-05,blockscout,fevm-mainnet-explorer-blockscout,daily_indexed_transactions,113124.0,>,0,pass,backfill:filecoin.blockscout.com,reconstructed operational history (explorer indexed the day); live SLA metric is head-block age
2025-11-06,blockscout,fevm-mainnet-explorer-blockscout,daily_indexed_transactions,122105.0,>,0,pass,backfill:filecoin.blockscout.com,reconstructed operational history (explorer indexed the day); live SLA metric is head-block age
2025-11-07,blockscout,fevm-mainnet-explorer-blockscout,daily_indexed_transactions,146095.0,>,0,pass,backfill:filecoin.blockscout.com,reconstructed operational history (explorer indexed the day); live SLA metric is head-block age
2025-11-08,blockscout,fevm-mainnet-explorer-blockscout,daily_indexed_transactions,160171.0,>,0,pass,backfill:filecoin.blockscout.com,reconstructed operational history (explorer indexed the day); live SLA metric is head-block age
2025-11-09,blockscout,fevm-mainnet-explorer-blockscout,daily_indexed_transactions,143284.0,>,0,pass,backfill:filecoin.blockscout.com,reconstructed operational history (explorer indexed the day); live SLA metric is head-block age
2025-11-10,blockscout,fevm-mainnet-explorer-blockscout,daily_indexed_transactions,130386.0,>,0,pass,backfill:filecoin.blockscout.com,reconstructed operational history (explorer indexed the day); live SLA metric is head-block age
2025-11-11,blockscout,fevm-mainnet-explorer-blockscout,daily_indexed_transactions,82095.0,>,0,pass,backfill:filecoin.blockscout.com,reconstructed operational history (explorer indexed the day); live SLA metric is head-block age
2025-11-12,blockscout,fevm-mainnet-explorer-blockscout,daily_indexed_transactions,125081.0,>,0,pass,backfill:filecoin.blockscout.com,reconstructed operational history (explorer indexed the day); live SLA metric is head-block age
2025-11-13,blockscout,fevm-mainnet-explorer-blockscout,daily_indexed_transactions,130594.0,>,0,pass,backfill:filecoin.blockscout.com,reconstructed operational history (explorer indexed the day); live SLA metric is head-block age
2025-11-14,blockscout,fevm-mainnet-explorer-blockscout,daily_indexed_transactions,141525.0,>,0,pass,backfill:filecoin.blockscout.com,reconstructed operational history (explorer indexed the day); live SLA metric is head-block age
2025-11-15,blockscout,fevm-mainnet-explorer-blockscout,daily_indexed_transactions,132180.0,>,0,pass,backfill:filecoin.blockscout.com,reconstructed operational history (explorer indexed the day); live SLA metric is head-block age
2025-11-16,blockscout,fevm-mainnet-explorer-blockscout,daily_indexed_transactions,112048.0,>,0,pass,backfill:filecoin.blockscout.com,reconstructed operational history (explorer indexed the day); live SLA metric is head-block age
2025-11-17,blockscout,fevm-mainnet-explorer-blockscout,daily_indexed_transactions,126247.0,>,0,pass,backfill:filecoin.blockscout.com,reconstructed operational history (explorer indexed the day); live SLA metric is head-block age
2025-11-18,blockscout,fevm-mainnet-explorer-blockscout,daily_indexed_transactions,143103.0,>,0,pass,backfill:filecoin.blockscout.com,reconstructed operational history (explorer indexed the day); live SLA metric is head-block age
2025-11-19,blockscout,fevm-mainnet-explorer-blockscout,daily_indexed_transactions,121596.0,>,0,pass,backfill:filecoin.blockscout.com,reconstructed operational history (explorer indexed the day); live SLA metric is head-block age
2025-11-20,blockscout,fevm-mainnet-explorer-blockscout,daily_indexed_transactions,141080.0,>,0,pass,backfill:filecoin.blockscout.com,reconstructed operational history (explorer indexed the day); live SLA metric is head-block age
2025-11-21,blockscout,fevm-mainnet-explorer-blockscout,daily_indexed_transactions,146955.0,>,0,pass,backfill:filecoin.blockscout.com,reconstructed operational history (explorer indexed the day); live SLA metric is head-block age
2025-11-22,blockscout,fevm-mainnet-explorer-blockscout,daily_indexed_transactions,133963.0,>,0,pass,backfill:filecoin.blockscout.com,reconstructed operational history (explorer indexed the day); live SLA metric is head-block age
2025-11-23,blockscout,fevm-mainnet-explorer-blockscout,daily_indexed_transactions,130801.0,>,0,pass,backfill:filecoin.blockscout.com,reconstructed operational history (explorer indexed the day); live SLA metric is head-block age
2025-11-24,blockscout,fevm-mainnet-explorer-blockscout,daily_indexed_transactions,116571.0,>,0,pass,backfill:filecoin.blockscout.com,reconstructed operational history (explorer indexed the day); live SLA metric is head-block age
2025-11-25,blockscout,fevm-mainnet-explorer-blockscout,daily_indexed_transactions,123529.0,>,0,pass,backfill:filecoin.blockscout.com,reconstructed operational history (explorer indexed the day); live SLA metric is head-block age
2025-11-26,blockscout,fevm-mainnet-explorer-blockscout,daily_indexed_transactions,147196.0,>,0,pass,backfill:filecoin.blockscout.com,reconstructed operational history (explorer indexed the day); live SLA metric is head-block age
2025-11-27,blockscout,fevm-mainnet-explorer-blockscout,daily_indexed_transactions,126003.0,>,0,pass,backfill:filecoin.blockscout.com,reconstructed operational history (explorer indexed the day); live SLA metric is head-block age
2025-11-28,blockscout,fevm-mainnet-explorer-blockscout,daily_indexed_transactions,126493.0,>,0,pass,backfill:filecoin.blockscout.com,reconstructed operational history (explorer indexed the day); live SLA metric is head-block age
2025-11-29,blockscout,fevm-mainnet-explorer-blockscout,daily_indexed_transactions,142597.0,>,0,pass,backfill:filecoin.blockscout.com,reconstructed operational history (explorer indexed the day); live SLA metric is head-block age
2025-11-30,blockscout,fevm-mainnet-explorer-blockscout,daily_indexed_transactions,115080.0,>,0,pass,backfill:filecoin.blockscout.com,reconstructed operational history (explorer indexed the day); live SLA metric is head-block age
2025-12-01,blockscout,fevm-mainnet-explorer-blockscout,daily_indexed_transactions,168446.0,>,0,pass,backfill:filecoin.blockscout.com,reconstructed operational history (explorer indexed the day); live SLA metric is head-block age
2025-12-02,blockscout,fevm-mainnet-explorer-blockscout,daily_indexed_transactions,136208.0,>,0,pass,backfill:filecoin.blockscout.com,reconstructed operational history (explorer indexed the day); live SLA metric is head-block age
2025-12-03,blockscout,fevm-mainnet-explorer-blockscout,daily_indexed_transactions,136269.0,>,0,pass,backfill:filecoin.blockscout.com,reconstructed operational history (explorer indexed the day); live SLA metric is head-block age
2025-12-04,blockscout,fevm-mainnet-explorer-blockscout,daily_indexed_transactions,132261.0,>,0,pass,backfill:filecoin.blockscout.com,reconstructed operational history (explorer indexed the day); live SLA metric is head-block age
2025-12-05,blockscout,fevm-mainnet-explorer-blockscout,daily_indexed_transactions,126657.0,>,0,pass,backfill:filecoin.blockscout.com,reconstructed operational history (explorer indexed the day); live SLA metric is head-block age
2025-12-06,blockscout,fevm-mainnet-explorer-blockscout,daily_indexed_transactions,125767.0,>,0,pass,backfill:filecoin.blockscout.com,reconstructed operational history (explorer indexed the day); live SLA metric is head-block age
2025-12-07,blockscout,fevm-mainnet-explorer-blockscout,daily_indexed_transactions,112538.0,>,0,pass,backfill:filecoin.blockscout.com,reconstructed operational history (explorer indexed the day); live SLA metric is head-block age
2025-12-08,blockscout,fevm-mainnet-explorer-blockscout,daily_indexed_transactions,145314.0,>,0,pass,backfill:filecoin.blockscout.com,reconstructed operational history (explorer indexed the day); live SLA metric is head-block age
2025-12-09,blockscout,fevm-mainnet-explorer-blockscout,daily_indexed_transactions,157008.0,>,0,pass,backfill:filecoin.blockscout.com,reconstructed operational history (explorer indexed the day); live SLA metric is head-block age
2025-12-10,blockscout,fevm-mainnet-explorer-blockscout,daily_indexed_transactions,124005.0,>,0,pass,backfill:filecoin.blockscout.com,reconstructed operational history (explorer indexed the day); live SLA metric is head-block age
2025-12-11,blockscout,fevm-mainnet-explorer-blockscout,daily_indexed_transactions,130892.0,>,0,pass,backfill:filecoin.blockscout.com,reconstructed operational history (explorer indexed the day); live SLA metric is head-block age
2025-12-12,blockscout,fevm-mainnet-explorer-blockscout,daily_indexed_transactions,124134.0,>,0,pass,backfill:filecoin.blockscout.com,reconstructed operational history (explorer indexed the day); live SLA metric is head-block age
2025-12-13,blockscout,fevm-mainnet-explorer-blockscout,daily_indexed_transactions,126988.0,>,0,pass,backfill:filecoin.blockscout.com,reconstructed operational history (explorer indexed the day); live SLA metric is head-block age
2025-12-14,blockscout,fevm-mainnet-explorer-blockscout,daily_indexed_transactions,117092.0,>,0,pass,backfill:filecoin.blockscout.com,reconstructed operational history (explorer indexed the day); live SLA metric is head-block age
2025-12-15,blockscout,fevm-mainnet-explorer-blockscout,daily_indexed_transactions,119528.0,>,0,pass,backfill:filecoin.blockscout.com,reconstructed operational history (explorer indexed the day); live SLA metric is head-block age
2025-12-16,blockscout,fevm-mainnet-explorer-blockscout,daily_indexed_transactions,126787.0,>,0,pass,backfill:filecoin.blockscout.com,reconstructed operational history (explorer indexed the day); live SLA metric is head-block age
2025-12-17,blockscout,fevm-mainnet-explorer-blockscout,daily_indexed_transactions,127036.0,>,0,pass,backfill:filecoin.blockscout.com,reconstructed operational history (explorer indexed the day); live SLA metric is head-block age
2025-12-18,blockscout,fevm-mainnet-explorer-blockscout,daily_indexed_transactions,128248.0,>,0,pass,backfill:filecoin.blockscout.com,reconstructed operational history (explorer indexed the day); live SLA metric is head-block age
2025-12-19,blockscout,fevm-mainnet-explorer-blockscout,daily_indexed_transactions,102274.0,>,0,pass,backfill:filecoin.blockscout.com,reconstructed operational history (explorer indexed the day); live SLA metric is head-block age
2025-12-20,blockscout,fevm-mainnet-explorer-blockscout,daily_indexed_transactions,0.0,>,0,fail,backfill:filecoin.blockscout.com,reconstructed operational history (explorer indexed the day); live SLA metric is head-block age
2025-12-21,blockscout,fevm-mainnet-explorer-blockscout,daily_indexed_transactions,0.0,>,0,fail,backfill:filecoin.blockscout.com,reconstructed operational history (explorer indexed the day); live SLA metric is head-block age
2025-12-22,blockscout,fevm-mainnet-explorer-blockscout,daily_indexed_transactions,123339.0,>,0,pass,backfill:filecoin.blockscout.com,reconstructed operational history (explorer indexed the day); live SLA metric is head-block age
2025-12-23,blockscout,fevm-mainnet-explorer-blockscout,daily_indexed_transactions,118174.0,>,0,pass,backfill:filecoin.blockscout.com,reconstructed operational history (explorer indexed the day); live SLA metric is head-block age
2025-12-24,blockscout,fevm-mainnet-explorer-blockscout,daily_indexed_transactions,125230.0,>,0,pass,backfill:filecoin.blockscout.com,reconstructed operational history (explorer indexed the day); live SLA metric is head-block age
2025-12-25,blockscout,fevm-mainnet-explorer-blockscout,daily_indexed_transactions,114736.0,>,0,pass,backfill:filecoin.blockscout.com,reconstructed operational history (explorer indexed the day); live SLA metric is head-block age
2025-12-26,blockscout,fevm-mainnet-explorer-blockscout,daily_indexed_transactions,117080.0,>,0,pass,backfill:filecoin.blockscout.com,reconstructed operational history (explorer indexed the day); live SLA metric is head-block age
2025-12-27,blockscout,fevm-mainnet-explorer-blockscout,daily_indexed_transactions,110500.0,>,0,pass,backfill:filecoin.blockscout.com,reconstructed operational history (explorer indexed the day); live SLA metric is head-block age
2025-12-28,blockscout,fevm-mainnet-explorer-blockscout,daily_indexed_transactions,114499.0,>,0,pass,backfill:filecoin.blockscout.com,reconstructed operational history (explorer indexed the day); live SLA metric is head-block age
2025-12-29,blockscout,fevm-mainnet-explorer-blockscout,daily_indexed_transactions,120117.0,>,0,pass,backfill:filecoin.blockscout.com,reconstructed operational history (explorer indexed the day); live SLA metric is head-block age
2025-12-30,blockscout,fevm-mainnet-explorer-blockscout,daily_indexed_transactions,113093.0,>,0,pass,backfill:filecoin.blockscout.com,reconstructed operational history (explorer indexed the day); live SLA metric is head-block age
2025-12-31,blockscout,fevm-mainnet-explorer-blockscout,daily_indexed_transactions,75068.0,>,0,pass,backfill:filecoin.blockscout.com,reconstructed operational history (explorer indexed the day); live SLA metric is head-block age
2026-01-01,blockscout,fevm-mainnet-explorer-blockscout,daily_indexed_transactions,72409.0,>,0,pass,backfill:filecoin.blockscout.com,reconstructed operational history (explorer indexed the day); live SLA metric is head-block age
2026-01-02,blockscout,fevm-mainnet-explorer-blockscout,daily_indexed_transactions,73263.0,>,0,pass,backfill:filecoin.blockscout.com,reconstructed operational history (explorer indexed the day); live SLA metric is head-block age
2026-01-03,blockscout,fevm-mainnet-explorer-blockscout,daily_indexed_transactions,69732.0,>,0,pass,backfill:filecoin.blockscout.com,reconstructed operational history (explorer indexed the day); live SLA metric is head-block age
2026-01-04,blockscout,fevm-mainnet-explorer-blockscout,daily_indexed_transactions,69532.0,>,0,pass,backfill:filecoin.blockscout.com,reconstructed operational history (explorer indexed the day); live SLA metric is head-block age
2026-01-05,blockscout,fevm-mainnet-explorer-blockscout,daily_indexed_transactions,76346.0,>,0,pass,backfill:filecoin.blockscout.com,reconstructed operational history (explorer indexed the day); live SLA metric is head-block age
2026-01-06,blockscout,fevm-mainnet-explorer-blockscout,daily_indexed_transactions,74848.0,>,0,pass,backfill:filecoin.blockscout.com,reconstructed operational history (explorer indexed the day); live SLA metric is head-block age
2026-01-07,blockscout,fevm-mainnet-explorer-blockscout,daily_indexed_transactions,75472.0,>,0,pass,backfill:filecoin.blockscout.com,reconstructed operational history (explorer indexed the day); live SLA metric is head-block age
2026-01-08,blockscout,fevm-mainnet-explorer-blockscout,daily_indexed_transactions,68935.0,>,0,pass,backfill:filecoin.blockscout.com,reconstructed operational history (explorer indexed the day); live SLA metric is head-block age
2026-01-09,blockscout,fevm-mainnet-explorer-blockscout,daily_indexed_transactions,71495.0,>,0,pass,backfill:filecoin.blockscout.com,reconstructed operational history (explorer indexed the day); live SLA metric is head-block age
2026-01-10,blockscout,fevm-mainnet-explorer-blockscout,daily_indexed_transactions,68268.0,>,0,pass,backfill:filecoin.blockscout.com,reconstructed operational history (explorer indexed the day); live SLA metric is head-block age
2026-01-11,blockscout,fevm-mainnet-explorer-blockscout,daily_indexed_transactions,65451.0,>,0,pass,backfill:filecoin.blockscout.com,reconstructed operational history (explorer indexed the day); live SLA metric is head-block age
2026-01-12,blockscout,fevm-mainnet-explorer-blockscout,daily_indexed_transactions,135479.0,>,0,pass,backfill:filecoin.blockscout.com,reconstructed operational history (explorer indexed the day); live SLA metric is head-block age
2026-01-13,blockscout,fevm-mainnet-explorer-blockscout,daily_indexed_transactions,127276.0,>,0,pass,backfill:filecoin.blockscout.com,reconstructed operational history (explorer indexed the day); live SLA metric is head-block age
2026-01-14,blockscout,fevm-mainnet-explorer-blockscout,daily_indexed_transactions,88719.0,>,0,pass,backfill:filecoin.blockscout.com,reconstructed operational history (explorer indexed the day); live SLA metric is head-block age
2026-01-15,blockscout,fevm-mainnet-explorer-blockscout,daily_indexed_transactions,73605.0,>,0,pass,backfill:filecoin.blockscout.com,reconstructed operational history (explorer indexed the day); live SLA metric is head-block age
2026-01-16,blockscout,fevm-mainnet-explorer-blockscout,daily_indexed_transactions,62505.0,>,0,pass,backfill:filecoin.blockscout.com,reconstructed operational history (explorer indexed the day); live SLA metric is head-block age
2026-01-17,blockscout,fevm-mainnet-explorer-blockscout,daily_indexed_transactions,62372.0,>,0,pass,backfill:filecoin.blockscout.com,reconstructed operational history (explorer indexed the day); live SLA metric is head-block age
2026-01-18,blockscout,fevm-mainnet-explorer-blockscout,daily_indexed_transactions,60110.0,>,0,pass,backfill:filecoin.blockscout.com,reconstructed operational history (explorer indexed the day); live SLA metric is head-block age
2026-01-19,blockscout,fevm-mainnet-explorer-blockscout,daily_indexed_transactions,65298.0,>,0,pass,backfill:filecoin.blockscout.com,reconstructed operational history (explorer indexed the day); live SLA metric is head-block age
2026-01-20,blockscout,fevm-mainnet-explorer-blockscout,daily_indexed_transactions,64170.0,>,0,pass,backfill:filecoin.blockscout.com,reconstructed operational history (explorer indexed the day); live SLA metric is head-block age
2026-01-21,blockscout,fevm-mainnet-explorer-blockscout,daily_indexed_transactions,71437.0,>,0,pass,backfill:filecoin.blockscout.com,reconstructed operational history (explorer indexed the day); live SLA metric is head-block age
2026-01-22,blockscout,fevm-mainnet-explorer-blockscout,daily_indexed_transactions,61876.0,>,0,pass,backfill:filecoin.blockscout.com,reconstructed operational history (explorer indexed the day); live SLA metric is head-block age
2026-01-23,blockscout,fevm-mainnet-explorer-blockscout,daily_indexed_transactions,66048.0,>,0,pass,backfill:filecoin.blockscout.com,reconstructed operational history (explorer indexed the day); live SLA metric is head-block age
2026-01-24,blockscout,fevm-mainnet-explorer-blockscout,daily_indexed_transactions,52349.0,>,0,pass,backfill:filecoin.blockscout.com,reconstructed operational history (explorer indexed the day); live SLA metric is head-block age
2026-01-25,blockscout,fevm-mainnet-explorer-blockscout,daily_indexed_transactions,48690.0,>,0,pass,backfill:filecoin.blockscout.com,reconstructed operational history (explorer indexed the day); live SLA metric is head-block age
2026-01-26,blockscout,fevm-mainnet-explorer-blockscout,daily_indexed_transactions,56797.0,>,0,pass,backfill:filecoin.blockscout.com,reconstructed operational history (explorer indexed the day); live SLA metric is head-block age
2026-01-27,blockscout,fevm-mainnet-explorer-blockscout,daily_indexed_transactions,54081.0,>,0,pass,backfill:filecoin.blockscout.com,reconstructed operational history (explorer indexed the day); live SLA metric is head-block age
2026-01-28,blockscout,fevm-mainnet-explorer-blockscout,daily_indexed_transactions,81411.0,>,0,pass,backfill:filecoin.blockscout.com,reconstructed operational history (explorer indexed the day); live SLA metric is head-block age
2026-01-29,blockscout,fevm-mainnet-explorer-blockscout,daily_indexed_transactions,80523.0,>,0,pass,backfill:filecoin.blockscout.com,reconstructed operational history (explorer indexed the day); live SLA metric is head-block age
2026-01-30,blockscout,fevm-mainnet-explorer-blockscout,daily_indexed_transactions,79112.0,>,0,pass,backfill:filecoin.blockscout.com,reconstructed operational history (explorer indexed the day); live SLA metric is head-block age
2026-01-31,blockscout,fevm-mainnet-explorer-blockscout,daily_indexed_transactions,71373.0,>,0,pass,backfill:filecoin.blockscout.com,reconstructed operational history (explorer indexed the day); live SLA metric is head-block age
2026-02-01,blockscout,fevm-mainnet-explorer-blockscout,daily_indexed_transactions,72657.0,>,0,pass,backfill:filecoin.blockscout.com,reconstructed operational history (explorer indexed the day); live SLA metric is head-block age
2026-02-02,blockscout,fevm-mainnet-explorer-blockscout,daily_indexed_transactions,69917.0,>,0,pass,backfill:filecoin.blockscout.com,reconstructed operational history (explorer indexed the day); live SLA metric is head-block age
2026-02-03,blockscout,fevm-mainnet-explorer-blockscout,daily_indexed_transactions,69840.0,>,0,pass,backfill:filecoin.blockscout.com,reconstructed operational history (explorer indexed the day); live SLA metric is head-block age
2026-02-04,blockscout,fevm-mainnet-explorer-blockscout,daily_indexed_transactions,72715.0,>,0,pass,backfill:filecoin.blockscout.com,reconstructed operational history (explorer indexed the day); live SLA metric is head-block age
2026-02-05,blockscout,fevm-mainnet-explorer-blockscout,daily_indexed_transactions,82490.0,>,0,pass,backfill:filecoin.blockscout.com,reconstructed operational history (explorer indexed the day); live SLA metric is head-block age
2026-02-06,blockscout,fevm-mainnet-explorer-blockscout,daily_indexed_transactions,74476.0,>,0,pass,backfill:filecoin.blockscout.com,reconstructed operational history (explorer indexed the day); live SLA metric is head-block age
2026-02-07,blockscout,fevm-mainnet-explorer-blockscout,daily_indexed_transactions,70601.0,>,0,pass,backfill:filecoin.blockscout.com,reconstructed operational history (explorer indexed the day); live SLA metric is head-block age
2026-02-08,blockscout,fevm-mainnet-explorer-blockscout,daily_indexed_transactions,68151.0,>,0,pass,backfill:filecoin.blockscout.com,reconstructed operational history (explorer indexed the day); live SLA metric is head-block age
2026-02-09,blockscout,fevm-mainnet-explorer-blockscout,daily_indexed_transactions,77377.0,>,0,pass,backfill:filecoin.blockscout.com,reconstructed operational history (explorer indexed the day); live SLA metric is head-block age
2026-02-10,blockscout,fevm-mainnet-explorer-blockscout,daily_indexed_transactions,75433.0,>,0,pass,backfill:filecoin.blockscout.com,reconstructed operational history (explorer indexed the day); live SLA metric is head-block age
2026-02-11,blockscout,fevm-mainnet-explorer-blockscout,daily_indexed_transactions,70482.0,>,0,pass,backfill:filecoin.blockscout.com,reconstructed operational history (explorer indexed the day); live SLA metric is head-block age
2026-02-12,blockscout,fevm-mainnet-explorer-blockscout,daily_indexed_transactions,73273.0,>,0,pass,backfill:filecoin.blockscout.com,reconstructed operational history (explorer indexed the day); live SLA metric is head-block age
2026-02-13,blockscout,fevm-mainnet-explorer-blockscout,daily_indexed_transactions,73480.0,>,0,pass,backfill:filecoin.blockscout.com,reconstructed operational history (explorer indexed the day); live SLA metric is head-block age
2026-02-14,blockscout,fevm-mainnet-explorer-blockscout,daily_indexed_transactions,72928.0,>,0,pass,backfill:filecoin.blockscout.com,reconstructed operational history (explorer indexed the day); live SLA metric is head-block age
2026-02-15,blockscout,fevm-mainnet-explorer-blockscout,daily_indexed_transactions,71867.0,>,0,pass,backfill:filecoin.blockscout.com,reconstructed operational history (explorer indexed the day); live SLA metric is head-block age
2026-02-16,blockscout,fevm-mainnet-explorer-blockscout,daily_indexed_transactions,69416.0,>,0,pass,backfill:filecoin.blockscout.com,reconstructed operational history (explorer indexed the day); live SLA metric is head-block age
2026-02-17,blockscout,fevm-mainnet-explorer-blockscout,daily_indexed_transactions,71345.0,>,0,pass,backfill:filecoin.blockscout.com,reconstructed operational history (explorer indexed the day); live SLA metric is head-block age
2026-02-18,blockscout,fevm-mainnet-explorer-blockscout,daily_indexed_transactions,69808.0,>,0,pass,backfill:filecoin.blockscout.com,reconstructed operational history (explorer indexed the day); live SLA metric is head-block age
2026-02-19,blockscout,fevm-mainnet-explorer-blockscout,daily_indexed_transactions,69178.0,>,0,pass,backfill:filecoin.blockscout.com,reconstructed operational history (explorer indexed the day); live SLA metric is head-block age
2026-02-20,blockscout,fevm-mainnet-explorer-blockscout,daily_indexed_transactions,77464.0,>,0,pass,backfill:filecoin.blockscout.com,reconstructed operational history (explorer indexed the day); live SLA metric is head-block age
2026-02-21,blockscout,fevm-mainnet-explorer-blockscout,daily_indexed_transactions,78573.0,>,0,pass,backfill:filecoin.blockscout.com,reconstructed operational history (explorer indexed the day); live SLA metric is head-block age
2026-02-22,blockscout,fevm-mainnet-explorer-blockscout,daily_indexed_transactions,76491.0,>,0,pass,backfill:filecoin.blockscout.com,reconstructed operational history (explorer indexed the day); live SLA metric is head-block age
2026-02-23,blockscout,fevm-mainnet-explorer-blockscout,daily_indexed_transactions,79111.0,>,0,pass,backfill:filecoin.blockscout.com,reconstructed operational history (explorer indexed the day); live SLA metric is head-block age
2026-02-24,blockscout,fevm-mainnet-explorer-blockscout,daily_indexed_transactions,78605.0,>,0,pass,backfill:filecoin.blockscout.com,reconstructed operational history (explorer indexed the day); live SLA metric is head-block age
2026-02-25,blockscout,fevm-mainnet-explorer-blockscout,daily_indexed_transactions,88063.0,>,0,pass,backfill:filecoin.blockscout.com,reconstructed operational history (explorer indexed the day); live SLA metric is head-block age
2026-02-26,blockscout,fevm-mainnet-explorer-blockscout,daily_indexed_transactions,92719.0,>,0,pass,backfill:filecoin.blockscout.com,reconstructed operational history (explorer indexed the day); live SLA metric is head-block age
2026-02-27,blockscout,fevm-mainnet-explorer-blockscout,daily_indexed_transactions,75959.0,>,0,pass,backfill:filecoin.blockscout.com,reconstructed operational history (explorer indexed the day); live SLA metric is head-block age
2026-02-28,blockscout,fevm-mainnet-explorer-blockscout,daily_indexed_transactions,72671.0,>,0,pass,backfill:filecoin.blockscout.com,reconstructed operational history (explorer indexed the day); live SLA metric is head-block age
2026-03-01,blockscout,fevm-mainnet-explorer-blockscout,daily_indexed_transactions,72696.0,>,0,pass,backfill:filecoin.blockscout.com,reconstructed operational history (explorer indexed the day); live SLA metric is head-block age
2026-03-02,blockscout,fevm-mainnet-explorer-blockscout,daily_indexed_transactions,69938.0,>,0,pass,backfill:filecoin.blockscout.com,reconstructed operational history (explorer indexed the day); live SLA metric is head-block age
2026-03-03,blockscout,fevm-mainnet-explorer-blockscout,daily_indexed_transactions,88825.0,>,0,pass,backfill:filecoin.blockscout.com,reconstructed operational history (explorer indexed the day); live SLA metric is head-block age
2026-03-04,blockscout,fevm-mainnet-explorer-blockscout,daily_indexed_transactions,67745.0,>,0,pass,backfill:filecoin.blockscout.com,reconstructed operational history (explorer indexed the day); live SLA metric is head-block age
2026-03-05,blockscout,fevm-mainnet-explorer-blockscout,daily_indexed_transactions,70890.0,>,0,pass,backfill:filecoin.blockscout.com,reconstructed operational history (explorer indexed the day); live SLA metric is head-block age
2026-03-06,blockscout,fevm-mainnet-explorer-blockscout,daily_indexed_transactions,57101.0,>,0,pass,backfill:filecoin.blockscout.com,reconstructed operational history (explorer indexed the day); live SLA metric is head-block age
2026-03-07,blockscout,fevm-mainnet-explorer-blockscout,daily_indexed_transactions,54091.0,>,0,pass,backfill:filecoin.blockscout.com,reconstructed operational history (explorer indexed the day); live SLA metric is head-block age
2026-03-08,blockscout,fevm-mainnet-explorer-blockscout,daily_indexed_transactions,56833.0,>,0,pass,backfill:filecoin.blockscout.com,reconstructed operational history (explorer indexed the day); live SLA metric is head-block age
2026-03-09,blockscout,fevm-mainnet-explorer-blockscout,daily_indexed_transactions,65799.0,>,0,pass,backfill:filecoin.blockscout.com,reconstructed operational history (explorer indexed the day); live SLA metric is head-block age
2026-03-10,blockscout,fevm-mainnet-explorer-blockscout,daily_indexed_transactions,59307.0,>,0,pass,backfill:filecoin.blockscout.com,reconstructed operational history (explorer indexed the day); live SLA metric is head-block age
2026-03-11,blockscout,fevm-mainnet-explorer-blockscout,daily_indexed_transactions,61367.0,>,0,pass,backfill:filecoin.blockscout.com,reconstructed operational history (explorer indexed the day); live SLA metric is head-block age
2026-03-12,blockscout,fevm-mainnet-explorer-blockscout,daily_indexed_transactions,56318.0,>,0,pass,backfill:filecoin.blockscout.com,reconstructed operational history (explorer indexed the day); live SLA metric is head-block age
2026-03-13,blockscout,fevm-mainnet-explorer-blockscout,daily_indexed_transactions,65015.0,>,0,pass,backfill:filecoin.blockscout.com,reconstructed operational history (explorer indexed the day); live SLA metric is head-block age
2026-03-14,blockscout,fevm-mainnet-explorer-blockscout,daily_indexed_transactions,60742.0,>,0,pass,backfill:filecoin.blockscout.com,reconstructed operational history (explorer indexed the day); live SLA metric is head-block age
2026-03-15,blockscout,fevm-mainnet-explorer-blockscout,daily_indexed_transactions,60912.0,>,0,pass,backfill:filecoin.blockscout.com,reconstructed operational history (explorer indexed the day); live SLA metric is head-block age
2026-03-16,blockscout,fevm-mainnet-explorer-blockscout,daily_indexed_transactions,67008.0,>,0,pass,backfill:filecoin.blockscout.com,reconstructed operational history (explorer indexed the day); live SLA metric is head-block age
2026-03-17,blockscout,fevm-mainnet-explorer-blockscout,daily_indexed_transactions,62510.0,>,0,pass,backfill:filecoin.blockscout.com,reconstructed operational history (explorer indexed the day); live SLA metric is head-block age
2026-03-18,blockscout,fevm-mainnet-explorer-blockscout,daily_indexed_transactions,71024.0,>,0,pass,backfill:filecoin.blockscout.com,reconstructed operational history (explorer indexed the day); live SLA metric is head-block age
2026-03-19,blockscout,fevm-mainnet-explorer-blockscout,daily_indexed_transactions,55376.0,>,0,pass,backfill:filecoin.blockscout.com,reconstructed operational history (explorer indexed the day); live SLA metric is head-block age
2026-03-20,blockscout,fevm-mainnet-explorer-blockscout,daily_indexed_transactions,54888.0,>,0,pass,backfill:filecoin.blockscout.com,reconstructed operational history (explorer indexed the day); live SLA metric is head-block age
2026-03-21,blockscout,fevm-mainnet-explorer-blockscout,daily_indexed_transactions,50238.0,>,0,pass,backfill:filecoin.blockscout.com,reconstructed operational history (explorer indexed the day); live SLA metric is head-block age
2026-03-22,blockscout,fevm-mainnet-explorer-blockscout,daily_indexed_transactions,59318.0,>,0,pass,backfill:filecoin.blockscout.com,reconstructed operational history (explorer indexed the day); live SLA metric is head-block age
2026-03-23,blockscout,fevm-mainnet-explorer-blockscout,daily_indexed_transactions,61001.0,>,0,pass,backfill:filecoin.blockscout.com,reconstructed operational history (explorer indexed the day); live SLA metric is head-block age
2026-03-24,blockscout,fevm-mainnet-explorer-blockscout,daily_indexed_transactions,54872.0,>,0,pass,backfill:filecoin.blockscout.com,reconstructed operational history (explorer indexed the day); live SLA metric is head-block age
2026-03-25,blockscout,fevm-mainnet-explorer-blockscout,daily_indexed_transactions,52916.0,>,0,pass,backfill:filecoin.blockscout.com,reconstructed operational history (explorer indexed the day); live SLA metric is head-block age
2026-03-26,blockscout,fevm-mainnet-explorer-blockscout,daily_indexed_transactions,53897.0,>,0,pass,backfill:filecoin.blockscout.com,reconstructed operational history (explorer indexed the day); live SLA metric is head-block age
2026-03-27,blockscout,fevm-mainnet-explorer-blockscout,daily_indexed_transactions,49075.0,>,0,pass,backfill:filecoin.blockscout.com,reconstructed operational history (explorer indexed the day); live SLA metric is head-block age
2026-03-28,blockscout,fevm-mainnet-explorer-blockscout,daily_indexed_transactions,47211.0,>,0,pass,backfill:filecoin.blockscout.com,reconstructed operational history (explorer indexed the day); live SLA metric is head-block age
2026-03-29,blockscout,fevm-mainnet-explorer-blockscout,daily_indexed_transactions,63577.0,>,0,pass,backfill:filecoin.blockscout.com,reconstructed operational history (explorer indexed the day); live SLA metric is head-block age
2026-03-30,blockscout,fevm-mainnet-explorer-blockscout,daily_indexed_transactions,70017.0,>,0,pass,backfill:filecoin.blockscout.com,reconstructed operational history (explorer indexed the day); live SLA metric is head-block age
2026-03-31,blockscout,fevm-mainnet-explorer-blockscout,daily_indexed_transactions,67951.0,>,0,pass,backfill:filecoin.blockscout.com,reconstructed operational history (explorer indexed the day); live SLA metric is head-block age
2026-04-01,blockscout,fevm-mainnet-explorer-blockscout,daily_indexed_transactions,74626.0,>,0,pass,backfill:filecoin.blockscout.com,reconstructed operational history (explorer indexed the day); live SLA metric is head-block age
2026-04-02,blockscout,fevm-mainnet-explorer-blockscout,daily_indexed_transactions,68053.0,>,0,pass,backfill:filecoin.blockscout.com,reconstructed operational history (explorer indexed the day); live SLA metric is head-block age
2026-04-03,blockscout,fevm-mainnet-explorer-blockscout,daily_indexed_transactions,66830.0,>,0,pass,backfill:filecoin.blockscout.com,reconstructed operational history (explorer indexed the day); live SLA metric is head-block age
2026-04-04,blockscout,fevm-mainnet-explorer-blockscout,daily_indexed_transactions,42178.0,>,0,pass,backfill:filecoin.blockscout.com,reconstructed operational history (explorer indexed the day); live SLA metric is head-block age
2026-04-05,blockscout,fevm-mainnet-explorer-blockscout,daily_indexed_transactions,39155.0,>,0,pass,backfill:filecoin.blockscout.com,reconstructed operational history (explorer indexed the day); live SLA metric is head-block age
2026-04-06,blockscout,fevm-mainnet-explorer-blockscout,daily_indexed_transactions,42334.0,>,0,pass,backfill:filecoin.blockscout.com,reconstructed operational history (explorer indexed the day); live SLA metric is head-block age
2026-04-07,blockscout,fevm-mainnet-explorer-blockscout,daily_indexed_transactions,43271.0,>,0,pass,backfill:filecoin.blockscout.com,reconstructed operational history (explorer indexed the day); live SLA metric is head-block age
2026-04-08,blockscout,fevm-mainnet-explorer-blockscout,daily_indexed_transactions,45610.0,>,0,pass,backfill:filecoin.blockscout.com,reconstructed operational history (explorer indexed the day); live SLA metric is head-block age
2026-04-09,blockscout,fevm-mainnet-explorer-blockscout,daily_indexed_transactions,44696.0,>,0,pass,backfill:filecoin.blockscout.com,reconstructed operational history (explorer indexed the day); live SLA metric is head-block age
2026-04-10,blockscout,fevm-mainnet-explorer-blockscout,daily_indexed_transactions,63157.0,>,0,pass,backfill:filecoin.blockscout.com,reconstructed operational history (explorer indexed the day); live SLA metric is head-block age
2026-04-11,blockscout,fevm-mainnet-explorer-blockscout,daily_indexed_transactions,41786.0,>,0,pass,backfill:filecoin.blockscout.com,reconstructed operational history (explorer indexed the day); live SLA metric is head-block age
2026-04-12,blockscout,fevm-mainnet-explorer-blockscout,daily_indexed_transactions,41393.0,>,0,pass,backfill:filecoin.blockscout.com,reconstructed operational history (explorer indexed the day); live SLA metric is head-block age
2026-04-13,blockscout,fevm-mainnet-explorer-blockscout,daily_indexed_transactions,45055.0,>,0,pass,backfill:filecoin.blockscout.com,reconstructed operational history (explorer indexed the day); live SLA metric is head-block age
2026-04-14,blockscout,fevm-mainnet-explorer-blockscout,daily_indexed_transactions,49282.0,>,0,pass,backfill:filecoin.blockscout.com,reconstructed operational history (explorer indexed the day); live SLA metric is head-block age
2026-04-15,blockscout,fevm-mainnet-explorer-blockscout,daily_indexed_transactions,46055.0,>,0,pass,backfill:filecoin.blockscout.com,reconstructed operational history (explorer indexed the day); live SLA metric is head-block age
2026-04-16,blockscout,fevm-mainnet-explorer-blockscout,daily_indexed_transactions,44730.0,>,0,pass,backfill:filecoin.blockscout.com,reconstructed operational history (explorer indexed the day); live SLA metric is head-block age
2026-04-17,blockscout,fevm-mainnet-explorer-blockscout,daily_indexed_transactions,43832.0,>,0,pass,backfill:filecoin.blockscout.com,reconstructed operational history (explorer indexed the day); live SLA metric is head-block age
2026-04-18,blockscout,fevm-mainnet-explorer-blockscout,daily_indexed_transactions,40482.0,>,0,pass,backfill:filecoin.blockscout.com,reconstructed operational history (explorer indexed the day); live SLA metric is head-block age
2026-04-19,blockscout,fevm-mainnet-explorer-blockscout,daily_indexed_transactions,47558.0,>,0,pass,backfill:filecoin.blockscout.com,reconstructed operational history (explorer indexed the day); live SLA metric is head-block age
2026-04-20,blockscout,fevm-mainnet-explorer-blockscout,daily_indexed_transactions,43173.0,>,0,pass,backfill:filecoin.blockscout.com,reconstructed operational history (explorer indexed the day); live SLA metric is head-block age
2026-04-21,blockscout,fevm-mainnet-explorer-blockscout,daily_indexed_transactions,47125.0,>,0,pass,backfill:filecoin.blockscout.com,reconstructed operational history (explorer indexed the day); live SLA metric is head-block age
2026-04-22,blockscout,fevm-mainnet-explorer-blockscout,daily_indexed_transactions,41812.0,>,0,pass,backfill:filecoin.blockscout.com,reconstructed operational history (explorer indexed the day); live SLA metric is head-block age
2026-04-23,blockscout,fevm-mainnet-explorer-blockscout,daily_indexed_transactions,39139.0,>,0,pass,backfill:filecoin.blockscout.com,reconstructed operational history (explorer indexed the day); live SLA metric is head-block age
2026-04-24,blockscout,fevm-mainnet-explorer-blockscout,daily_indexed_transactions,45736.0,>,0,pass,backfill:filecoin.blockscout.com,reconstructed operational history (explorer indexed the day); live SLA metric is head-block age
2026-04-25,blockscout,fevm-mainnet-explorer-blockscout,daily_indexed_transactions,43362.0,>,0,pass,backfill:filecoin.blockscout.com,reconstructed operational history (explorer indexed the day); live SLA metric is head-block age
2026-04-26,blockscout,fevm-mainnet-explorer-blockscout,daily_indexed_transactions,35993.0,>,0,pass,backfill:filecoin.blockscout.com,reconstructed operational history (explorer indexed the day); live SLA metric is head-block age
2026-04-27,blockscout,fevm-mainnet-explorer-blockscout,daily_indexed_transactions,38992.0,>,0,pass,backfill:filecoin.blockscout.com,reconstructed operational history (explorer indexed the day); live SLA metric is head-block age
2026-04-28,blockscout,fevm-mainnet-explorer-blockscout,daily_indexed_transactions,38767.0,>,0,pass,backfill:filecoin.blockscout.com,reconstructed operational history (explorer indexed the day); live SLA metric is head-block age
2026-04-29,blockscout,fevm-mainnet-explorer-blockscout,daily_indexed_transactions,47623.0,>,0,pass,backfill:filecoin.blockscout.com,reconstructed operational history (explorer indexed the day); live SLA metric is head-block age
2026-04-30,blockscout,fevm-mainnet-explorer-blockscout,daily_indexed_transactions,40423.0,>,0,pass,backfill:filecoin.blockscout.com,reconstructed operational history (explorer indexed the day); live SLA metric is head-block age
2026-05-01,blockscout,fevm-mainnet-explorer-blockscout,daily_indexed_transactions,35982.0,>,0,pass,backfill:filecoin.blockscout.com,reconstructed operational history (explorer indexed the day); live SLA metric is head-block age
2026-05-02,blockscout,fevm-mainnet-explorer-blockscout,daily_indexed_transactions,35641.0,>,0,pass,backfill:filecoin.blockscout.com,reconstructed operational history (explorer indexed the day); live SLA metric is head-block age
2026-05-03,blockscout,fevm-mainnet-explorer-blockscout,daily_indexed_transactions,34100.0,>,0,pass,backfill:filecoin.blockscout.com,reconstructed operational history (explorer indexed the day); live SLA metric is head-block age
2026-05-04,blockscout,fevm-mainnet-explorer-blockscout,daily_indexed_transactions,37645.0,>,0,pass,backfill:filecoin.blockscout.com,reconstructed operational history (explorer indexed the day); live SLA metric is head-block age
2026-05-05,blockscout,fevm-mainnet-explorer-blockscout,daily_indexed_transactions,37769.0,>,0,pass,backfill:filecoin.blockscout.com,reconstructed operational history (explorer indexed the day); live SLA metric is head-block age
2026-05-06,blockscout,fevm-mainnet-explorer-blockscout,daily_indexed_transactions,53464.0,>,0,pass,backfill:filecoin.blockscout.com,reconstructed operational history (explorer indexed the day); live SLA metric is head-block age
2026-05-07,blockscout,fevm-mainnet-explorer-blockscout,daily_indexed_transactions,44103.0,>,0,pass,backfill:filecoin.blockscout.com,reconstructed operational history (explorer indexed the day); live SLA metric is head-block age
2026-05-08,blockscout,fevm-mainnet-explorer-blockscout,daily_indexed_transactions,52887.0,>,0,pass,backfill:filecoin.blockscout.com,reconstructed operational history (explorer indexed the day); live SLA metric is head-block age
2026-05-09,blockscout,fevm-mainnet-explorer-blockscout,daily_indexed_transactions,58967.0,>,0,pass,backfill:filecoin.blockscout.com,reconstructed operational history (explorer indexed the day); live SLA metric is head-block age
2026-05-10,blockscout,fevm-mainnet-explorer-blockscout,daily_indexed_transactions,48319.0,>,0,pass,backfill:filecoin.blockscout.com,reconstructed operational history (explorer indexed the day); live SLA metric is head-block age
2026-05-11,blockscout,fevm-mainnet-explorer-blockscout,daily_indexed_transactions,43030.0,>,0,pass,backfill:filecoin.blockscout.com,reconstructed operational history (explorer indexed the day); live SLA metric is head-block age
2026-05-12,blockscout,fevm-mainnet-explorer-blockscout,daily_indexed_transactions,56016.0,>,0,pass,backfill:filecoin.blockscout.com,reconstructed operational history (explorer indexed the day); live SLA metric is head-block age
2026-05-13,blockscout,fevm-mainnet-explorer-blockscout,daily_indexed_transactions,55640.0,>,0,pass,backfill:filecoin.blockscout.com,reconstructed operational history (explorer indexed the day); live SLA metric is head-block age
2026-05-14,blockscout,fevm-mainnet-explorer-blockscout,daily_indexed_transactions,58175.0,>,0,pass,backfill:filecoin.blockscout.com,reconstructed operational history (explorer indexed the day); live SLA metric is head-block age
2026-05-15,blockscout,fevm-mainnet-explorer-blockscout,daily_indexed_transactions,64417.0,>,0,pass,backfill:filecoin.blockscout.com,reconstructed operational history (explorer indexed the day); live SLA metric is head-block age
2026-05-16,blockscout,fevm-mainnet-explorer-blockscout,daily_indexed_transactions,57583.0,>,0,pass,backfill:filecoin.blockscout.com,reconstructed operational history (explorer indexed the day); live SLA metric is head-block age
2026-05-17,blockscout,fevm-mainnet-explorer-blockscout,daily_indexed_transactions,51117.0,>,0,pass,backfill:filecoin.blockscout.com,reconstructed operational history (explorer indexed the day); live SLA metric is head-block age
2026-05-18,blockscout,fevm-mainnet-explorer-blockscout,daily_indexed_transactions,49612.0,>,0,pass,backfill:filecoin.blockscout.com,reconstructed operational history (explorer indexed the day); live SLA metric is head-block age
2026-05-19,blockscout,fevm-mainnet-explorer-blockscout,daily_indexed_transactions,51272.0,>,0,pass,backfill:filecoin.blockscout.com,reconstructed operational history (explorer indexed the day); live SLA metric is head-block age
2026-05-20,blockscout,fevm-mainnet-explorer-blockscout,daily_indexed_transactions,53200.0,>,0,pass,backfill:filecoin.blockscout.com,reconstructed operational history (explorer indexed the day); live SLA metric is head-block age
2026-05-21,blockscout,fevm-mainnet-explorer-blockscout,daily_indexed_transactions,58647.0,>,0,pass,backfill:filecoin.blockscout.com,reconstructed operational history (explorer indexed the day); live SLA metric is head-block age
2026-05-22,blockscout,fevm-mainnet-explorer-blockscout,daily_indexed_transactions,47059.0,>,0,pass,backfill:filecoin.blockscout.com,reconstructed operational history (explorer indexed the day); live SLA metric is head-block age
2026-05-23,blockscout,fevm-mainnet-explorer-blockscout,daily_indexed_transactions,41947.0,>,0,pass,backfill:filecoin.blockscout.com,reconstructed operational history (explorer indexed the day); live SLA metric is head-block age
2026-05-24,blockscout,fevm-mainnet-explorer-blockscout,daily_indexed_transactions,37400.0,>,0,pass,backfill:filecoin.blockscout.com,reconstructed operational history (explorer indexed the day); live SLA metric is head-block age
2026-05-25,blockscout,fevm-mainnet-explorer-blockscout,daily_indexed_transactions,39295.0,>,0,pass,backfill:filecoin.blockscout.com,reconstructed operational history (explorer indexed the day); live SLA metric is head-block age
2026-05-26,blockscout,fevm-mainnet-explorer-blockscout,daily_indexed_transactions,43554.0,>,0,pass,backfill:filecoin.blockscout.com,reconstructed operational history (explorer indexed the day); live SLA metric is head-block age
2026-05-27,blockscout,fevm-mainnet-explorer-blockscout,daily_indexed_transactions,52006.0,>,0,pass,backfill:filecoin.blockscout.com,reconstructed operational history (explorer indexed the day); live SLA metric is head-block age
2026-05-28,blockscout,fevm-mainnet-explorer-blockscout,daily_indexed_transactions,46161.0,>,0,pass,backfill:filecoin.blockscout.com,reconstructed operational history (explorer indexed the day); live SLA metric is head-block age
2026-05-29,blockscout,fevm-mainnet-explorer-blockscout,daily_indexed_transactions,47929.0,>,0,pass,backfill:filecoin.blockscout.com,reconstructed operational history (explorer indexed the day); live SLA metric is head-block age
2026-05-30,blockscout,fevm-mainnet-explorer-blockscout,daily_indexed_transactions,42553.0,>,0,pass,backfill:filecoin.blockscout.com,reconstructed operational history (explorer indexed the day); live SLA metric is head-block age
2026-05-31,blockscout,fevm-mainnet-explorer-blockscout,daily_indexed_transactions,38057.0,>,0,pass,backfill:filecoin.blockscout.com,reconstructed operational history (explorer indexed the day); live SLA metric is head-block age
2026-06-01,blockscout,fevm-mainnet-explorer-blockscout,daily_indexed_transactions,46958.0,>,0,pass,backfill:filecoin.blockscout.com,reconstructed operational history (explorer indexed the day); live SLA metric is head-block age
2026-06-02,blockscout,fevm-mainnet-explorer-blockscout,daily_indexed_transactions,47428.0,>,0,pass,backfill:filecoin.blockscout.com,reconstructed operational history (explorer indexed the day); live SLA metric is head-block age
2026-06-03,blockscout,fevm-mainnet-explorer-blockscout,daily_indexed_transactions,47298.0,>,0,pass,backfill:filecoin.blockscout.com,reconstructed operational history (explorer indexed the day); live SLA metric is head-block age
2026-06-04,blockscout,fevm-mainnet-explorer-blockscout,daily_indexed_transactions,49165.0,>,0,pass,backfill:filecoin.blockscout.com,reconstructed operational history (explorer indexed the day); live SLA metric is head-block age
2026-06-05,blockscout,fevm-mainnet-explorer-blockscout,daily_indexed_transactions,51303.0,>,0,pass,backfill:filecoin.blockscout.com,reconstructed operational history (explorer indexed the day); live SLA metric is head-block age
2026-06-06,blockscout,fevm-mainnet-explorer-blockscout,daily_indexed_transactions,44073.0,>,0,pass,backfill:filecoin.blockscout.com,reconstructed operational history (explorer indexed the day); live SLA metric is head-block age
2026-06-07,blockscout,fevm-mainnet-explorer-blockscout,daily_indexed_transactions,38880.0,>,0,pass,backfill:filecoin.blockscout.com,reconstructed operational history (explorer indexed the day); live SLA metric is head-block age
2026-06-08,blockscout,fevm-mainnet-explorer-blockscout,daily_indexed_transactions,39188.0,>,0,pass,backfill:filecoin.blockscout.com,reconstructed operational history (explorer indexed the day); live SLA metric is head-block age
2026-06-09,blockscout,fevm-mainnet-explorer-blockscout,daily_indexed_transactions,47487.0,>,0,pass,backfill:filecoin.blockscout.com,reconstructed operational history (explorer indexed the day); live SLA metric is head-block age
2026-06-10,blockscout,fevm-mainnet-explorer-blockscout,daily_indexed_transactions,47459.0,>,0,pass,backfill:filecoin.blockscout.com,reconstructed operational history (explorer indexed the day); live SLA metric is head-block age
2026-06-11,blockscout,fevm-mainnet-explorer-blockscout,daily_indexed_transactions,48551.0,>,0,pass,backfill:filecoin.blockscout.com,reconstructed operational history (explorer indexed the day); live SLA metric is head-block age
2026-06-12,blockscout,fevm-mainnet-explorer-blockscout,daily_indexed_transactions,44777.0,>,0,pass,backfill:filecoin.blockscout.com,reconstructed operational history (explorer indexed the day); live SLA metric is head-block age
2026-06-13,blockscout,fevm-mainnet-explorer-blockscout,daily_indexed_transactions,42068.0,>,0,pass,backfill:filecoin.blockscout.com,reconstructed operational history (explorer indexed the day); live SLA metric is head-block age
2026-06-14,blockscout,fevm-mainnet-explorer-blockscout,daily_indexed_transactions,54858.0,>,0,pass,backfill:filecoin.blockscout.com,reconstructed operational history (explorer indexed the day); live SLA metric is head-block age
2026-06-15,blockscout,fevm-mainnet-explorer-blockscout,daily_indexed_transactions,41486.0,>,0,pass,backfill:filecoin.blockscout.com,reconstructed operational history (explorer indexed the day); live SLA metric is head-block age
2026-06-16,blockscout,fevm-mainnet-explorer-blockscout,daily_indexed_transactions,45119.0,>,0,pass,backfill:filecoin.blockscout.com,reconstructed operational history (explorer indexed the day); live SLA metric is head-block age
2026-06-17,blockscout,fevm-mainnet-explorer-blockscout,daily_indexed_transactions,42893.0,>,0,pass,backfill:filecoin.blockscout.com,reconstructed operational history (explorer indexed the day); live SLA metric is head-block age
2026-06-18,blockscout,fevm-mainnet-explorer-blockscout,daily_indexed_transactions,42108.0,>,0,pass,backfill:filecoin.blockscout.com,reconstructed operational history (explorer indexed the day); live SLA metric is head-block age
2026-06-19,blockscout,fevm-mainnet-explorer-blockscout,daily_indexed_transactions,38518.0,>,0,pass,backfill:filecoin.blockscout.com,reconstructed operational history (explorer indexed the day); live SLA metric is head-block age
2026-06-20,blockscout,fevm-mainnet-explorer-blockscout,daily_indexed_transactions,35090.0,>,0,pass,backfill:filecoin.blockscout.com,reconstructed operational history (explorer indexed the day); live SLA metric is head-block age
2026-06-21,blockscout,fevm-mainnet-explorer-blockscout,daily_indexed_transactions,36571.0,>,0,pass,backfill:filecoin.blockscout.com,reconstructed operational history (explorer indexed the day); live SLA metric is head-block age
2026-06-22,blockscout,fevm-mainnet-explorer-blockscout,daily_indexed_transactions,41852.0,>,0,pass,backfill:filecoin.blockscout.com,reconstructed operational history (explorer indexed the day); live SLA metric is head-block age
2026-06-23,blockscout,fevm-mainnet-explorer-blockscout,daily_indexed_transactions,40242.0,>,0,pass,backfill:filecoin.blockscout.com,reconstructed operational history (explorer indexed the day); live SLA metric is head-block age
2026-06-24,blockscout,fevm-mainnet-explorer-blockscout,daily_indexed_transactions,43177.0,>,0,pass,backfill:filecoin.blockscout.com,reconstructed operational history (explorer indexed the day); live SLA metric is head-block age
2026-06-25,blockscout,fevm-mainnet-explorer-blockscout,daily_indexed_transactions,40811.0,>,0,pass,backfill:filecoin.blockscout.com,reconstructed operational history (explorer indexed the day); live SLA metric is head-block age
2026-06-26,blockscout,fevm-mainnet-explorer-blockscout,daily_indexed_transactions,44845.0,>,0,pass,backfill:filecoin.blockscout.com,reconstructed operational history (explorer indexed the day); live SLA metric is head-block age
2026-06-27,blockscout,fevm-mainnet-explorer-blockscout,daily_indexed_transactions,41915.0,>,0,pass,backfill:filecoin.blockscout.com,reconstructed operational history (explorer indexed the day); live SLA metric is head-block age
2026-06-28,blockscout,fevm-mainnet-explorer-blockscout,daily_indexed_transactions,44215.0,>,0,pass,backfill:filecoin.blockscout.com,reconstructed operational history (explorer indexed the day); live SLA metric is head-block age
2026-06-29,blockscout,fevm-mainnet-explorer-blockscout,daily_indexed_transactions,47141.0,>,0,pass,backfill:filecoin.blockscout.com,reconstructed operational history (explorer indexed the day); live SLA metric is head-block age
2026-06-30,blockscout,fevm-mainnet-explorer-blockscout,daily_indexed_transactions,50817.0,>,0,pass,backfill:filecoin.blockscout.com,reconstructed operational history (explorer indexed the day); live SLA metric is head-block age
2026-07-01,blockscout,fevm-mainnet-explorer-blockscout,daily_indexed_transactions,42632.0,>,0,pass,backfill:filecoin.blockscout.com,reconstructed operational history (explorer indexed the day); live SLA metric is head-block age
2026-07-02,blockscout,fevm-mainnet-explorer-blockscout,daily_indexed_transactions,42752.0,>,0,pass,backfill:filecoin.blockscout.com,reconstructed operational history (explorer indexed the day); live SLA metric is head-block age
2026-07-03,blockscout,fevm-mainnet-explorer-blockscout,daily_indexed_transactions,40935.0,>,0,pass,backfill:filecoin.blockscout.com,reconstructed operational history (explorer indexed the day); live SLA metric is head-block age
2026-07-04,blockscout,fevm-mainnet-explorer-blockscout,daily_indexed_transactions,38955.0,>,0,pass,backfill:filecoin.blockscout.com,reconstructed operational history (explorer indexed the day); live SLA metric is head-block age
2026-07-05,blockscout,fevm-mainnet-explorer-blockscout,daily_indexed_transactions,36694.0,>,0,pass,backfill:filecoin.blockscout.com,reconstructed operational history (explorer indexed the day); live SLA metric is head-block age
2026-07-06,blockscout,fevm-mainnet-explorer-blockscout,daily_indexed_transactions,46492.0,>,0,pass,backfill:filecoin.blockscout.com,reconstructed operational history (explorer indexed the day); live SLA metric is head-block age
2026-07-07,blockscout,fevm-mainnet-explorer-blockscout,daily_indexed_transactions,40918.0,>,0,pass,backfill:filecoin.blockscout.com,reconstructed operational history (explorer indexed the day); live SLA metric is head-block age
2026-07-08,blockscout,fevm-mainnet-explorer-blockscout,daily_indexed_transactions,39636.0,>,0,pass,backfill:filecoin.blockscout.com,reconstructed operational history (explorer indexed the day); live SLA metric is head-block age
2026-07-09,blockscout,fevm-mainnet-explorer-blockscout,daily_indexed_transactions,37869.0,>,0,pass,backfill:filecoin.blockscout.com,reconstructed operational history (explorer indexed the day); live SLA metric is head-block age
2026-07-10,blockscout,fevm-mainnet-explorer-blockscout,daily_indexed_transactions,39183.0,>,0,pass,backfill:filecoin.blockscout.com,reconstructed operational history (explorer indexed the day); live SLA metric is head-block age
2026-07-11,blockscout,fevm-mainnet-explorer-blockscout,daily_indexed_transactions,34527.0,>,0,pass,backfill:filecoin.blockscout.com,reconstructed operational history (explorer indexed the day); live SLA metric is head-block age
2026-07-12,blockscout,fevm-mainnet-explorer-blockscout,daily_indexed_transactions,36347.0,>,0,pass,backfill:filecoin.blockscout.com,reconstructed operational history (explorer indexed the day); live SLA metric is head-block age
2026-07-13,blockscout,fevm-mainnet-explorer-blockscout,daily_indexed_transactions,36915.0,>,0,pass,backfill:filecoin.blockscout.com,reconstructed operational history (explorer indexed the day); live SLA metric is head-block age
2026-07-14,blockscout,fevm-mainnet-explorer-blockscout,daily_indexed_transactions,38481.0,>,0,pass,backfill:filecoin.blockscout.com,reconstructed operational history (explorer indexed the day); live SLA metric is head-block age
2026-07-15,blockscout,fevm-mainnet-explorer-blockscout,daily_indexed_transactions,26007.0,>,0,pass,backfill:filecoin.blockscout.com,reconstructed operational history (explorer indexed the day); live SLA metric is head-block age
2026-07-16,blockscout,fevm-mainnet-explorer-blockscout,daily_indexed_transactions,36315.0,>,0,pass,backfill:filecoin.blockscout.com,reconstructed operational history (explorer indexed the day); live SLA metric is head-block age
2026-07-17,blockscout,fevm-mainnet-explorer-blockscout,daily_indexed_transactions,39866.0,>,0,pass,backfill:filecoin.blockscout.com,reconstructed operational history (explorer indexed the day); live SLA metric is head-block age
2026-07-18,blockscout,fevm-mainnet-explorer-blockscout,daily_indexed_transactions,34480.0,>,0,pass,backfill:filecoin.blockscout.com,reconstructed operational history (explorer indexed the day); live SLA metric is head-block age
2026-07-19,blockscout,fevm-mainnet-explorer-blockscout,daily_indexed_transactions,32948.0,>,0,pass,backfill:filecoin.blockscout.com,reconstructed operational history (explorer indexed the day); live SLA metric is head-block age
2026-07-20,blockscout,fevm-mainnet-explorer-blockscout,daily_indexed_transactions,17202.0,>,0,pass,backfill:filecoin.blockscout.com,reconstructed operational history (explorer indexed the day); live SLA metric is head-block age
2026-07-15,blockscout,fevm-verified-contracts,verified_smart_contracts,985.0,>=,985.0,pass,live-review,scheduled review reading
2026-07-15,blockscout,mainnet-block-explorer,explorer_max_tipset_gap_seconds,30.0,<=,90.0,pass,live-review,scheduled review reading
2026-08-14,blockscout,mainnet-block-explorer,explorer_max_tipset_gap_seconds,30.0,<=,90.0,pass,nightly,
2026-07-15,chain-love,chain-sync-rpc-fevm-eth-head-lag,fevm_eth_head_lag_epochs,1.0,<=,10.0,pass,live-review,scheduled review reading
2026-08-14,chain-love,chain-sync-rpc-fevm-eth-head-lag,fevm_eth_head_lag_epochs,1.0,<=,10.0,pass,nightly,
2026-07-15,chain-love,chain-sync-rpc-mainnet-head-lag,rpc_head_lag_epochs,0.0,<=,5.0,pass,live-review,scheduled review reading
2026-08-14,chain-love,chain-sync-rpc-mainnet-head-lag,rpc_head_lag_epochs,0.0,<=,5.0,pass,nightly,
2026-07-15,chainsafe,bootstrap-dns-mainnet,bootstrap_dns_status,,==,0.0,indeterminate,live-review,scheduled review reading
2026-08-14,chainsafe,bootstrap-dns-mainnet,bootstrap_dns_status,0.0,==,0.0,pass,nightly,
2026-07-15,chainsafe,calibnet-miner-power,calibnet_miner_qap_bytes,261477608980480.0,>=,250000000000000.0,pass,live-review,scheduled review reading
2026-08-14,chainsafe,calibnet-miner-power,calibnet_miner_qap_bytes,261477608980480.0,>=,250000000000000.0,pass,nightly,
2026-07-15,chainsafe,calibnet-snapshot-freshness,calibnet_snapshot_age_seconds,13330.032771,<=,21600.0,pass,live-review,scheduled review reading
2026-08-14,chainsafe,calibnet-snapshot-freshness,calibnet_snapshot_age_seconds,5681.329737186432,<=,21600.0,pass,nightly,
2026-07-07,chainsafe,calibnet-snapshot-freshness,calibnet_snapshot_age_seconds_daily_max_gap,7979.781,<=,21600,pass,backfill:forest-archive.chainsafe.dev,"max inter-snapshot gap that day (calibnet, archive retention window)"
2026-07-08,chainsafe,calibnet-snapshot-freshness,calibnet_snapshot_age_seconds_daily_max_gap,7883.856,<=,21600,pass,backfill:forest-archive.chainsafe.dev,"max inter-snapshot gap that day (calibnet, archive retention window)"
2026-07-09,chainsafe,calibnet-snapshot-freshness,calibnet_snapshot_age_seconds_daily_max_gap,7887.171,<=,21600,pass,backfill:forest-archive.chainsafe.dev,"max inter-snapshot gap that day (calibnet, archive retention window)"
2026-07-10,chainsafe,calibnet-snapshot-freshness,calibnet_snapshot_age_seconds_daily_max_gap,9771.808,<=,21600,pass,backfill:forest-archive.chainsafe.dev,"max inter-snapshot gap that day (calibnet, archive retention window)"
2026-07-11,chainsafe,calibnet-snapshot-freshness,calibnet_snapshot_age_seconds_daily_max_gap,7296.205,<=,21600,pass,backfill:forest-archive.chainsafe.dev,"max inter-snapshot gap that day (calibnet, archive retention window)"
2026-07-12,chainsafe,calibnet-snapshot-freshness,calibnet_snapshot_age_seconds_daily_max_gap,7326.456,<=,21600,pass,backfill:forest-archive.chainsafe.dev,"max inter-snapshot gap that day (calibnet, archive retention window)"
2026-07-13,chainsafe,calibnet-snapshot-freshness,calibnet_snapshot_age_seconds_daily_max_gap,7885.222,<=,21600,pass,backfill:forest-archive.chainsafe.dev,"max inter-snapshot gap that day (calibnet, archive retention window)"
2026-07-14,chainsafe,calibnet-snapshot-freshness,calibnet_snapshot_age_seconds_daily_max_gap,24690.595,<=,21600,fail,backfill:forest-archive.chainsafe.dev,"max inter-snapshot gap that day (calibnet, archive retention window)"
2026-07-15,chainsafe,calibnet-snapshot-freshness,calibnet_snapshot_age_seconds_daily_max_gap,7463.05,<=,21600,pass,backfill:forest-archive.chainsafe.dev,"max inter-snapshot gap that day (calibnet, archive retention window)"
2026-07-16,chainsafe,calibnet-snapshot-freshness,calibnet_snapshot_age_seconds_daily_max_gap,7885.305,<=,21600,pass,backfill:forest-archive.chainsafe.dev,"max inter-snapshot gap that day (calibnet, archive retention window)"
2026-07-17,chainsafe,calibnet-snapshot-freshness,calibnet_snapshot_age_seconds_daily_max_gap,7883.223,<=,21600,pass,backfill:forest-archive.chainsafe.dev,"max inter-snapshot gap that day (calibnet, archive retention window)"
2026-07-18,chainsafe,calibnet-snapshot-freshness,calibnet_snapshot_age_seconds_daily_max_gap,8012.288,<=,21600,pass,backfill:forest-archive.chainsafe.dev,"max inter-snapshot gap that day (calibnet, archive retention window)"
2026-07-19,chainsafe,calibnet-snapshot-freshness,calibnet_snapshot_age_seconds_daily_max_gap,7897.235,<=,21600,pass,backfill:forest-archive.chainsafe.dev,"max inter-snapshot gap that day (calibnet, archive retention window)"
2026-07-20,chainsafe,calibnet-snapshot-freshness,calibnet_snapshot_age_seconds_daily_max_gap,7883.026,<=,21600,pass,backfill:forest-archive.chainsafe.dev,"max inter-snapshot gap that day (calibnet, archive retention window)"
2026-07-15,chainsafe,forest-ci-main-health,latest_ci_success_age_days,,<=,7.0,indeterminate,live-review,scheduled review reading
2026-07-15,chainsafe,forest-release-cadence,avg_days_between_releases,21.268472,<=,45.0,pass,live-review,scheduled review reading
2026-08-14,chainsafe,forest-release-cadence,avg_days_between_releases,16.3273958,<=,45.0,pass,nightly,
2025-07-23,chainsafe,forest-release-cadence,days_between_releases,33.790127,<=,45,pass,backfill:api.github.com,gap since previous release of ChainSafe/forest
2025-08-27,chainsafe,forest-release-cadence,days_between_releases,35.016713,<=,45,pass,backfill:api.github.com,gap since previous release of ChainSafe/forest
2025-09-08,chainsafe,forest-release-cadence,days_between_releases,12.317616,<=,45,pass,backfill:api.github.com,gap since previous release of ChainSafe/forest
2025-09-17,chainsafe,forest-release-cadence,days_between_releases,8.797488,<=,45,pass,backfill:api.github.com,gap since previous release of ChainSafe/forest
2025-10-09,chainsafe,forest-release-cadence,days_between_releases,21.97375,<=,45,pass,backfill:api.github.com,gap since previous release of ChainSafe/forest
2025-11-06,chainsafe,forest-release-cadence,days_between_releases,28.228553,<=,45,pass,backfill:api.github.com,gap since previous release of ChainSafe/forest
2025-11-11,chainsafe,forest-release-cadence,days_between_releases,4.765127,<=,45,pass,backfill:api.github.com,gap since previous release of ChainSafe/forest
2025-12-10,chainsafe,forest-release-cadence,days_between_releases,29.101759,<=,45,pass,backfill:api.github.com,gap since previous release of ChainSafe/forest
2026-01-23,chainsafe,forest-release-cadence,days_between_releases,43.660208,<=,45,pass,backfill:api.github.com,gap since previous release of ChainSafe/forest
2026-02-09,chainsafe,forest-release-cadence,days_between_releases,17.396678,<=,45,pass,backfill:api.github.com,gap since previous release of ChainSafe/forest
2026-02-13,chainsafe,forest-release-cadence,days_between_releases,3.77588,<=,45,pass,backfill:api.github.com,gap since previous release of ChainSafe/forest
2026-02-24,chainsafe,forest-release-cadence,days_between_releases,10.997975,<=,45,pass,backfill:api.github.com,gap since previous release of ChainSafe/forest
2026-03-02,chainsafe,forest-release-cadence,days_between_releases,6.183403,<=,45,pass,backfill:api.github.com,gap since previous release of ChainSafe/forest
2026-03-10,chainsafe,forest-release-cadence,days_between_releases,8.109757,<=,45,pass,backfill:api.github.com,gap since previous release of ChainSafe/forest
2026-04-14,chainsafe,forest-release-cadence,days_between_releases,35.074815,<=,45,pass,backfill:api.github.com,gap since previous release of ChainSafe/forest
2026-04-22,chainsafe,forest-release-cadence,days_between_releases,7.659352,<=,45,pass,backfill:api.github.com,gap since previous release of ChainSafe/forest
2026-04-30,chainsafe,forest-release-cadence,days_between_releases,8.026319,<=,45,pass,backfill:api.github.com,gap since previous release of ChainSafe/forest
2026-05-08,chainsafe,forest-release-cadence,days_between_releases,7.971285,<=,45,pass,backfill:api.github.com,gap since previous release of ChainSafe/forest
2026-05-13,chainsafe,forest-release-cadence,days_between_releases,5.166088,<=,45,pass,backfill:api.github.com,gap since previous release of ChainSafe/forest
2026-06-03,chainsafe,forest-release-cadence,days_between_releases,20.873519,<=,45,pass,backfill:api.github.com,gap since previous release of ChainSafe/forest
2026-06-05,chainsafe,forest-release-cadence,days_between_releases,1.791285,<=,45,pass,backfill:api.github.com,gap since previous release of ChainSafe/forest
2026-06-22,chainsafe,forest-release-cadence,days_between_releases,17.459792,<=,45,pass,backfill:api.github.com,gap since previous release of ChainSafe/forest
2026-07-08,chainsafe,forest-release-cadence,days_between_releases,15.791771,<=,45,pass,backfill:api.github.com,gap since previous release of ChainSafe/forest
2026-07-14,chainsafe,forest-release-cadence,days_between_releases,5.937037,<=,45,pass,backfill:api.github.com,gap since previous release of ChainSafe/forest
2026-07-16,chainsafe,forest-release-cadence,days_between_releases,1.985,<=,45,pass,backfill:api.github.com,gap since previous release of ChainSafe/forest
2026-07-15,chainsafe,forest-snapshots,snapshot_freshness_hours,,<=,6.0,indeterminate,live-review,scheduled review reading
2026-07-15,chainsafe,mainnet-snapshot-freshness,snapshot_age_seconds,7122.115888,<=,21600.0,pass,live-review,scheduled review reading
2026-08-14,chainsafe,mainnet-snapshot-freshness,snapshot_age_seconds,2681.8514449596405,<=,21600.0,pass,nightly,
2026-07-03,chainsafe,mainnet-snapshot-freshness,snapshot_age_seconds_daily_max_gap,9207.149,<=,21600,pass,backfill:forest-archive.chainsafe.dev,"max inter-snapshot gap that day (mainnet, archive retention window)"
2026-07-04,chainsafe,mainnet-snapshot-freshness,snapshot_age_seconds_daily_max_gap,7975.735,<=,21600,pass,backfill:forest-archive.chainsafe.dev,"max inter-snapshot gap that day (mainnet, archive retention window)"
2026-07-05,chainsafe,mainnet-snapshot-freshness,snapshot_age_seconds_daily_max_gap,64428.163,<=,21600,fail,backfill:forest-archive.chainsafe.dev,"max inter-snapshot gap that day (mainnet, archive retention window)"
2026-07-06,chainsafe,mainnet-snapshot-freshness,snapshot_age_seconds_daily_max_gap,59590.471,<=,21600,fail,backfill:forest-archive.chainsafe.dev,"max inter-snapshot gap that day (mainnet, archive retention window)"
2026-07-07,chainsafe,mainnet-snapshot-freshness,snapshot_age_seconds_daily_max_gap,17581.263,<=,21600,pass,backfill:forest-archive.chainsafe.dev,"max inter-snapshot gap that day (mainnet, archive retention window)"
2026-07-08,chainsafe,mainnet-snapshot-freshness,snapshot_age_seconds_daily_max_gap,8049.637,<=,21600,pass,backfill:forest-archive.chainsafe.dev,"max inter-snapshot gap that day (mainnet, archive retention window)"
2026-07-09,chainsafe,mainnet-snapshot-freshness,snapshot_age_seconds_daily_max_gap,8005.879,<=,21600,pass,backfill:forest-archive.chainsafe.dev,"max inter-snapshot gap that day (mainnet, archive retention window)"
2026-07-10,chainsafe,mainnet-snapshot-freshness,snapshot_age_seconds_daily_max_gap,72513.658,<=,21600,fail,backfill:forest-archive.chainsafe.dev,"max inter-snapshot gap that day (mainnet, archive retention window)"
2026-07-12,chainsafe,mainnet-snapshot-freshness,snapshot_age_seconds_daily_max_gap,105644.623,<=,21600,fail,backfill:forest-archive.chainsafe.dev,"max inter-snapshot gap that day (mainnet, archive retention window)"
2026-07-13,chainsafe,mainnet-snapshot-freshness,snapshot_age_seconds_daily_max_gap,52510.726,<=,21600,fail,backfill:forest-archive.chainsafe.dev,"max inter-snapshot gap that day (mainnet, archive retention window)"
2026-07-14,chainsafe,mainnet-snapshot-freshness,snapshot_age_seconds_daily_max_gap,8123.27,<=,21600,pass,backfill:forest-archive.chainsafe.dev,"max inter-snapshot gap that day (mainnet, archive retention window)"
2026-07-15,chainsafe,mainnet-snapshot-freshness,snapshot_age_seconds_daily_max_gap,10463.771,<=,21600,pass,backfill:forest-archive.chainsafe.dev,"max inter-snapshot gap that day (mainnet, archive retention window)"
2026-07-16,chainsafe,mainnet-snapshot-freshness,snapshot_age_seconds_daily_max_gap,8057.787,<=,21600,pass,backfill:forest-archive.chainsafe.dev,"max inter-snapshot gap that day (mainnet, archive retention window)"
2026-07-17,chainsafe,mainnet-snapshot-freshness,snapshot_age_seconds_daily_max_gap,8073.032,<=,21600,pass,backfill:forest-archive.chainsafe.dev,"max inter-snapshot gap that day (mainnet, archive retention window)"
2026-07-18,chainsafe,mainnet-snapshot-freshness,snapshot_age_seconds_daily_max_gap,71826.421,<=,21600,fail,backfill:forest-archive.chainsafe.dev,"max inter-snapshot gap that day (mainnet, archive retention window)"
2026-07-19,chainsafe,mainnet-snapshot-freshness,snapshot_age_seconds_daily_max_gap,89715.726,<=,21600,fail,backfill:forest-archive.chainsafe.dev,"max inter-snapshot gap that day (mainnet, archive retention window)"
2026-07-20,chainsafe,mainnet-snapshot-freshness,snapshot_age_seconds_daily_max_gap,7466.21,<=,21600,pass,backfill:forest-archive.chainsafe.dev,"max inter-snapshot gap that day (mainnet, archive retention window)"
2026-07-15,chainsafe,network-uptime,uptime_ratio,0.9993,>=,0.999,pass,live-review,scheduled review reading
2025-08-15,fil-b,network-documentation-commit-recency,docs_last_commit_age_days,0.0,<=,60,pass,backfill:api.github.com,weekly sample from filecoin-project/filecoin-docs commits history
2025-08-22,fil-b,network-documentation-commit-recency,docs_last_commit_age_days,2.081296,<=,60,pass,backfill:api.github.com,weekly sample from filecoin-project/filecoin-docs commits history
2025-08-29,fil-b,network-documentation-commit-recency,docs_last_commit_age_days,1.075625,<=,60,pass,backfill:api.github.com,weekly sample from filecoin-project/filecoin-docs commits history
2025-09-05,fil-b,network-documentation-commit-recency,docs_last_commit_age_days,8.075625,<=,60,pass,backfill:api.github.com,weekly sample from filecoin-project/filecoin-docs commits history
2025-09-12,fil-b,network-documentation-commit-recency,docs_last_commit_age_days,15.075625,<=,60,pass,backfill:api.github.com,weekly sample from filecoin-project/filecoin-docs commits history
2025-09-19,fil-b,network-documentation-commit-recency,docs_last_commit_age_days,0.752778,<=,60,pass,backfill:api.github.com,weekly sample from filecoin-project/filecoin-docs commits history
2025-09-26,fil-b,network-documentation-commit-recency,docs_last_commit_age_days,7.752778,<=,60,pass,backfill:api.github.com,weekly sample from filecoin-project/filecoin-docs commits history
2025-10-03,fil-b,network-documentation-commit-recency,docs_last_commit_age_days,6.529745,<=,60,pass,backfill:api.github.com,weekly sample from filecoin-project/filecoin-docs commits history
2025-10-10,fil-b,network-documentation-commit-recency,docs_last_commit_age_days,0.359838,<=,60,pass,backfill:api.github.com,weekly sample from filecoin-project/filecoin-docs commits history
2025-10-17,fil-b,network-documentation-commit-recency,docs_last_commit_age_days,0.412581,<=,60,pass,backfill:api.github.com,weekly sample from filecoin-project/filecoin-docs commits history
2025-10-24,fil-b,network-documentation-commit-recency,docs_last_commit_age_days,3.927222,<=,60,pass,backfill:api.github.com,weekly sample from filecoin-project/filecoin-docs commits history
2025-10-31,fil-b,network-documentation-commit-recency,docs_last_commit_age_days,2.89441,<=,60,pass,backfill:api.github.com,weekly sample from filecoin-project/filecoin-docs commits history
2025-11-07,fil-b,network-documentation-commit-recency,docs_last_commit_age_days,0.835579,<=,60,pass,backfill:api.github.com,weekly sample from filecoin-project/filecoin-docs commits history
2025-11-14,fil-b,network-documentation-commit-recency,docs_last_commit_age_days,7.835579,<=,60,pass,backfill:api.github.com,weekly sample from filecoin-project/filecoin-docs commits history
2025-11-21,fil-b,network-documentation-commit-recency,docs_last_commit_age_days,3.793218,<=,60,pass,backfill:api.github.com,weekly sample from filecoin-project/filecoin-docs commits history
2025-11-28,fil-b,network-documentation-commit-recency,docs_last_commit_age_days,10.793218,<=,60,pass,backfill:api.github.com,weekly sample from filecoin-project/filecoin-docs commits history
2025-12-05,fil-b,network-documentation-commit-recency,docs_last_commit_age_days,0.086586,<=,60,pass,backfill:api.github.com,weekly sample from filecoin-project/filecoin-docs commits history
2025-12-12,fil-b,network-documentation-commit-recency,docs_last_commit_age_days,7.086586,<=,60,pass,backfill:api.github.com,weekly sample from filecoin-project/filecoin-docs commits history
2025-12-19,fil-b,network-documentation-commit-recency,docs_last_commit_age_days,1.107627,<=,60,pass,backfill:api.github.com,weekly sample from filecoin-project/filecoin-docs commits history
2025-12-26,fil-b,network-documentation-commit-recency,docs_last_commit_age_days,8.107627,<=,60,pass,backfill:api.github.com,weekly sample from filecoin-project/filecoin-docs commits history
2026-01-02,fil-b,network-documentation-commit-recency,docs_last_commit_age_days,15.107627,<=,60,pass,backfill:api.github.com,weekly sample from filecoin-project/filecoin-docs commits history
2026-01-09,fil-b,network-documentation-commit-recency,docs_last_commit_age_days,0.090683,<=,60,pass,backfill:api.github.com,weekly sample from filecoin-project/filecoin-docs commits history
2026-01-16,fil-b,network-documentation-commit-recency,docs_last_commit_age_days,4.803634,<=,60,pass,backfill:api.github.com,weekly sample from filecoin-project/filecoin-docs commits history
2026-01-23,fil-b,network-documentation-commit-recency,docs_last_commit_age_days,2.66287,<=,60,pass,backfill:api.github.com,weekly sample from filecoin-project/filecoin-docs commits history
2026-01-30,fil-b,network-documentation-commit-recency,docs_last_commit_age_days,9.66287,<=,60,pass,backfill:api.github.com,weekly sample from filecoin-project/filecoin-docs commits history
2026-02-06,fil-b,network-documentation-commit-recency,docs_last_commit_age_days,16.66287,<=,60,pass,backfill:api.github.com,weekly sample from filecoin-project/filecoin-docs commits history
2026-02-13,fil-b,network-documentation-commit-recency,docs_last_commit_age_days,0.195463,<=,60,pass,backfill:api.github.com,weekly sample from filecoin-project/filecoin-docs commits history
2026-02-20,fil-b,network-documentation-commit-recency,docs_last_commit_age_days,7.195463,<=,60,pass,backfill:api.github.com,weekly sample from filecoin-project/filecoin-docs commits history
2026-02-27,fil-b,network-documentation-commit-recency,docs_last_commit_age_days,14.195463,<=,60,pass,backfill:api.github.com,weekly sample from filecoin-project/filecoin-docs commits history
2026-03-06,fil-b,network-documentation-commit-recency,docs_last_commit_age_days,21.195463,<=,60,pass,backfill:api.github.com,weekly sample from filecoin-project/filecoin-docs commits history
2026-03-13,fil-b,network-documentation-commit-recency,docs_last_commit_age_days,28.195463,<=,60,pass,backfill:api.github.com,weekly sample from filecoin-project/filecoin-docs commits history
2026-03-20,fil-b,network-documentation-commit-recency,docs_last_commit_age_days,0.051458,<=,60,pass,backfill:api.github.com,weekly sample from filecoin-project/filecoin-docs commits history
2026-03-27,fil-b,network-documentation-commit-recency,docs_last_commit_age_days,7.051458,<=,60,pass,backfill:api.github.com,weekly sample from filecoin-project/filecoin-docs commits history
2026-04-03,fil-b,network-documentation-commit-recency,docs_last_commit_age_days,14.051458,<=,60,pass,backfill:api.github.com,weekly sample from filecoin-project/filecoin-docs commits history
2026-04-10,fil-b,network-documentation-commit-recency,docs_last_commit_age_days,21.051458,<=,60,pass,backfill:api.github.com,weekly sample from filecoin-project/filecoin-docs commits history
2026-04-17,fil-b,network-documentation-commit-recency,docs_last_commit_age_days,0.098738,<=,60,pass,backfill:api.github.com,weekly sample from filecoin-project/filecoin-docs commits history
2026-04-24,fil-b,network-documentation-commit-recency,docs_last_commit_age_days,7.098738,<=,60,pass,backfill:api.github.com,weekly sample from filecoin-project/filecoin-docs commits history
2026-05-01,fil-b,network-documentation-commit-recency,docs_last_commit_age_days,14.098738,<=,60,pass,backfill:api.github.com,weekly sample from filecoin-project/filecoin-docs commits history
2026-05-08,fil-b,network-documentation-commit-recency,docs_last_commit_age_days,0.860278,<=,60,pass,backfill:api.github.com,weekly sample from filecoin-project/filecoin-docs commits history
2026-05-15,fil-b,network-documentation-commit-recency,docs_last_commit_age_days,6.739792,<=,60,pass,backfill:api.github.com,weekly sample from filecoin-project/filecoin-docs commits history
2026-05-22,fil-b,network-documentation-commit-recency,docs_last_commit_age_days,13.739792,<=,60,pass,backfill:api.github.com,weekly sample from filecoin-project/filecoin-docs commits history
2026-05-29,fil-b,network-documentation-commit-recency,docs_last_commit_age_days,3.060903,<=,60,pass,backfill:api.github.com,weekly sample from filecoin-project/filecoin-docs commits history
2026-06-05,fil-b,network-documentation-commit-recency,docs_last_commit_age_days,1.990359,<=,60,pass,backfill:api.github.com,weekly sample from filecoin-project/filecoin-docs commits history
2026-06-12,fil-b,network-documentation-commit-recency,docs_last_commit_age_days,0.911019,<=,60,pass,backfill:api.github.com,weekly sample from filecoin-project/filecoin-docs commits history
2026-06-19,fil-b,network-documentation-commit-recency,docs_last_commit_age_days,7.911019,<=,60,pass,backfill:api.github.com,weekly sample from filecoin-project/filecoin-docs commits history
2026-06-26,fil-b,network-documentation-commit-recency,docs_last_commit_age_days,14.911019,<=,60,pass,backfill:api.github.com,weekly sample from filecoin-project/filecoin-docs commits history
2026-07-03,fil-b,network-documentation-commit-recency,docs_last_commit_age_days,6.825208,<=,60,pass,backfill:api.github.com,weekly sample from filecoin-project/filecoin-docs commits history
2026-07-10,fil-b,network-documentation-commit-recency,docs_last_commit_age_days,13.825208,<=,60,pass,backfill:api.github.com,weekly sample from filecoin-project/filecoin-docs commits history
2026-07-15,fil-b,network-documentation-commit-recency,docs_last_commit_age_days,,<=,60.0,indeterminate,live-review,scheduled review reading
2026-07-17,fil-b,network-documentation-commit-recency,docs_last_commit_age_days,20.825208,<=,60,pass,backfill:api.github.com,weekly sample from filecoin-project/filecoin-docs commits history
2026-08-14,fil-b,network-documentation-commit-recency,docs_last_commit_age_days,48.0,<=,60.0,pass,nightly,
2026-07-15,fil-b,network-documentation-commit-volume,docs_commits_trailing_90d,,>=,4.0,indeterminate,live-review,scheduled review reading
2026-07-15,fil-ponto,ecosystem-onboarding-placeholder,awaiting_real_source,,>=,1.0,indeterminate,live-review,scheduled review reading
2026-07-15,filecoin-data-portal,network-data-portal-pipeline-freshness,pipeline_success_age_days,,<=,3.0,indeterminate,live-review,scheduled review reading
2026-08-14,filecoin-data-portal,network-data-portal-pipeline-freshness,pipeline_success_age_days,3.636856317533939,<=,3.0,fail,nightly,
2025-07-01,filecoin-infra-misc,network-monitoring-status-page,incidents_in_month,0.0,,0,,backfill:status.filecoin.io,"incident history (informational, no SLA threshold)"
2025-08-01,filecoin-infra-misc,network-monitoring-status-page,incidents_in_month,0.0,,0,,backfill:status.filecoin.io,"incident history (informational, no SLA threshold)"
2025-09-01,filecoin-infra-misc,network-monitoring-status-page,incidents_in_month,0.0,,0,,backfill:status.filecoin.io,"incident history (informational, no SLA threshold)"
2025-10-01,filecoin-infra-misc,network-monitoring-status-page,incidents_in_month,0.0,,0,,backfill:status.filecoin.io,"incident history (informational, no SLA threshold)"
2025-11-01,filecoin-infra-misc,network-monitoring-status-page,incidents_in_month,0.0,,0,,backfill:status.filecoin.io,"incident history (informational, no SLA threshold)"
2025-12-01,filecoin-infra-misc,network-monitoring-status-page,incidents_in_month,0.0,,0,,backfill:status.filecoin.io,"incident history (informational, no SLA threshold)"
2026-01-01,filecoin-infra-misc,network-monitoring-status-page,incidents_in_month,0.0,,0,,backfill:status.filecoin.io,"incident history (informational, no SLA threshold)"
2026-02-01,filecoin-infra-misc,network-monitoring-status-page,incidents_in_month,0.0,,0,,backfill:status.filecoin.io,"incident history (informational, no SLA threshold)"
2026-03-01,filecoin-infra-misc,network-monitoring-status-page,incidents_in_month,0.0,,0,,backfill:status.filecoin.io,"incident history (informational, no SLA threshold)"
2026-04-01,filecoin-infra-misc,network-monitoring-status-page,incidents_in_month,0.0,,0,,backfill:status.filecoin.io,"incident history (informational, no SLA threshold)"
2026-05-01,filecoin-infra-misc,network-monitoring-status-page,incidents_in_month,0.0,,0,,backfill:status.filecoin.io,"incident history (informational, no SLA threshold)"
2026-06-01,filecoin-infra-misc,network-monitoring-status-page,incidents_in_month,0.0,,0,,backfill:status.filecoin.io,"incident history (informational, no SLA threshold)"
2026-07-01,filecoin-infra-misc,network-monitoring-status-page,incidents_in_month,0.0,,0,,backfill:status.filecoin.io,"incident history (informational, no SLA threshold)"
2026-07-15,filecoin-infra-misc,network-monitoring-status-page,status_page_updated_age_days,0.107243,<=,45.0,pass,live-review,scheduled review reading
2026-08-14,filecoin-infra-misc,network-monitoring-status-page,status_page_updated_age_days,0.04448475334379408,<=,45.0,pass,nightly,
2026-07-15,filecoin-infra-misc,shared-infra-stewardship,stewardship_attestation,,==,1.0,indeterminate,live-review,scheduled review reading
2026-08-14,filecoin-infra-misc,shared-infra-stewardship,stewardship_attestation,,==,1.0,indeterminate,nightly,no value in source response for the measurement window
2026-07-15,filecoin-infra-misc,trusted-setup-param-hosting,param_gateway_availability_ratio,,>=,0.99,indeterminate,live-review,scheduled review reading
2026-08-14,filecoin-infra-misc,trusted-setup-param-hosting,param_gateway_availability_ratio,,>=,0.99,indeterminate,nightly,no value in source response for the measurement window
2025-07-15,filoz,builtin-actors,release_age_days,102.336772,<=,90,fail,backfill:api.github.com,weekly sample from filecoin-project/builtin-actors releases history
2025-07-20,filoz,builtin-actors,release_age_days,107.292214,<=,90,fail,backfill:api.github.com,weekly sample from filecoin-project/builtin-actors releases history
2025-07-22,filoz,builtin-actors,release_age_days,109.336772,<=,90,fail,backfill:api.github.com,weekly sample from filecoin-project/builtin-actors releases history
2025-07-27,filoz,builtin-actors,release_age_days,114.292214,<=,90,fail,backfill:api.github.com,weekly sample from filecoin-project/builtin-actors releases history
2025-07-29,filoz,builtin-actors,release_age_days,116.336772,<=,90,fail,backfill:api.github.com,weekly sample from filecoin-project/builtin-actors releases history
2025-08-03,filoz,builtin-actors,release_age_days,121.292214,<=,90,fail,backfill:api.github.com,weekly sample from filecoin-project/builtin-actors releases history
2025-08-05,filoz,builtin-actors,release_age_days,123.336772,<=,90,fail,backfill:api.github.com,weekly sample from filecoin-project/builtin-actors releases history
2025-08-10,filoz,builtin-actors,release_age_days,128.292214,<=,90,fail,backfill:api.github.com,weekly sample from filecoin-project/builtin-actors releases history
2025-08-12,filoz,builtin-actors,release_age_days,130.336772,<=,90,fail,backfill:api.github.com,weekly sample from filecoin-project/builtin-actors releases history
2025-08-17,filoz,builtin-actors,release_age_days,135.292214,<=,90,fail,backfill:api.github.com,weekly sample from filecoin-project/builtin-actors releases history
2025-08-19,filoz,builtin-actors,release_age_days,137.336772,<=,90,fail,backfill:api.github.com,weekly sample from filecoin-project/builtin-actors releases history
2025-08-24,filoz,builtin-actors,release_age_days,142.292214,<=,90,fail,backfill:api.github.com,weekly sample from filecoin-project/builtin-actors releases history
2025-08-26,filoz,builtin-actors,release_age_days,144.336772,<=,90,fail,backfill:api.github.com,weekly sample from filecoin-project/builtin-actors releases history
2025-08-31,filoz,builtin-actors,release_age_days,149.292214,<=,90,fail,backfill:api.github.com,weekly sample from filecoin-project/builtin-actors releases history
2025-09-02,filoz,builtin-actors,release_age_days,151.336772,<=,90,fail,backfill:api.github.com,weekly sample from filecoin-project/builtin-actors releases history
2025-09-07,filoz,builtin-actors,release_age_days,1.885027,<=,90,pass,backfill:api.github.com,weekly sample from filecoin-project/builtin-actors releases history
2025-09-09,filoz,builtin-actors,release_age_days,3.929584,<=,90,pass,backfill:api.github.com,weekly sample from filecoin-project/builtin-actors releases history
2025-09-14,filoz,builtin-actors,release_age_days,2.851427,<=,90,pass,backfill:api.github.com,weekly sample from filecoin-project/builtin-actors releases history
2025-09-16,filoz,builtin-actors,release_age_days,4.895985,<=,90,pass,backfill:api.github.com,weekly sample from filecoin-project/builtin-actors releases history
2025-09-21,filoz,builtin-actors,release_age_days,9.851427,<=,90,pass,backfill:api.github.com,weekly sample from filecoin-project/builtin-actors releases history
2025-09-23,filoz,builtin-actors,release_age_days,11.895985,<=,90,pass,backfill:api.github.com,weekly sample from filecoin-project/builtin-actors releases history
2025-09-28,filoz,builtin-actors,release_age_days,16.851427,<=,90,pass,backfill:api.github.com,weekly sample from filecoin-project/builtin-actors releases history
2025-09-30,filoz,builtin-actors,release_age_days,18.895985,<=,90,pass,backfill:api.github.com,weekly sample from filecoin-project/builtin-actors releases history
2025-10-05,filoz,builtin-actors,release_age_days,23.851427,<=,90,pass,backfill:api.github.com,weekly sample from filecoin-project/builtin-actors releases history
2025-10-07,filoz,builtin-actors,release_age_days,25.895985,<=,90,pass,backfill:api.github.com,weekly sample from filecoin-project/builtin-actors releases history
2025-10-12,filoz,builtin-actors,release_age_days,30.851427,<=,90,pass,backfill:api.github.com,weekly sample from filecoin-project/builtin-actors releases history
2025-10-14,filoz,builtin-actors,release_age_days,32.895985,<=,90,pass,backfill:api.github.com,weekly sample from filecoin-project/builtin-actors releases history
2025-10-19,filoz,builtin-actors,release_age_days,37.851427,<=,90,pass,backfill:api.github.com,weekly sample from filecoin-project/builtin-actors releases history
2025-10-21,filoz,builtin-actors,release_age_days,39.895985,<=,90,pass,backfill:api.github.com,weekly sample from filecoin-project/builtin-actors releases history
2025-10-26,filoz,builtin-actors,release_age_days,44.851427,<=,90,pass,backfill:api.github.com,weekly sample from filecoin-project/builtin-actors releases history
2025-10-28,filoz,builtin-actors,release_age_days,46.895985,<=,90,pass,backfill:api.github.com,weekly sample from filecoin-project/builtin-actors releases history
2025-11-02,filoz,builtin-actors,release_age_days,51.851427,<=,90,pass,backfill:api.github.com,weekly sample from filecoin-project/builtin-actors releases history
2025-11-04,filoz,builtin-actors,release_age_days,53.895985,<=,90,pass,backfill:api.github.com,weekly sample from filecoin-project/builtin-actors releases history
2025-11-09,filoz,builtin-actors,release_age_days,58.851427,<=,90,pass,backfill:api.github.com,weekly sample from filecoin-project/builtin-actors releases history
2025-11-11,filoz,builtin-actors,release_age_days,60.895985,<=,90,pass,backfill:api.github.com,weekly sample from filecoin-project/builtin-actors releases history
2025-11-16,filoz,builtin-actors,release_age_days,65.851427,<=,90,pass,backfill:api.github.com,weekly sample from filecoin-project/builtin-actors releases history
2025-11-18,filoz,builtin-actors,release_age_days,67.895985,<=,90,pass,backfill:api.github.com,weekly sample from filecoin-project/builtin-actors releases history
2025-11-23,filoz,builtin-actors,release_age_days,72.851427,<=,90,pass,backfill:api.github.com,weekly sample from filecoin-project/builtin-actors releases history
2025-11-25,filoz,builtin-actors,release_age_days,74.895985,<=,90,pass,backfill:api.github.com,weekly sample from filecoin-project/builtin-actors releases history
2025-11-30,filoz,builtin-actors,release_age_days,79.851427,<=,90,pass,backfill:api.github.com,weekly sample from filecoin-project/builtin-actors releases history
2025-12-02,filoz,builtin-actors,release_age_days,81.895985,<=,90,pass,backfill:api.github.com,weekly sample from filecoin-project/builtin-actors releases history
2025-12-07,filoz,builtin-actors,release_age_days,86.851427,<=,90,pass,backfill:api.github.com,weekly sample from filecoin-project/builtin-actors releases history
2025-12-09,filoz,builtin-actors,release_age_days,88.895985,<=,90,pass,backfill:api.github.com,weekly sample from filecoin-project/builtin-actors releases history
2025-12-14,filoz,builtin-actors,release_age_days,93.851427,<=,90,fail,backfill:api.github.com,weekly sample from filecoin-project/builtin-actors releases history
2025-12-16,filoz,builtin-actors,release_age_days,95.895985,<=,90,fail,backfill:api.github.com,weekly sample from filecoin-project/builtin-actors releases history
2025-12-21,filoz,builtin-actors,release_age_days,100.851427,<=,90,fail,backfill:api.github.com,weekly sample from filecoin-project/builtin-actors releases history
2025-12-23,filoz,builtin-actors,release_age_days,102.895985,<=,90,fail,backfill:api.github.com,weekly sample from filecoin-project/builtin-actors releases history
2025-12-28,filoz,builtin-actors,release_age_days,107.851427,<=,90,fail,backfill:api.github.com,weekly sample from filecoin-project/builtin-actors releases history
2025-12-30,filoz,builtin-actors,release_age_days,109.895985,<=,90,fail,backfill:api.github.com,weekly sample from filecoin-project/builtin-actors releases history
2026-01-04,filoz,builtin-actors,release_age_days,114.851427,<=,90,fail,backfill:api.github.com,weekly sample from filecoin-project/builtin-actors releases history
2026-01-06,filoz,builtin-actors,release_age_days,116.895985,<=,90,fail,backfill:api.github.com,weekly sample from filecoin-project/builtin-actors releases history
2026-01-11,filoz,builtin-actors,release_age_days,121.851427,<=,90,fail,backfill:api.github.com,weekly sample from filecoin-project/builtin-actors releases history
2026-01-13,filoz,builtin-actors,release_age_days,123.895985,<=,90,fail,backfill:api.github.com,weekly sample from filecoin-project/builtin-actors releases history
2026-01-18,filoz,builtin-actors,release_age_days,128.851427,<=,90,fail,backfill:api.github.com,weekly sample from filecoin-project/builtin-actors releases history
2026-01-20,filoz,builtin-actors,release_age_days,130.895985,<=,90,fail,backfill:api.github.com,weekly sample from filecoin-project/builtin-actors releases history
2026-01-25,filoz,builtin-actors,release_age_days,135.851427,<=,90,fail,backfill:api.github.com,weekly sample from filecoin-project/builtin-actors releases history
2026-01-27,filoz,builtin-actors,release_age_days,137.895985,<=,90,fail,backfill:api.github.com,weekly sample from filecoin-project/builtin-actors releases history
2026-02-01,filoz,builtin-actors,release_age_days,142.851427,<=,90,fail,backfill:api.github.com,weekly sample from filecoin-project/builtin-actors releases history
2026-02-03,filoz,builtin-actors,release_age_days,144.895985,<=,90,fail,backfill:api.github.com,weekly sample from filecoin-project/builtin-actors releases history
2026-02-08,filoz,builtin-actors,release_age_days,149.851427,<=,90,fail,backfill:api.github.com,weekly sample from filecoin-project/builtin-actors releases history
2026-02-10,filoz,builtin-actors,release_age_days,151.895985,<=,90,fail,backfill:api.github.com,weekly sample from filecoin-project/builtin-actors releases history
2026-02-15,filoz,builtin-actors,release_age_days,156.851427,<=,90,fail,backfill:api.github.com,weekly sample from filecoin-project/builtin-actors releases history
2026-02-17,filoz,builtin-actors,release_age_days,158.895985,<=,90,fail,backfill:api.github.com,weekly sample from filecoin-project/builtin-actors releases history
2026-02-22,filoz,builtin-actors,release_age_days,163.851427,<=,90,fail,backfill:api.github.com,weekly sample from filecoin-project/builtin-actors releases history
2026-02-24,filoz,builtin-actors,release_age_days,165.895985,<=,90,fail,backfill:api.github.com,weekly sample from filecoin-project/builtin-actors releases history
2026-03-01,filoz,builtin-actors,release_age_days,170.851427,<=,90,fail,backfill:api.github.com,weekly sample from filecoin-project/builtin-actors releases history
2026-03-03,filoz,builtin-actors,release_age_days,172.895985,<=,90,fail,backfill:api.github.com,weekly sample from filecoin-project/builtin-actors releases history
2026-03-08,filoz,builtin-actors,release_age_days,177.851427,<=,90,fail,backfill:api.github.com,weekly sample from filecoin-project/builtin-actors releases history
2026-03-10,filoz,builtin-actors,release_age_days,179.895985,<=,90,fail,backfill:api.github.com,weekly sample from filecoin-project/builtin-actors releases history
2026-03-15,filoz,builtin-actors,release_age_days,184.851427,<=,90,fail,backfill:api.github.com,weekly sample from filecoin-project/builtin-actors releases history
2026-03-17,filoz,builtin-actors,release_age_days,186.895985,<=,90,fail,backfill:api.github.com,weekly sample from filecoin-project/builtin-actors releases history
2026-03-22,filoz,builtin-actors,release_age_days,191.851427,<=,90,fail,backfill:api.github.com,weekly sample from filecoin-project/builtin-actors releases history
2026-03-24,filoz,builtin-actors,release_age_days,193.895985,<=,90,fail,backfill:api.github.com,weekly sample from filecoin-project/builtin-actors releases history
2026-03-29,filoz,builtin-actors,release_age_days,198.851427,<=,90,fail,backfill:api.github.com,weekly sample from filecoin-project/builtin-actors releases history
2026-03-31,filoz,builtin-actors,release_age_days,200.895985,<=,90,fail,backfill:api.github.com,weekly sample from filecoin-project/builtin-actors releases history
2026-04-05,filoz,builtin-actors,release_age_days,205.851427,<=,90,fail,backfill:api.github.com,weekly sample from filecoin-project/builtin-actors releases history
2026-04-07,filoz,builtin-actors,release_age_days,207.895985,<=,90,fail,backfill:api.github.com,weekly sample from filecoin-project/builtin-actors releases history
2026-04-12,filoz,builtin-actors,release_age_days,212.851427,<=,90,fail,backfill:api.github.com,weekly sample from filecoin-project/builtin-actors releases history
2026-04-14,filoz,builtin-actors,release_age_days,214.895985,<=,90,fail,backfill:api.github.com,weekly sample from filecoin-project/builtin-actors releases history
2026-04-19,filoz,builtin-actors,release_age_days,3.007087,<=,90,pass,backfill:api.github.com,weekly sample from filecoin-project/builtin-actors releases history
2026-04-21,filoz,builtin-actors,release_age_days,5.051645,<=,90,pass,backfill:api.github.com,weekly sample from filecoin-project/builtin-actors releases history
2026-04-26,filoz,builtin-actors,release_age_days,10.007087,<=,90,pass,backfill:api.github.com,weekly sample from filecoin-project/builtin-actors releases history
2026-04-28,filoz,builtin-actors,release_age_days,0.223033,<=,90,pass,backfill:api.github.com,weekly sample from filecoin-project/builtin-actors releases history
2026-05-03,filoz,builtin-actors,release_age_days,5.178476,<=,90,pass,backfill:api.github.com,weekly sample from filecoin-project/builtin-actors releases history
2026-05-05,filoz,builtin-actors,release_age_days,7.223033,<=,90,pass,backfill:api.github.com,weekly sample from filecoin-project/builtin-actors releases history
2026-05-10,filoz,builtin-actors,release_age_days,12.178476,<=,90,pass,backfill:api.github.com,weekly sample from filecoin-project/builtin-actors releases history
2026-05-12,filoz,builtin-actors,release_age_days,14.223033,<=,90,pass,backfill:api.github.com,weekly sample from filecoin-project/builtin-actors releases history
2026-05-17,filoz,builtin-actors,release_age_days,19.178476,<=,90,pass,backfill:api.github.com,weekly sample from filecoin-project/builtin-actors releases history
2026-05-19,filoz,builtin-actors,release_age_days,21.223033,<=,90,pass,backfill:api.github.com,weekly sample from filecoin-project/builtin-actors releases history
2026-05-24,filoz,builtin-actors,release_age_days,26.178476,<=,90,pass,backfill:api.github.com,weekly sample from filecoin-project/builtin-actors releases history
2026-05-26,filoz,builtin-actors,release_age_days,28.223033,<=,90,pass,backfill:api.github.com,weekly sample from filecoin-project/builtin-actors releases history
2026-05-31,filoz,builtin-actors,release_age_days,33.178476,<=,90,pass,backfill:api.github.com,weekly sample from filecoin-project/builtin-actors releases history
2026-06-02,filoz,builtin-actors,release_age_days,35.223033,<=,90,pass,backfill:api.github.com,weekly sample from filecoin-project/builtin-actors releases history
2026-06-07,filoz,builtin-actors,release_age_days,40.178476,<=,90,pass,backfill:api.github.com,weekly sample from filecoin-project/builtin-actors releases history
2026-06-09,filoz,builtin-actors,release_age_days,42.223033,<=,90,pass,backfill:api.github.com,weekly sample from filecoin-project/builtin-actors releases history
2026-06-14,filoz,builtin-actors,release_age_days,47.178476,<=,90,pass,backfill:api.github.com,weekly sample from filecoin-project/builtin-actors releases history
2026-06-16,filoz,builtin-actors,release_age_days,49.223033,<=,90,pass,backfill:api.github.com,weekly sample from filecoin-project/builtin-actors releases history
2026-06-21,filoz,builtin-actors,release_age_days,54.178476,<=,90,pass,backfill:api.github.com,weekly sample from filecoin-project/builtin-actors releases history
2026-06-23,filoz,builtin-actors,release_age_days,56.223033,<=,90,pass,backfill:api.github.com,weekly sample from filecoin-project/builtin-actors releases history
2026-06-28,filoz,builtin-actors,release_age_days,61.178476,<=,90,pass,backfill:api.github.com,weekly sample from filecoin-project/builtin-actors releases history
2026-06-30,filoz,builtin-actors,release_age_days,63.223033,<=,90,pass,backfill:api.github.com,weekly sample from filecoin-project/builtin-actors releases history
2026-07-05,filoz,builtin-actors,release_age_days,68.178476,<=,90,pass,backfill:api.github.com,weekly sample from filecoin-project/builtin-actors releases history
2026-07-07,filoz,builtin-actors,release_age_days,70.223033,<=,90,pass,backfill:api.github.com,weekly sample from filecoin-project/builtin-actors releases history
2026-07-12,filoz,builtin-actors,release_age_days,75.178476,<=,90,pass,backfill:api.github.com,weekly sample from filecoin-project/builtin-actors releases history
2026-07-14,filoz,builtin-actors,release_age_days,77.223033,<=,90,pass,backfill:api.github.com,weekly sample from filecoin-project/builtin-actors releases history
2026-07-15,filoz,builtin-actors,release_age_days,78.19354,<=,90.0,pass,live-review,scheduled review reading
2026-07-19,filoz,builtin-actors,release_age_days,82.178476,<=,90,pass,backfill:api.github.com,weekly sample from filecoin-project/builtin-actors releases history
2026-08-14,filoz,builtin-actors,release_age_days,107.8657346816085,<=,90.0,fail,nightly,
2026-07-15,filoz,curio-pdp-active-proofsets,pdp_active_proof_sets,1032.0,>=,500.0,pass,live-review,scheduled review reading
2026-08-14,filoz,curio-pdp-active-proofsets,pdp_active_proof_sets,1062.0,>=,500.0,pass,nightly,
2026-07-15,filoz,curio-sealing-release-cadence,avg_days_between_releases,,<=,45.0,indeterminate,live-review,scheduled review reading
2026-08-14,filoz,curio-sealing-release-cadence,avg_days_between_releases,26.1740856,<=,45.0,pass,nightly,
2025-08-21,filoz,curio-sealing-release-cadence,days_between_releases,92.709479,<=,45,fail,backfill:api.github.com,gap since previous release of filecoin-project/curio
2025-09-09,filoz,curio-sealing-release-cadence,days_between_releases,19.384005,<=,45,pass,backfill:api.github.com,gap since previous release of filecoin-project/curio
2025-09-18,filoz,curio-sealing-release-cadence,days_between_releases,8.866586,<=,45,pass,backfill:api.github.com,gap since previous release of filecoin-project/curio
2025-10-31,filoz,curio-sealing-release-cadence,days_between_releases,42.753738,<=,45,pass,backfill:api.github.com,gap since previous release of filecoin-project/curio
2025-12-11,filoz,curio-sealing-release-cadence,days_between_releases,41.162465,<=,45,pass,backfill:api.github.com,gap since previous release of filecoin-project/curio
2026-02-19,filoz,curio-sealing-release-cadence,days_between_releases,69.980648,<=,45,fail,backfill:api.github.com,gap since previous release of filecoin-project/curio
2026-02-20,filoz,curio-sealing-release-cadence,days_between_releases,1.315833,<=,45,pass,backfill:api.github.com,gap since previous release of filecoin-project/curio
2026-03-09,filoz,curio-sealing-release-cadence,days_between_releases,16.72647,<=,45,pass,backfill:api.github.com,gap since previous release of filecoin-project/curio
2026-03-17,filoz,curio-sealing-release-cadence,days_between_releases,8.114838,<=,45,pass,backfill:api.github.com,gap since previous release of filecoin-project/curio
2026-04-28,filoz,curio-sealing-release-cadence,days_between_releases,41.83287,<=,45,pass,backfill:api.github.com,gap since previous release of filecoin-project/curio
2026-05-05,filoz,curio-sealing-release-cadence,days_between_releases,7.024606,<=,45,pass,backfill:api.github.com,gap since previous release of filecoin-project/curio
2026-05-07,filoz,curio-sealing-release-cadence,days_between_releases,2.307118,<=,45,pass,backfill:api.github.com,gap since previous release of filecoin-project/curio
2026-05-20,filoz,curio-sealing-release-cadence,days_between_releases,12.773032,<=,45,pass,backfill:api.github.com,gap since previous release of filecoin-project/curio
2026-05-28,filoz,curio-sealing-release-cadence,days_between_releases,7.905185,<=,45,pass,backfill:api.github.com,gap since previous release of filecoin-project/curio
2026-06-08,filoz,curio-sealing-release-cadence,days_between_releases,11.126435,<=,45,pass,backfill:api.github.com,gap since previous release of filecoin-project/curio
2026-06-11,filoz,curio-sealing-release-cadence,days_between_releases,3.090984,<=,45,pass,backfill:api.github.com,gap since previous release of filecoin-project/curio
2026-07-15,filoz,curio-windowpost-winningpost-scheduler,avg_blocks_per_tipset,4.897715,>=,4.5,pass,live-review,scheduled review reading
2026-08-14,filoz,curio-windowpost-winningpost-scheduler,avg_blocks_per_tipset,4.9066433566433565,>=,4.5,pass,nightly,
2026-07-15,filoz,evm-eam-actor-maintenance,avg_days_between_releases,,<=,60.0,indeterminate,live-review,scheduled review reading
2026-08-14,filoz,evm-eam-actor-maintenance,avg_days_between_releases,32.7077546,<=,60.0,pass,nightly,
2025-09-03,filoz,evm-eam-actor-maintenance,days_between_releases,152.524907,<=,60,fail,backfill:api.github.com,gap since previous release of filecoin-project/builtin-actors
2025-09-04,filoz,evm-eam-actor-maintenance,days_between_releases,0.898183,<=,60,pass,backfill:api.github.com,gap since previous release of filecoin-project/builtin-actors
2025-09-05,filoz,evm-eam-actor-maintenance,days_between_releases,0.984097,<=,60,pass,backfill:api.github.com,gap since previous release of filecoin-project/builtin-actors
2025-09-11,filoz,evm-eam-actor-maintenance,days_between_releases,6.0336,<=,60,pass,backfill:api.github.com,gap since previous release of filecoin-project/builtin-actors
2026-04-16,filoz,evm-eam-actor-maintenance,days_between_releases,216.84434,<=,60,fail,backfill:api.github.com,gap since previous release of filecoin-project/builtin-actors
2026-04-28,filoz,evm-eam-actor-maintenance,days_between_releases,11.828611,<=,60,pass,backfill:api.github.com,gap since previous release of filecoin-project/builtin-actors
2026-07-15,filoz,lotus-consensus-client-release-cadence,avg_days_between_stable_releases,,<=,60.0,indeterminate,live-review,scheduled review reading
2026-08-14,filoz,lotus-consensus-client-release-cadence,avg_days_between_stable_releases,35.3771065,<=,60.0,pass,nightly,
2025-08-01,filoz,lotus-consensus-client-release-cadence,days_between_stable_releases,84.722477,<=,60,fail,backfill:api.github.com,gap since previous release of filecoin-project/lotus
2025-09-11,filoz,lotus-consensus-client-release-cadence,days_between_stable_releases,41.553113,<=,60,pass,backfill:api.github.com,gap since previous release of filecoin-project/lotus
2025-09-16,filoz,lotus-consensus-client-release-cadence,days_between_stable_releases,4.899051,<=,60,pass,backfill:api.github.com,gap since previous release of filecoin-project/lotus
2025-12-01,filoz,lotus-consensus-client-release-cadence,days_between_stable_releases,75.517882,<=,60,fail,backfill:api.github.com,gap since previous release of filecoin-project/lotus
2025-12-03,filoz,lotus-consensus-client-release-cadence,days_between_stable_releases,2.312106,<=,60,pass,backfill:api.github.com,gap since previous release of filecoin-project/lotus
2026-02-09,filoz,lotus-consensus-client-release-cadence,days_between_stable_releases,67.682141,<=,60,fail,backfill:api.github.com,gap since previous release of filecoin-project/lotus
2026-02-19,filoz,lotus-consensus-client-release-cadence,days_between_stable_releases,9.990116,<=,60,pass,backfill:api.github.com,gap since previous release of filecoin-project/lotus
2026-03-31,filoz,lotus-consensus-client-release-cadence,days_between_stable_releases,40.087917,<=,60,pass,backfill:api.github.com,gap since previous release of filecoin-project/lotus
2026-05-13,filoz,lotus-consensus-client-release-cadence,days_between_stable_releases,43.394201,<=,60,pass,backfill:api.github.com,gap since previous release of filecoin-project/lotus
2026-06-30,filoz,lotus-consensus-client-release-cadence,days_between_stable_releases,47.597674,<=,60,pass,backfill:api.github.com,gap since previous release of filecoin-project/lotus
2026-07-15,filoz,lotus-miner-winningpost-block-production,mainnet_avg_tipset_interval_seconds,30.369069,<=,45.0,pass,live-review,scheduled review reading
2026-08-14,filoz,lotus-miner-winningpost-block-production,mainnet_avg_tipset_interval_seconds,30.209790209790214,<=,45.0,pass,nightly,
2026-07-15,filoz,pdp-active-providers,pdp_total_providers,29.0,>=,3.0,pass,live-review,scheduled review reading
2026-08-14,filoz,pdp-active-providers,pdp_total_providers,32.0,>=,3.0,pass,nightly,
2026-07-15,goldsky,fevm-chain-indexing-errors,fevm_subgraph_indexing_errors,0.0,==,0.0,pass,live-review,scheduled review reading
2026-08-14,goldsky,fevm-chain-indexing-errors,fevm_subgraph_indexing_errors,0.0,==,0.0,pass,nightly,
2026-07-15,goldsky,fevm-chain-indexing-freshness,fevm_subgraph_indexing_lag_seconds,46.0,<=,600.0,pass,live-review,scheduled review reading
2026-08-14,goldsky,fevm-chain-indexing-freshness,fevm_subgraph_indexing_lag_seconds,36.0,<=,600.0,pass,nightly,
2025-07-30,libp2p-networking,libp2p-release-cadence,days_between_releases,41.942477,<=,60,pass,backfill:api.github.com,gap since previous release of libp2p/go-libp2p
2025-08-07,libp2p-networking,libp2p-release-cadence,days_between_releases,8.025544,<=,60,pass,backfill:api.github.com,gap since previous release of libp2p/go-libp2p
2025-10-07,libp2p-networking,libp2p-release-cadence,days_between_releases,61.197014,<=,60,fail,backfill:api.github.com,gap since previous release of libp2p/go-libp2p
2025-11-06,libp2p-networking,libp2p-release-cadence,days_between_releases,29.326493,<=,60,pass,backfill:api.github.com,gap since previous release of libp2p/go-libp2p
2025-12-13,libp2p-networking,libp2p-release-cadence,days_between_releases,37.234317,<=,60,pass,backfill:api.github.com,gap since previous release of libp2p/go-libp2p
2026-01-25,libp2p-networking,libp2p-release-cadence,days_between_releases,43.216921,<=,60,pass,backfill:api.github.com,gap since previous release of libp2p/go-libp2p
2026-03-17,libp2p-networking,libp2p-release-cadence,days_between_releases,51.294039,<=,60,pass,backfill:api.github.com,gap since previous release of libp2p/go-libp2p
2026-07-15,libp2p-networking,libp2p-release-cadence,libp2p_avg_days_between_releases,,<=,60.0,indeterminate,live-review,scheduled review reading
2026-08-14,libp2p-networking,libp2p-release-cadence,libp2p_avg_days_between_releases,25.6081134,<=,60.0,pass,nightly,
2026-07-15,libp2p-networking,mainnet-block-propagation-cadence,mainnet_avg_seconds_per_epoch,,<=,45.0,indeterminate,live-review,scheduled review reading
2026-08-14,libp2p-networking,mainnet-block-propagation-cadence,mainnet_avg_seconds_per_epoch,30.0,<=,45.0,pass,nightly,
2025-07-15,lily,lily-etl-maintenance,lily_days_since_last_commit,7.060325,<=,90,pass,backfill:api.github.com,weekly sample from filecoin-project/lily commits history
2025-07-20,lily,lily-etl-maintenance,lily_days_since_last_commit,12.015768,<=,90,pass,backfill:api.github.com,weekly sample from filecoin-project/lily commits history
2025-07-22,lily,lily-etl-maintenance,lily_days_since_last_commit,14.060325,<=,90,pass,backfill:api.github.com,weekly sample from filecoin-project/lily commits history
2025-07-27,lily,lily-etl-maintenance,lily_days_since_last_commit,19.015768,<=,90,pass,backfill:api.github.com,weekly sample from filecoin-project/lily commits history
2025-07-29,lily,lily-etl-maintenance,lily_days_since_last_commit,21.060325,<=,90,pass,backfill:api.github.com,weekly sample from filecoin-project/lily commits history
2025-08-03,lily,lily-etl-maintenance,lily_days_since_last_commit,26.015768,<=,90,pass,backfill:api.github.com,weekly sample from filecoin-project/lily commits history
2025-08-05,lily,lily-etl-maintenance,lily_days_since_last_commit,28.060325,<=,90,pass,backfill:api.github.com,weekly sample from filecoin-project/lily commits history
2025-08-10,lily,lily-etl-maintenance,lily_days_since_last_commit,33.015768,<=,90,pass,backfill:api.github.com,weekly sample from filecoin-project/lily commits history
2025-08-12,lily,lily-etl-maintenance,lily_days_since_last_commit,35.060325,<=,90,pass,backfill:api.github.com,weekly sample from filecoin-project/lily commits history
2025-08-17,lily,lily-etl-maintenance,lily_days_since_last_commit,40.015768,<=,90,pass,backfill:api.github.com,weekly sample from filecoin-project/lily commits history
2025-08-19,lily,lily-etl-maintenance,lily_days_since_last_commit,42.060325,<=,90,pass,backfill:api.github.com,weekly sample from filecoin-project/lily commits history
2025-08-24,lily,lily-etl-maintenance,lily_days_since_last_commit,47.015768,<=,90,pass,backfill:api.github.com,weekly sample from filecoin-project/lily commits history
2025-08-26,lily,lily-etl-maintenance,lily_days_since_last_commit,49.060325,<=,90,pass,backfill:api.github.com,weekly sample from filecoin-project/lily commits history
2025-08-31,lily,lily-etl-maintenance,lily_days_since_last_commit,54.015768,<=,90,pass,backfill:api.github.com,weekly sample from filecoin-project/lily commits history
2025-09-02,lily,lily-etl-maintenance,lily_days_since_last_commit,56.060325,<=,90,pass,backfill:api.github.com,weekly sample from filecoin-project/lily commits history
2025-09-07,lily,lily-etl-maintenance,lily_days_since_last_commit,61.015768,<=,90,pass,backfill:api.github.com,weekly sample from filecoin-project/lily commits history
2025-09-09,lily,lily-etl-maintenance,lily_days_since_last_commit,63.060325,<=,90,pass,backfill:api.github.com,weekly sample from filecoin-project/lily commits history
2025-09-14,lily,lily-etl-maintenance,lily_days_since_last_commit,68.015768,<=,90,pass,backfill:api.github.com,weekly sample from filecoin-project/lily commits history
2025-09-16,lily,lily-etl-maintenance,lily_days_since_last_commit,1.502895,<=,90,pass,backfill:api.github.com,weekly sample from filecoin-project/lily commits history
2025-09-21,lily,lily-etl-maintenance,lily_days_since_last_commit,6.458337,<=,90,pass,backfill:api.github.com,weekly sample from filecoin-project/lily commits history
2025-09-23,lily,lily-etl-maintenance,lily_days_since_last_commit,0.504388,<=,90,pass,backfill:api.github.com,weekly sample from filecoin-project/lily commits history
2025-09-28,lily,lily-etl-maintenance,lily_days_since_last_commit,2.902492,<=,90,pass,backfill:api.github.com,weekly sample from filecoin-project/lily commits history
2025-09-30,lily,lily-etl-maintenance,lily_days_since_last_commit,4.94705,<=,90,pass,backfill:api.github.com,weekly sample from filecoin-project/lily commits history
2025-10-05,lily,lily-etl-maintenance,lily_days_since_last_commit,9.902492,<=,90,pass,backfill:api.github.com,weekly sample from filecoin-project/lily commits history
2025-10-07,lily,lily-etl-maintenance,lily_days_since_last_commit,11.94705,<=,90,pass,backfill:api.github.com,weekly sample from filecoin-project/lily commits history
2025-10-12,lily,lily-etl-maintenance,lily_days_since_last_commit,16.902492,<=,90,pass,backfill:api.github.com,weekly sample from filecoin-project/lily commits history
2025-10-14,lily,lily-etl-maintenance,lily_days_since_last_commit,18.94705,<=,90,pass,backfill:api.github.com,weekly sample from filecoin-project/lily commits history
2025-10-19,lily,lily-etl-maintenance,lily_days_since_last_commit,23.902492,<=,90,pass,backfill:api.github.com,weekly sample from filecoin-project/lily commits history
2025-10-21,lily,lily-etl-maintenance,lily_days_since_last_commit,25.94705,<=,90,pass,backfill:api.github.com,weekly sample from filecoin-project/lily commits history
2025-10-26,lily,lily-etl-maintenance,lily_days_since_last_commit,30.902492,<=,90,pass,backfill:api.github.com,weekly sample from filecoin-project/lily commits history
2025-10-28,lily,lily-etl-maintenance,lily_days_since_last_commit,0.323739,<=,90,pass,backfill:api.github.com,weekly sample from filecoin-project/lily commits history
2025-11-02,lily,lily-etl-maintenance,lily_days_since_last_commit,5.279182,<=,90,pass,backfill:api.github.com,weekly sample from filecoin-project/lily commits history
2025-11-04,lily,lily-etl-maintenance,lily_days_since_last_commit,7.323739,<=,90,pass,backfill:api.github.com,weekly sample from filecoin-project/lily commits history
2025-11-09,lily,lily-etl-maintenance,lily_days_since_last_commit,12.279182,<=,90,pass,backfill:api.github.com,weekly sample from filecoin-project/lily commits history
2025-11-11,lily,lily-etl-maintenance,lily_days_since_last_commit,14.323739,<=,90,pass,backfill:api.github.com,weekly sample from filecoin-project/lily commits history
2025-11-16,lily,lily-etl-maintenance,lily_days_since_last_commit,19.279182,<=,90,pass,backfill:api.github.com,weekly sample from filecoin-project/lily commits history
2025-11-18,lily,lily-etl-maintenance,lily_days_since_last_commit,21.323739,<=,90,pass,backfill:api.github.com,weekly sample from filecoin-project/lily commits history
2025-11-23,lily,lily-etl-maintenance,lily_days_since_last_commit,26.279182,<=,90,pass,backfill:api.github.com,weekly sample from filecoin-project/lily commits history
2025-11-25,lily,lily-etl-maintenance,lily_days_since_last_commit,28.323739,<=,90,pass,backfill:api.github.com,weekly sample from filecoin-project/lily commits history
2025-11-30,lily,lily-etl-maintenance,lily_days_since_last_commit,33.279182,<=,90,pass,backfill:api.github.com,weekly sample from filecoin-project/lily commits history
2025-12-02,lily,lily-etl-maintenance,lily_days_since_last_commit,35.323739,<=,90,pass,backfill:api.github.com,weekly sample from filecoin-project/lily commits history
2025-12-07,lily,lily-etl-maintenance,lily_days_since_last_commit,40.279182,<=,90,pass,backfill:api.github.com,weekly sample from filecoin-project/lily commits history
2025-12-09,lily,lily-etl-maintenance,lily_days_since_last_commit,42.323739,<=,90,pass,backfill:api.github.com,weekly sample from filecoin-project/lily commits history
2025-12-14,lily,lily-etl-maintenance,lily_days_since_last_commit,47.279182,<=,90,pass,backfill:api.github.com,weekly sample from filecoin-project/lily commits history
2025-12-16,lily,lily-etl-maintenance,lily_days_since_last_commit,49.323739,<=,90,pass,backfill:api.github.com,weekly sample from filecoin-project/lily commits history
2025-12-21,lily,lily-etl-maintenance,lily_days_since_last_commit,54.279182,<=,90,pass,backfill:api.github.com,weekly sample from filecoin-project/lily commits history
2025-12-23,lily,lily-etl-maintenance,lily_days_since_last_commit,56.323739,<=,90,pass,backfill:api.github.com,weekly sample from filecoin-project/lily commits history
2025-12-28,lily,lily-etl-maintenance,lily_days_since_last_commit,61.279182,<=,90,pass,backfill:api.github.com,weekly sample from filecoin-project/lily commits history
2025-12-30,lily,lily-etl-maintenance,lily_days_since_last_commit,63.323739,<=,90,pass,backfill:api.github.com,weekly sample from filecoin-project/lily commits history
2026-01-04,lily,lily-etl-maintenance,lily_days_since_last_commit,68.279182,<=,90,pass,backfill:api.github.com,weekly sample from filecoin-project/lily commits history
2026-01-06,lily,lily-etl-maintenance,lily_days_since_last_commit,1.251008,<=,90,pass,backfill:api.github.com,weekly sample from filecoin-project/lily commits history
2026-01-11,lily,lily-etl-maintenance,lily_days_since_last_commit,6.206451,<=,90,pass,backfill:api.github.com,weekly sample from filecoin-project/lily commits history
2026-01-13,lily,lily-etl-maintenance,lily_days_since_last_commit,8.251008,<=,90,pass,backfill:api.github.com,weekly sample from filecoin-project/lily commits history
2026-01-18,lily,lily-etl-maintenance,lily_days_since_last_commit,2.358221,<=,90,pass,backfill:api.github.com,weekly sample from filecoin-project/lily commits history
2026-01-20,lily,lily-etl-maintenance,lily_days_since_last_commit,4.402779,<=,90,pass,backfill:api.github.com,weekly sample from filecoin-project/lily commits history
2026-01-25,lily,lily-etl-maintenance,lily_days_since_last_commit,9.358221,<=,90,pass,backfill:api.github.com,weekly sample from filecoin-project/lily commits history
2026-01-27,lily,lily-etl-maintenance,lily_days_since_last_commit,11.402779,<=,90,pass,backfill:api.github.com,weekly sample from filecoin-project/lily commits history
2026-02-01,lily,lily-etl-maintenance,lily_days_since_last_commit,16.358221,<=,90,pass,backfill:api.github.com,weekly sample from filecoin-project/lily commits history
2026-02-03,lily,lily-etl-maintenance,lily_days_since_last_commit,18.402779,<=,90,pass,backfill:api.github.com,weekly sample from filecoin-project/lily commits history
2026-02-08,lily,lily-etl-maintenance,lily_days_since_last_commit,23.358221,<=,90,pass,backfill:api.github.com,weekly sample from filecoin-project/lily commits history
2026-02-10,lily,lily-etl-maintenance,lily_days_since_last_commit,25.402779,<=,90,pass,backfill:api.github.com,weekly sample from filecoin-project/lily commits history
2026-02-15,lily,lily-etl-maintenance,lily_days_since_last_commit,30.358221,<=,90,pass,backfill:api.github.com,weekly sample from filecoin-project/lily commits history
2026-02-17,lily,lily-etl-maintenance,lily_days_since_last_commit,32.402779,<=,90,pass,backfill:api.github.com,weekly sample from filecoin-project/lily commits history
2026-02-22,lily,lily-etl-maintenance,lily_days_since_last_commit,37.358221,<=,90,pass,backfill:api.github.com,weekly sample from filecoin-project/lily commits history
2026-02-24,lily,lily-etl-maintenance,lily_days_since_last_commit,1.471332,<=,90,pass,backfill:api.github.com,weekly sample from filecoin-project/lily commits history
2026-03-01,lily,lily-etl-maintenance,lily_days_since_last_commit,6.426775,<=,90,pass,backfill:api.github.com,weekly sample from filecoin-project/lily commits history
2026-03-03,lily,lily-etl-maintenance,lily_days_since_last_commit,8.471332,<=,90,pass,backfill:api.github.com,weekly sample from filecoin-project/lily commits history
2026-03-08,lily,lily-etl-maintenance,lily_days_since_last_commit,13.426775,<=,90,pass,backfill:api.github.com,weekly sample from filecoin-project/lily commits history
2026-03-10,lily,lily-etl-maintenance,lily_days_since_last_commit,15.471332,<=,90,pass,backfill:api.github.com,weekly sample from filecoin-project/lily commits history
2026-03-15,lily,lily-etl-maintenance,lily_days_since_last_commit,20.426775,<=,90,pass,backfill:api.github.com,weekly sample from filecoin-project/lily commits history
2026-03-17,lily,lily-etl-maintenance,lily_days_since_last_commit,22.471332,<=,90,pass,backfill:api.github.com,weekly sample from filecoin-project/lily commits history
2026-03-22,lily,lily-etl-maintenance,lily_days_since_last_commit,27.426775,<=,90,pass,backfill:api.github.com,weekly sample from filecoin-project/lily commits history
2026-03-24,lily,lily-etl-maintenance,lily_days_since_last_commit,29.471332,<=,90,pass,backfill:api.github.com,weekly sample from filecoin-project/lily commits history
2026-03-29,lily,lily-etl-maintenance,lily_days_since_last_commit,34.426775,<=,90,pass,backfill:api.github.com,weekly sample from filecoin-project/lily commits history
2026-03-31,lily,lily-etl-maintenance,lily_days_since_last_commit,36.471332,<=,90,pass,backfill:api.github.com,weekly sample from filecoin-project/lily commits history
2026-04-05,lily,lily-etl-maintenance,lily_days_since_last_commit,41.426775,<=,90,pass,backfill:api.github.com,weekly sample from filecoin-project/lily commits history
2026-04-07,lily,lily-etl-maintenance,lily_days_since_last_commit,43.471332,<=,90,pass,backfill:api.github.com,weekly sample from filecoin-project/lily commits history
2026-04-12,lily,lily-etl-maintenance,lily_days_since_last_commit,48.426775,<=,90,pass,backfill:api.github.com,weekly sample from filecoin-project/lily commits history
2026-04-14,lily,lily-etl-maintenance,lily_days_since_last_commit,50.471332,<=,90,pass,backfill:api.github.com,weekly sample from filecoin-project/lily commits history
2026-04-19,lily,lily-etl-maintenance,lily_days_since_last_commit,55.426775,<=,90,pass,backfill:api.github.com,weekly sample from filecoin-project/lily commits history
2026-04-21,lily,lily-etl-maintenance,lily_days_since_last_commit,57.471332,<=,90,pass,backfill:api.github.com,weekly sample from filecoin-project/lily commits history
2026-04-26,lily,lily-etl-maintenance,lily_days_since_last_commit,62.426775,<=,90,pass,backfill:api.github.com,weekly sample from filecoin-project/lily commits history
2026-04-28,lily,lily-etl-maintenance,lily_days_since_last_commit,1.475533,<=,90,pass,backfill:api.github.com,weekly sample from filecoin-project/lily commits history
2026-05-03,lily,lily-etl-maintenance,lily_days_since_last_commit,6.430976,<=,90,pass,backfill:api.github.com,weekly sample from filecoin-project/lily commits history
2026-05-05,lily,lily-etl-maintenance,lily_days_since_last_commit,8.475533,<=,90,pass,backfill:api.github.com,weekly sample from filecoin-project/lily commits history
2026-05-10,lily,lily-etl-maintenance,lily_days_since_last_commit,13.430976,<=,90,pass,backfill:api.github.com,weekly sample from filecoin-project/lily commits history
2026-05-12,lily,lily-etl-maintenance,lily_days_since_last_commit,15.475533,<=,90,pass,backfill:api.github.com,weekly sample from filecoin-project/lily commits history
2026-05-17,lily,lily-etl-maintenance,lily_days_since_last_commit,20.430976,<=,90,pass,backfill:api.github.com,weekly sample from filecoin-project/lily commits history
2026-05-19,lily,lily-etl-maintenance,lily_days_since_last_commit,1.069689,<=,90,pass,backfill:api.github.com,weekly sample from filecoin-project/lily commits history
2026-05-24,lily,lily-etl-maintenance,lily_days_since_last_commit,6.025131,<=,90,pass,backfill:api.github.com,weekly sample from filecoin-project/lily commits history
2026-05-26,lily,lily-etl-maintenance,lily_days_since_last_commit,8.069689,<=,90,pass,backfill:api.github.com,weekly sample from filecoin-project/lily commits history
2026-05-31,lily,lily-etl-maintenance,lily_days_since_last_commit,13.025131,<=,90,pass,backfill:api.github.com,weekly sample from filecoin-project/lily commits history
2026-06-02,lily,lily-etl-maintenance,lily_days_since_last_commit,15.069689,<=,90,pass,backfill:api.github.com,weekly sample from filecoin-project/lily commits history
2026-06-07,lily,lily-etl-maintenance,lily_days_since_last_commit,20.025131,<=,90,pass,backfill:api.github.com,weekly sample from filecoin-project/lily commits history
2026-06-09,lily,lily-etl-maintenance,lily_days_since_last_commit,22.069689,<=,90,pass,backfill:api.github.com,weekly sample from filecoin-project/lily commits history
2026-06-14,lily,lily-etl-maintenance,lily_days_since_last_commit,27.025131,<=,90,pass,backfill:api.github.com,weekly sample from filecoin-project/lily commits history
2026-06-16,lily,lily-etl-maintenance,lily_days_since_last_commit,29.069689,<=,90,pass,backfill:api.github.com,weekly sample from filecoin-project/lily commits history
2026-06-21,lily,lily-etl-maintenance,lily_days_since_last_commit,34.025131,<=,90,pass,backfill:api.github.com,weekly sample from filecoin-project/lily commits history
2026-06-23,lily,lily-etl-maintenance,lily_days_since_last_commit,36.069689,<=,90,pass,backfill:api.github.com,weekly sample from filecoin-project/lily commits history
2026-06-28,lily,lily-etl-maintenance,lily_days_since_last_commit,41.025131,<=,90,pass,backfill:api.github.com,weekly sample from filecoin-project/lily commits history
2026-06-30,lily,lily-etl-maintenance,lily_days_since_last_commit,43.069689,<=,90,pass,backfill:api.github.com,weekly sample from filecoin-project/lily commits history
2026-07-05,lily,lily-etl-maintenance,lily_days_since_last_commit,48.025131,<=,90,pass,backfill:api.github.com,weekly sample from filecoin-project/lily commits history
2026-07-07,lily,lily-etl-maintenance,lily_days_since_last_commit,50.069689,<=,90,pass,backfill:api.github.com,weekly sample from filecoin-project/lily commits history
2026-07-12,lily,lily-etl-maintenance,lily_days_since_last_commit,55.025131,<=,90,pass,backfill:api.github.com,weekly sample from filecoin-project/lily commits history
2026-07-14,lily,lily-etl-maintenance,lily_days_since_last_commit,1.231529,<=,90,pass,backfill:api.github.com,weekly sample from filecoin-project/lily commits history
2026-07-15,lily,lily-etl-maintenance,lily_days_since_last_commit,2.160943,<=,90.0,pass,live-review,scheduled review reading
2026-07-19,lily,lily-etl-maintenance,lily_days_since_last_commit,6.186971,<=,90,pass,backfill:api.github.com,weekly sample from filecoin-project/lily commits history
2026-08-14,lily,lily-etl-maintenance,lily_days_since_last_commit,8.028605561435775,<=,90.0,pass,nightly,
2026-07-15,oif-ipni,content-routing-ipni,ipni_error_free_ratio,0.969925,>=,0.95,pass,live-review,scheduled review reading
2026-08-14,oif-ipni,content-routing-ipni,ipni_error_free_ratio,0.8992248062015504,>=,0.95,fail,nightly,
2026-07-15,oif-ipni,content-routing-ipni-ingest-liveness,ipni_providers_advertised_24h,28.0,>=,15.0,pass,live-review,scheduled review reading
2026-08-14,oif-ipni,content-routing-ipni-ingest-liveness,ipni_providers_advertised_24h,32.0,>=,15.0,pass,nightly,
2026-07-15,oif-ipni,content-routing-ipni-provider-count,ipni_provider_count,133.0,>=,100.0,pass,live-review,scheduled review reading
2026-08-14,oif-ipni,content-routing-ipni-provider-count,ipni_provider_count,129.0,>=,100.0,pass,nightly,
2026-07-15,plumbline,calibnet-active-miners,calibnet_active_miners,8.0,>=,4.0,pass,live-review,scheduled review reading
2026-07-15,plumbline,calibnet-block-win-spread,calibnet_avg_blocks_per_tipset,2.707897,>=,1.5,pass,live-review,scheduled review reading
2026-07-15,plumbline,calibnet-chain-liveness,avg_seconds_per_epoch,30.0,<=,45.0,pass,live-review,scheduled review reading
2026-07-15,plumbline,calibnet-head-epoch-lag,calibnet_head_epoch_lag,0.5,<=,10.0,pass,live-review,scheduled review reading
2026-07-15,plumbline,calibnet-sp-power-share,calibnet_miner_qap_share,0.370339,<,0.3334,fail,live-review,scheduled review reading
2026-08-14,plumbline,calibnet-sp-power-share,calibnet_miner_qap_share,0.3472174909417485,<,0.3334,fail,nightly,
2025-07-15,proving,proving-crypto-primitives-maintenance,bellperson_days_since_last_commit,0.021702,<=,180,pass,backfill:api.github.com,weekly sample from filecoin-project/bellperson commits history
2025-07-20,proving,proving-crypto-primitives-maintenance,bellperson_days_since_last_commit,4.977145,<=,180,pass,backfill:api.github.com,weekly sample from filecoin-project/bellperson commits history
2025-07-22,proving,proving-crypto-primitives-maintenance,bellperson_days_since_last_commit,7.021702,<=,180,pass,backfill:api.github.com,weekly sample from filecoin-project/bellperson commits history
2025-07-27,proving,proving-crypto-primitives-maintenance,bellperson_days_since_last_commit,4.105918,<=,180,pass,backfill:api.github.com,weekly sample from filecoin-project/bellperson commits history
2025-07-29,proving,proving-crypto-primitives-maintenance,bellperson_days_since_last_commit,0.057617,<=,180,pass,backfill:api.github.com,weekly sample from filecoin-project/bellperson commits history
2025-08-03,proving,proving-crypto-primitives-maintenance,bellperson_days_since_last_commit,5.013059,<=,180,pass,backfill:api.github.com,weekly sample from filecoin-project/bellperson commits history
2025-08-05,proving,proving-crypto-primitives-maintenance,bellperson_days_since_last_commit,7.057617,<=,180,pass,backfill:api.github.com,weekly sample from filecoin-project/bellperson commits history
2025-08-10,proving,proving-crypto-primitives-maintenance,bellperson_days_since_last_commit,12.013059,<=,180,pass,backfill:api.github.com,weekly sample from filecoin-project/bellperson commits history
2025-08-12,proving,proving-crypto-primitives-maintenance,bellperson_days_since_last_commit,14.057617,<=,180,pass,backfill:api.github.com,weekly sample from filecoin-project/bellperson commits history
2025-08-17,proving,proving-crypto-primitives-maintenance,bellperson_days_since_last_commit,19.013059,<=,180,pass,backfill:api.github.com,weekly sample from filecoin-project/bellperson commits history
2025-08-19,proving,proving-crypto-primitives-maintenance,bellperson_days_since_last_commit,21.057617,<=,180,pass,backfill:api.github.com,weekly sample from filecoin-project/bellperson commits history
2025-08-24,proving,proving-crypto-primitives-maintenance,bellperson_days_since_last_commit,26.013059,<=,180,pass,backfill:api.github.com,weekly sample from filecoin-project/bellperson commits history
2025-08-26,proving,proving-crypto-primitives-maintenance,bellperson_days_since_last_commit,28.057617,<=,180,pass,backfill:api.github.com,weekly sample from filecoin-project/bellperson commits history
2025-08-31,proving,proving-crypto-primitives-maintenance,bellperson_days_since_last_commit,33.013059,<=,180,pass,backfill:api.github.com,weekly sample from filecoin-project/bellperson commits history
2025-09-02,proving,proving-crypto-primitives-maintenance,bellperson_days_since_last_commit,35.057617,<=,180,pass,backfill:api.github.com,weekly sample from filecoin-project/bellperson commits history
2025-09-07,proving,proving-crypto-primitives-maintenance,bellperson_days_since_last_commit,40.013059,<=,180,pass,backfill:api.github.com,weekly sample from filecoin-project/bellperson commits history
2025-09-09,proving,proving-crypto-primitives-maintenance,bellperson_days_since_last_commit,42.057617,<=,180,pass,backfill:api.github.com,weekly sample from filecoin-project/bellperson commits history
2025-09-14,proving,proving-crypto-primitives-maintenance,bellperson_days_since_last_commit,47.013059,<=,180,pass,backfill:api.github.com,weekly sample from filecoin-project/bellperson commits history
2025-09-16,proving,proving-crypto-primitives-maintenance,bellperson_days_since_last_commit,49.057617,<=,180,pass,backfill:api.github.com,weekly sample from filecoin-project/bellperson commits history
2025-09-21,proving,proving-crypto-primitives-maintenance,bellperson_days_since_last_commit,54.013059,<=,180,pass,backfill:api.github.com,weekly sample from filecoin-project/bellperson commits history
2025-09-23,proving,proving-crypto-primitives-maintenance,bellperson_days_since_last_commit,56.057617,<=,180,pass,backfill:api.github.com,weekly sample from filecoin-project/bellperson commits history
2025-09-28,proving,proving-crypto-primitives-maintenance,bellperson_days_since_last_commit,61.013059,<=,180,pass,backfill:api.github.com,weekly sample from filecoin-project/bellperson commits history
2025-09-30,proving,proving-crypto-primitives-maintenance,bellperson_days_since_last_commit,63.057617,<=,180,pass,backfill:api.github.com,weekly sample from filecoin-project/bellperson commits history
2025-10-05,proving,proving-crypto-primitives-maintenance,bellperson_days_since_last_commit,68.013059,<=,180,pass,backfill:api.github.com,weekly sample from filecoin-project/bellperson commits history
2025-10-07,proving,proving-crypto-primitives-maintenance,bellperson_days_since_last_commit,70.057617,<=,180,pass,backfill:api.github.com,weekly sample from filecoin-project/bellperson commits history
2025-10-12,proving,proving-crypto-primitives-maintenance,bellperson_days_since_last_commit,75.013059,<=,180,pass,backfill:api.github.com,weekly sample from filecoin-project/bellperson commits history
2025-10-14,proving,proving-crypto-primitives-maintenance,bellperson_days_since_last_commit,77.057617,<=,180,pass,backfill:api.github.com,weekly sample from filecoin-project/bellperson commits history
2025-10-19,proving,proving-crypto-primitives-maintenance,bellperson_days_since_last_commit,82.013059,<=,180,pass,backfill:api.github.com,weekly sample from filecoin-project/bellperson commits history
2025-10-21,proving,proving-crypto-primitives-maintenance,bellperson_days_since_last_commit,84.057617,<=,180,pass,backfill:api.github.com,weekly sample from filecoin-project/bellperson commits history
2025-10-26,proving,proving-crypto-primitives-maintenance,bellperson_days_since_last_commit,89.013059,<=,180,pass,backfill:api.github.com,weekly sample from filecoin-project/bellperson commits history
2025-10-28,proving,proving-crypto-primitives-maintenance,bellperson_days_since_last_commit,91.057617,<=,180,pass,backfill:api.github.com,weekly sample from filecoin-project/bellperson commits history
2025-11-02,proving,proving-crypto-primitives-maintenance,bellperson_days_since_last_commit,96.013059,<=,180,pass,backfill:api.github.com,weekly sample from filecoin-project/bellperson commits history
2025-11-04,proving,proving-crypto-primitives-maintenance,bellperson_days_since_last_commit,98.057617,<=,180,pass,backfill:api.github.com,weekly sample from filecoin-project/bellperson commits history
2025-11-09,proving,proving-crypto-primitives-maintenance,bellperson_days_since_last_commit,103.013059,<=,180,pass,backfill:api.github.com,weekly sample from filecoin-project/bellperson commits history
2025-11-11,proving,proving-crypto-primitives-maintenance,bellperson_days_since_last_commit,105.057617,<=,180,pass,backfill:api.github.com,weekly sample from filecoin-project/bellperson commits history
2025-11-16,proving,proving-crypto-primitives-maintenance,bellperson_days_since_last_commit,110.013059,<=,180,pass,backfill:api.github.com,weekly sample from filecoin-project/bellperson commits history
2025-11-18,proving,proving-crypto-primitives-maintenance,bellperson_days_since_last_commit,112.057617,<=,180,pass,backfill:api.github.com,weekly sample from filecoin-project/bellperson commits history
2025-11-23,proving,proving-crypto-primitives-maintenance,bellperson_days_since_last_commit,117.013059,<=,180,pass,backfill:api.github.com,weekly sample from filecoin-project/bellperson commits history
2025-11-25,proving,proving-crypto-primitives-maintenance,bellperson_days_since_last_commit,119.057617,<=,180,pass,backfill:api.github.com,weekly sample from filecoin-project/bellperson commits history
2025-11-30,proving,proving-crypto-primitives-maintenance,bellperson_days_since_last_commit,124.013059,<=,180,pass,backfill:api.github.com,weekly sample from filecoin-project/bellperson commits history
2025-12-02,proving,proving-crypto-primitives-maintenance,bellperson_days_since_last_commit,126.057617,<=,180,pass,backfill:api.github.com,weekly sample from filecoin-project/bellperson commits history
2025-12-07,proving,proving-crypto-primitives-maintenance,bellperson_days_since_last_commit,131.013059,<=,180,pass,backfill:api.github.com,weekly sample from filecoin-project/bellperson commits history
2025-12-09,proving,proving-crypto-primitives-maintenance,bellperson_days_since_last_commit,133.057617,<=,180,pass,backfill:api.github.com,weekly sample from filecoin-project/bellperson commits history
2025-12-14,proving,proving-crypto-primitives-maintenance,bellperson_days_since_last_commit,138.013059,<=,180,pass,backfill:api.github.com,weekly sample from filecoin-project/bellperson commits history
2025-12-16,proving,proving-crypto-primitives-maintenance,bellperson_days_since_last_commit,140.057617,<=,180,pass,backfill:api.github.com,weekly sample from filecoin-project/bellperson commits history
2025-12-21,proving,proving-crypto-primitives-maintenance,bellperson_days_since_last_commit,145.013059,<=,180,pass,backfill:api.github.com,weekly sample from filecoin-project/bellperson commits history
2025-12-23,proving,proving-crypto-primitives-maintenance,bellperson_days_since_last_commit,147.057617,<=,180,pass,backfill:api.github.com,weekly sample from filecoin-project/bellperson commits history
2025-12-28,proving,proving-crypto-primitives-maintenance,bellperson_days_since_last_commit,152.013059,<=,180,pass,backfill:api.github.com,weekly sample from filecoin-project/bellperson commits history
2025-12-30,proving,proving-crypto-primitives-maintenance,bellperson_days_since_last_commit,154.057617,<=,180,pass,backfill:api.github.com,weekly sample from filecoin-project/bellperson commits history
2026-01-04,proving,proving-crypto-primitives-maintenance,bellperson_days_since_last_commit,159.013059,<=,180,pass,backfill:api.github.com,weekly sample from filecoin-project/bellperson commits history
2026-01-06,proving,proving-crypto-primitives-maintenance,bellperson_days_since_last_commit,161.057617,<=,180,pass,backfill:api.github.com,weekly sample from filecoin-project/bellperson commits history
2026-01-11,proving,proving-crypto-primitives-maintenance,bellperson_days_since_last_commit,166.013059,<=,180,pass,backfill:api.github.com,weekly sample from filecoin-project/bellperson commits history
2026-01-13,proving,proving-crypto-primitives-maintenance,bellperson_days_since_last_commit,168.057617,<=,180,pass,backfill:api.github.com,weekly sample from filecoin-project/bellperson commits history
2026-01-18,proving,proving-crypto-primitives-maintenance,bellperson_days_since_last_commit,173.013059,<=,180,pass,backfill:api.github.com,weekly sample from filecoin-project/bellperson commits history
2026-01-20,proving,proving-crypto-primitives-maintenance,bellperson_days_since_last_commit,175.057617,<=,180,pass,backfill:api.github.com,weekly sample from filecoin-project/bellperson commits history
2026-01-25,proving,proving-crypto-primitives-maintenance,bellperson_days_since_last_commit,180.013059,<=,180,fail,backfill:api.github.com,weekly sample from filecoin-project/bellperson commits history
2026-01-27,proving,proving-crypto-primitives-maintenance,bellperson_days_since_last_commit,182.057617,<=,180,fail,backfill:api.github.com,weekly sample from filecoin-project/bellperson commits history
2026-02-01,proving,proving-crypto-primitives-maintenance,bellperson_days_since_last_commit,187.013059,<=,180,fail,backfill:api.github.com,weekly sample from filecoin-project/bellperson commits history
2026-02-03,proving,proving-crypto-primitives-maintenance,bellperson_days_since_last_commit,189.057617,<=,180,fail,backfill:api.github.com,weekly sample from filecoin-project/bellperson commits history
2026-02-08,proving,proving-crypto-primitives-maintenance,bellperson_days_since_last_commit,194.013059,<=,180,fail,backfill:api.github.com,weekly sample from filecoin-project/bellperson commits history
2026-02-10,proving,proving-crypto-primitives-maintenance,bellperson_days_since_last_commit,196.057617,<=,180,fail,backfill:api.github.com,weekly sample from filecoin-project/bellperson commits history
2026-02-15,proving,proving-crypto-primitives-maintenance,bellperson_days_since_last_commit,201.013059,<=,180,fail,backfill:api.github.com,weekly sample from filecoin-project/bellperson commits history
2026-02-17,proving,proving-crypto-primitives-maintenance,bellperson_days_since_last_commit,203.057617,<=,180,fail,backfill:api.github.com,weekly sample from filecoin-project/bellperson commits history
2026-02-22,proving,proving-crypto-primitives-maintenance,bellperson_days_since_last_commit,2.072758,<=,180,pass,backfill:api.github.com,weekly sample from filecoin-project/bellperson commits history
2026-02-24,proving,proving-crypto-primitives-maintenance,bellperson_days_since_last_commit,0.241564,<=,180,pass,backfill:api.github.com,weekly sample from filecoin-project/bellperson commits history
2026-03-01,proving,proving-crypto-primitives-maintenance,bellperson_days_since_last_commit,3.130015,<=,180,pass,backfill:api.github.com,weekly sample from filecoin-project/bellperson commits history
2026-03-03,proving,proving-crypto-primitives-maintenance,bellperson_days_since_last_commit,5.174573,<=,180,pass,backfill:api.github.com,weekly sample from filecoin-project/bellperson commits history
2026-03-08,proving,proving-crypto-primitives-maintenance,bellperson_days_since_last_commit,10.130015,<=,180,pass,backfill:api.github.com,weekly sample from filecoin-project/bellperson commits history
2026-03-10,proving,proving-crypto-primitives-maintenance,bellperson_days_since_last_commit,12.174573,<=,180,pass,backfill:api.github.com,weekly sample from filecoin-project/bellperson commits history
2026-03-15,proving,proving-crypto-primitives-maintenance,bellperson_days_since_last_commit,17.130015,<=,180,pass,backfill:api.github.com,weekly sample from filecoin-project/bellperson commits history
2026-03-17,proving,proving-crypto-primitives-maintenance,bellperson_days_since_last_commit,19.174573,<=,180,pass,backfill:api.github.com,weekly sample from filecoin-project/bellperson commits history
2026-03-22,proving,proving-crypto-primitives-maintenance,bellperson_days_since_last_commit,24.130015,<=,180,pass,backfill:api.github.com,weekly sample from filecoin-project/bellperson commits history
2026-03-24,proving,proving-crypto-primitives-maintenance,bellperson_days_since_last_commit,26.174573,<=,180,pass,backfill:api.github.com,weekly sample from filecoin-project/bellperson commits history
2026-03-29,proving,proving-crypto-primitives-maintenance,bellperson_days_since_last_commit,31.130015,<=,180,pass,backfill:api.github.com,weekly sample from filecoin-project/bellperson commits history
2026-03-31,proving,proving-crypto-primitives-maintenance,bellperson_days_since_last_commit,33.174573,<=,180,pass,backfill:api.github.com,weekly sample from filecoin-project/bellperson commits history
2026-04-05,proving,proving-crypto-primitives-maintenance,bellperson_days_since_last_commit,3.180802,<=,180,pass,backfill:api.github.com,weekly sample from filecoin-project/bellperson commits history
2026-04-07,proving,proving-crypto-primitives-maintenance,bellperson_days_since_last_commit,5.22536,<=,180,pass,backfill:api.github.com,weekly sample from filecoin-project/bellperson commits history
2026-04-12,proving,proving-crypto-primitives-maintenance,bellperson_days_since_last_commit,10.180802,<=,180,pass,backfill:api.github.com,weekly sample from filecoin-project/bellperson commits history
2026-04-14,proving,proving-crypto-primitives-maintenance,bellperson_days_since_last_commit,12.22536,<=,180,pass,backfill:api.github.com,weekly sample from filecoin-project/bellperson commits history
2026-04-19,proving,proving-crypto-primitives-maintenance,bellperson_days_since_last_commit,17.180802,<=,180,pass,backfill:api.github.com,weekly sample from filecoin-project/bellperson commits history
2026-04-21,proving,proving-crypto-primitives-maintenance,bellperson_days_since_last_commit,19.22536,<=,180,pass,backfill:api.github.com,weekly sample from filecoin-project/bellperson commits history
2026-04-26,proving,proving-crypto-primitives-maintenance,bellperson_days_since_last_commit,24.180802,<=,180,pass,backfill:api.github.com,weekly sample from filecoin-project/bellperson commits history
2026-04-28,proving,proving-crypto-primitives-maintenance,bellperson_days_since_last_commit,26.22536,<=,180,pass,backfill:api.github.com,weekly sample from filecoin-project/bellperson commits history
2026-05-03,proving,proving-crypto-primitives-maintenance,bellperson_days_since_last_commit,31.180802,<=,180,pass,backfill:api.github.com,weekly sample from filecoin-project/bellperson commits history
2026-05-05,proving,proving-crypto-primitives-maintenance,bellperson_days_since_last_commit,33.22536,<=,180,pass,backfill:api.github.com,weekly sample from filecoin-project/bellperson commits history
2026-05-10,proving,proving-crypto-primitives-maintenance,bellperson_days_since_last_commit,38.180802,<=,180,pass,backfill:api.github.com,weekly sample from filecoin-project/bellperson commits history
2026-05-12,proving,proving-crypto-primitives-maintenance,bellperson_days_since_last_commit,40.22536,<=,180,pass,backfill:api.github.com,weekly sample from filecoin-project/bellperson commits history
2026-05-17,proving,proving-crypto-primitives-maintenance,bellperson_days_since_last_commit,45.180802,<=,180,pass,backfill:api.github.com,weekly sample from filecoin-project/bellperson commits history
2026-05-19,proving,proving-crypto-primitives-maintenance,bellperson_days_since_last_commit,47.22536,<=,180,pass,backfill:api.github.com,weekly sample from filecoin-project/bellperson commits history
2026-05-24,proving,proving-crypto-primitives-maintenance,bellperson_days_since_last_commit,52.180802,<=,180,pass,backfill:api.github.com,weekly sample from filecoin-project/bellperson commits history
2026-05-26,proving,proving-crypto-primitives-maintenance,bellperson_days_since_last_commit,54.22536,<=,180,pass,backfill:api.github.com,weekly sample from filecoin-project/bellperson commits history
2026-05-31,proving,proving-crypto-primitives-maintenance,bellperson_days_since_last_commit,59.180802,<=,180,pass,backfill:api.github.com,weekly sample from filecoin-project/bellperson commits history
2026-06-02,proving,proving-crypto-primitives-maintenance,bellperson_days_since_last_commit,61.22536,<=,180,pass,backfill:api.github.com,weekly sample from filecoin-project/bellperson commits history
2026-06-07,proving,proving-crypto-primitives-maintenance,bellperson_days_since_last_commit,66.180802,<=,180,pass,backfill:api.github.com,weekly sample from filecoin-project/bellperson commits history
2026-06-09,proving,proving-crypto-primitives-maintenance,bellperson_days_since_last_commit,68.22536,<=,180,pass,backfill:api.github.com,weekly sample from filecoin-project/bellperson commits history
2026-06-14,proving,proving-crypto-primitives-maintenance,bellperson_days_since_last_commit,73.180802,<=,180,pass,backfill:api.github.com,weekly sample from filecoin-project/bellperson commits history
2026-06-16,proving,proving-crypto-primitives-maintenance,bellperson_days_since_last_commit,75.22536,<=,180,pass,backfill:api.github.com,weekly sample from filecoin-project/bellperson commits history
2026-06-21,proving,proving-crypto-primitives-maintenance,bellperson_days_since_last_commit,80.180802,<=,180,pass,backfill:api.github.com,weekly sample from filecoin-project/bellperson commits history
2026-06-23,proving,proving-crypto-primitives-maintenance,bellperson_days_since_last_commit,82.22536,<=,180,pass,backfill:api.github.com,weekly sample from filecoin-project/bellperson commits history
2026-06-28,proving,proving-crypto-primitives-maintenance,bellperson_days_since_last_commit,87.180802,<=,180,pass,backfill:api.github.com,weekly sample from filecoin-project/bellperson commits history
2026-06-30,proving,proving-crypto-primitives-maintenance,bellperson_days_since_last_commit,89.22536,<=,180,pass,backfill:api.github.com,weekly sample from filecoin-project/bellperson commits history
2026-07-05,proving,proving-crypto-primitives-maintenance,bellperson_days_since_last_commit,4.012758,<=,180,pass,backfill:api.github.com,weekly sample from filecoin-project/bellperson commits history
2026-07-07,proving,proving-crypto-primitives-maintenance,bellperson_days_since_last_commit,6.057316,<=,180,pass,backfill:api.github.com,weekly sample from filecoin-project/bellperson commits history
2026-07-12,proving,proving-crypto-primitives-maintenance,bellperson_days_since_last_commit,11.012758,<=,180,pass,backfill:api.github.com,weekly sample from filecoin-project/bellperson commits history
2026-07-14,proving,proving-crypto-primitives-maintenance,bellperson_days_since_last_commit,13.057316,<=,180,pass,backfill:api.github.com,weekly sample from filecoin-project/bellperson commits history
2026-07-15,proving,proving-crypto-primitives-maintenance,bellperson_days_since_last_commit,,<=,180.0,indeterminate,live-review,scheduled review reading
2026-07-19,proving,proving-crypto-primitives-maintenance,bellperson_days_since_last_commit,18.012758,<=,180,pass,backfill:api.github.com,weekly sample from filecoin-project/bellperson commits history
2026-08-14,proving,proving-crypto-primitives-maintenance,bellperson_days_since_last_commit,11.0554173662955,<=,180.0,pass,nightly,
2025-07-15,proving,rust-fil-proofs-maintenance,proofs_days_since_last_commit,29.818658,<=,120,pass,backfill:api.github.com,weekly sample from filecoin-project/rust-fil-proofs commits history
2025-07-20,proving,rust-fil-proofs-maintenance,proofs_days_since_last_commit,34.774101,<=,120,pass,backfill:api.github.com,weekly sample from filecoin-project/rust-fil-proofs commits history
2025-07-22,proving,rust-fil-proofs-maintenance,proofs_days_since_last_commit,0.567848,<=,120,pass,backfill:api.github.com,weekly sample from filecoin-project/rust-fil-proofs commits history
2025-07-27,proving,rust-fil-proofs-maintenance,proofs_days_since_last_commit,5.523291,<=,120,pass,backfill:api.github.com,weekly sample from filecoin-project/rust-fil-proofs commits history
2025-07-29,proving,rust-fil-proofs-maintenance,proofs_days_since_last_commit,7.567848,<=,120,pass,backfill:api.github.com,weekly sample from filecoin-project/rust-fil-proofs commits history
2025-08-03,proving,rust-fil-proofs-maintenance,proofs_days_since_last_commit,12.523291,<=,120,pass,backfill:api.github.com,weekly sample from filecoin-project/rust-fil-proofs commits history
2025-08-05,proving,rust-fil-proofs-maintenance,proofs_days_since_last_commit,14.567848,<=,120,pass,backfill:api.github.com,weekly sample from filecoin-project/rust-fil-proofs commits history
2025-08-10,proving,rust-fil-proofs-maintenance,proofs_days_since_last_commit,19.523291,<=,120,pass,backfill:api.github.com,weekly sample from filecoin-project/rust-fil-proofs commits history
2025-08-12,proving,rust-fil-proofs-maintenance,proofs_days_since_last_commit,21.567848,<=,120,pass,backfill:api.github.com,weekly sample from filecoin-project/rust-fil-proofs commits history
2025-08-17,proving,rust-fil-proofs-maintenance,proofs_days_since_last_commit,26.523291,<=,120,pass,backfill:api.github.com,weekly sample from filecoin-project/rust-fil-proofs commits history
2025-08-19,proving,rust-fil-proofs-maintenance,proofs_days_since_last_commit,28.567848,<=,120,pass,backfill:api.github.com,weekly sample from filecoin-project/rust-fil-proofs commits history
2025-08-24,proving,rust-fil-proofs-maintenance,proofs_days_since_last_commit,33.523291,<=,120,pass,backfill:api.github.com,weekly sample from filecoin-project/rust-fil-proofs commits history
2025-08-26,proving,rust-fil-proofs-maintenance,proofs_days_since_last_commit,35.567848,<=,120,pass,backfill:api.github.com,weekly sample from filecoin-project/rust-fil-proofs commits history
2025-08-31,proving,rust-fil-proofs-maintenance,proofs_days_since_last_commit,40.523291,<=,120,pass,backfill:api.github.com,weekly sample from filecoin-project/rust-fil-proofs commits history
2025-09-02,proving,rust-fil-proofs-maintenance,proofs_days_since_last_commit,42.567848,<=,120,pass,backfill:api.github.com,weekly sample from filecoin-project/rust-fil-proofs commits history
2025-09-07,proving,rust-fil-proofs-maintenance,proofs_days_since_last_commit,47.523291,<=,120,pass,backfill:api.github.com,weekly sample from filecoin-project/rust-fil-proofs commits history
2025-09-09,proving,rust-fil-proofs-maintenance,proofs_days_since_last_commit,49.567848,<=,120,pass,backfill:api.github.com,weekly sample from filecoin-project/rust-fil-proofs commits history
2025-09-14,proving,rust-fil-proofs-maintenance,proofs_days_since_last_commit,54.523291,<=,120,pass,backfill:api.github.com,weekly sample from filecoin-project/rust-fil-proofs commits history
2025-09-16,proving,rust-fil-proofs-maintenance,proofs_days_since_last_commit,56.567848,<=,120,pass,backfill:api.github.com,weekly sample from filecoin-project/rust-fil-proofs commits history
2025-09-21,proving,rust-fil-proofs-maintenance,proofs_days_since_last_commit,61.523291,<=,120,pass,backfill:api.github.com,weekly sample from filecoin-project/rust-fil-proofs commits history
2025-09-23,proving,rust-fil-proofs-maintenance,proofs_days_since_last_commit,63.567848,<=,120,pass,backfill:api.github.com,weekly sample from filecoin-project/rust-fil-proofs commits history
2025-09-28,proving,rust-fil-proofs-maintenance,proofs_days_since_last_commit,68.523291,<=,120,pass,backfill:api.github.com,weekly sample from filecoin-project/rust-fil-proofs commits history
2025-09-30,proving,rust-fil-proofs-maintenance,proofs_days_since_last_commit,70.567848,<=,120,pass,backfill:api.github.com,weekly sample from filecoin-project/rust-fil-proofs commits history
2025-10-05,proving,rust-fil-proofs-maintenance,proofs_days_since_last_commit,75.523291,<=,120,pass,backfill:api.github.com,weekly sample from filecoin-project/rust-fil-proofs commits history
2025-10-07,proving,rust-fil-proofs-maintenance,proofs_days_since_last_commit,77.567848,<=,120,pass,backfill:api.github.com,weekly sample from filecoin-project/rust-fil-proofs commits history
2025-10-12,proving,rust-fil-proofs-maintenance,proofs_days_since_last_commit,82.523291,<=,120,pass,backfill:api.github.com,weekly sample from filecoin-project/rust-fil-proofs commits history
2025-10-14,proving,rust-fil-proofs-maintenance,proofs_days_since_last_commit,84.567848,<=,120,pass,backfill:api.github.com,weekly sample from filecoin-project/rust-fil-proofs commits history
2025-10-19,proving,rust-fil-proofs-maintenance,proofs_days_since_last_commit,89.523291,<=,120,pass,backfill:api.github.com,weekly sample from filecoin-project/rust-fil-proofs commits history
2025-10-21,proving,rust-fil-proofs-maintenance,proofs_days_since_last_commit,0.29911,<=,120,pass,backfill:api.github.com,weekly sample from filecoin-project/rust-fil-proofs commits history
2025-10-26,proving,rust-fil-proofs-maintenance,proofs_days_since_last_commit,5.254552,<=,120,pass,backfill:api.github.com,weekly sample from filecoin-project/rust-fil-proofs commits history
2025-10-28,proving,rust-fil-proofs-maintenance,proofs_days_since_last_commit,7.29911,<=,120,pass,backfill:api.github.com,weekly sample from filecoin-project/rust-fil-proofs commits history
2025-11-02,proving,rust-fil-proofs-maintenance,proofs_days_since_last_commit,12.254552,<=,120,pass,backfill:api.github.com,weekly sample from filecoin-project/rust-fil-proofs commits history
2025-11-04,proving,rust-fil-proofs-maintenance,proofs_days_since_last_commit,14.29911,<=,120,pass,backfill:api.github.com,weekly sample from filecoin-project/rust-fil-proofs commits history
2025-11-09,proving,rust-fil-proofs-maintenance,proofs_days_since_last_commit,19.254552,<=,120,pass,backfill:api.github.com,weekly sample from filecoin-project/rust-fil-proofs commits history
2025-11-11,proving,rust-fil-proofs-maintenance,proofs_days_since_last_commit,21.29911,<=,120,pass,backfill:api.github.com,weekly sample from filecoin-project/rust-fil-proofs commits history
2025-11-16,proving,rust-fil-proofs-maintenance,proofs_days_since_last_commit,26.254552,<=,120,pass,backfill:api.github.com,weekly sample from filecoin-project/rust-fil-proofs commits history
2025-11-18,proving,rust-fil-proofs-maintenance,proofs_days_since_last_commit,28.29911,<=,120,pass,backfill:api.github.com,weekly sample from filecoin-project/rust-fil-proofs commits history
2025-11-23,proving,rust-fil-proofs-maintenance,proofs_days_since_last_commit,1.801937,<=,120,pass,backfill:api.github.com,weekly sample from filecoin-project/rust-fil-proofs commits history
2025-11-25,proving,rust-fil-proofs-maintenance,proofs_days_since_last_commit,3.846494,<=,120,pass,backfill:api.github.com,weekly sample from filecoin-project/rust-fil-proofs commits history
2025-11-30,proving,rust-fil-proofs-maintenance,proofs_days_since_last_commit,8.801937,<=,120,pass,backfill:api.github.com,weekly sample from filecoin-project/rust-fil-proofs commits history
2025-12-02,proving,rust-fil-proofs-maintenance,proofs_days_since_last_commit,10.846494,<=,120,pass,backfill:api.github.com,weekly sample from filecoin-project/rust-fil-proofs commits history
2025-12-07,proving,rust-fil-proofs-maintenance,proofs_days_since_last_commit,15.801937,<=,120,pass,backfill:api.github.com,weekly sample from filecoin-project/rust-fil-proofs commits history
2025-12-09,proving,rust-fil-proofs-maintenance,proofs_days_since_last_commit,17.846494,<=,120,pass,backfill:api.github.com,weekly sample from filecoin-project/rust-fil-proofs commits history
2025-12-14,proving,rust-fil-proofs-maintenance,proofs_days_since_last_commit,22.801937,<=,120,pass,backfill:api.github.com,weekly sample from filecoin-project/rust-fil-proofs commits history
2025-12-16,proving,rust-fil-proofs-maintenance,proofs_days_since_last_commit,24.846494,<=,120,pass,backfill:api.github.com,weekly sample from filecoin-project/rust-fil-proofs commits history
2025-12-21,proving,rust-fil-proofs-maintenance,proofs_days_since_last_commit,29.801937,<=,120,pass,backfill:api.github.com,weekly sample from filecoin-project/rust-fil-proofs commits history
2025-12-23,proving,rust-fil-proofs-maintenance,proofs_days_since_last_commit,31.846494,<=,120,pass,backfill:api.github.com,weekly sample from filecoin-project/rust-fil-proofs commits history
2025-12-28,proving,rust-fil-proofs-maintenance,proofs_days_since_last_commit,36.801937,<=,120,pass,backfill:api.github.com,weekly sample from filecoin-project/rust-fil-proofs commits history
2025-12-30,proving,rust-fil-proofs-maintenance,proofs_days_since_last_commit,38.846494,<=,120,pass,backfill:api.github.com,weekly sample from filecoin-project/rust-fil-proofs commits history
2026-01-04,proving,rust-fil-proofs-maintenance,proofs_days_since_last_commit,43.801937,<=,120,pass,backfill:api.github.com,weekly sample from filecoin-project/rust-fil-proofs commits history
2026-01-06,proving,rust-fil-proofs-maintenance,proofs_days_since_last_commit,0.370927,<=,120,pass,backfill:api.github.com,weekly sample from filecoin-project/rust-fil-proofs commits history
2026-01-11,proving,rust-fil-proofs-maintenance,proofs_days_since_last_commit,5.32637,<=,120,pass,backfill:api.github.com,weekly sample from filecoin-project/rust-fil-proofs commits history
2026-01-13,proving,rust-fil-proofs-maintenance,proofs_days_since_last_commit,7.370927,<=,120,pass,backfill:api.github.com,weekly sample from filecoin-project/rust-fil-proofs commits history
2026-01-18,proving,rust-fil-proofs-maintenance,proofs_days_since_last_commit,12.32637,<=,120,pass,backfill:api.github.com,weekly sample from filecoin-project/rust-fil-proofs commits history
2026-01-20,proving,rust-fil-proofs-maintenance,proofs_days_since_last_commit,14.370927,<=,120,pass,backfill:api.github.com,weekly sample from filecoin-project/rust-fil-proofs commits history
2026-01-25,proving,rust-fil-proofs-maintenance,proofs_days_since_last_commit,19.32637,<=,120,pass,backfill:api.github.com,weekly sample from filecoin-project/rust-fil-proofs commits history
2026-01-27,proving,rust-fil-proofs-maintenance,proofs_days_since_last_commit,21.370927,<=,120,pass,backfill:api.github.com,weekly sample from filecoin-project/rust-fil-proofs commits history
2026-02-01,proving,rust-fil-proofs-maintenance,proofs_days_since_last_commit,26.32637,<=,120,pass,backfill:api.github.com,weekly sample from filecoin-project/rust-fil-proofs commits history
2026-02-03,proving,rust-fil-proofs-maintenance,proofs_days_since_last_commit,28.370927,<=,120,pass,backfill:api.github.com,weekly sample from filecoin-project/rust-fil-proofs commits history
2026-02-08,proving,rust-fil-proofs-maintenance,proofs_days_since_last_commit,33.32637,<=,120,pass,backfill:api.github.com,weekly sample from filecoin-project/rust-fil-proofs commits history
2026-02-10,proving,rust-fil-proofs-maintenance,proofs_days_since_last_commit,35.370927,<=,120,pass,backfill:api.github.com,weekly sample from filecoin-project/rust-fil-proofs commits history
2026-02-15,proving,rust-fil-proofs-maintenance,proofs_days_since_last_commit,40.32637,<=,120,pass,backfill:api.github.com,weekly sample from filecoin-project/rust-fil-proofs commits history
2026-02-17,proving,rust-fil-proofs-maintenance,proofs_days_since_last_commit,42.370927,<=,120,pass,backfill:api.github.com,weekly sample from filecoin-project/rust-fil-proofs commits history
2026-02-22,proving,rust-fil-proofs-maintenance,proofs_days_since_last_commit,47.32637,<=,120,pass,backfill:api.github.com,weekly sample from filecoin-project/rust-fil-proofs commits history
2026-02-24,proving,rust-fil-proofs-maintenance,proofs_days_since_last_commit,49.370927,<=,120,pass,backfill:api.github.com,weekly sample from filecoin-project/rust-fil-proofs commits history
2026-03-01,proving,rust-fil-proofs-maintenance,proofs_days_since_last_commit,2.61483,<=,120,pass,backfill:api.github.com,weekly sample from filecoin-project/rust-fil-proofs commits history
2026-03-03,proving,rust-fil-proofs-maintenance,proofs_days_since_last_commit,4.659388,<=,120,pass,backfill:api.github.com,weekly sample from filecoin-project/rust-fil-proofs commits history
2026-03-08,proving,rust-fil-proofs-maintenance,proofs_days_since_last_commit,9.61483,<=,120,pass,backfill:api.github.com,weekly sample from filecoin-project/rust-fil-proofs commits history
2026-03-10,proving,rust-fil-proofs-maintenance,proofs_days_since_last_commit,1.206888,<=,120,pass,backfill:api.github.com,weekly sample from filecoin-project/rust-fil-proofs commits history
2026-03-15,proving,rust-fil-proofs-maintenance,proofs_days_since_last_commit,6.16233,<=,120,pass,backfill:api.github.com,weekly sample from filecoin-project/rust-fil-proofs commits history
2026-03-17,proving,rust-fil-proofs-maintenance,proofs_days_since_last_commit,8.206888,<=,120,pass,backfill:api.github.com,weekly sample from filecoin-project/rust-fil-proofs commits history
2026-03-22,proving,rust-fil-proofs-maintenance,proofs_days_since_last_commit,13.16233,<=,120,pass,backfill:api.github.com,weekly sample from filecoin-project/rust-fil-proofs commits history
2026-03-24,proving,rust-fil-proofs-maintenance,proofs_days_since_last_commit,15.206888,<=,120,pass,backfill:api.github.com,weekly sample from filecoin-project/rust-fil-proofs commits history
2026-03-29,proving,rust-fil-proofs-maintenance,proofs_days_since_last_commit,20.16233,<=,120,pass,backfill:api.github.com,weekly sample from filecoin-project/rust-fil-proofs commits history
2026-03-31,proving,rust-fil-proofs-maintenance,proofs_days_since_last_commit,22.206888,<=,120,pass,backfill:api.github.com,weekly sample from filecoin-project/rust-fil-proofs commits history
2026-04-05,proving,rust-fil-proofs-maintenance,proofs_days_since_last_commit,27.16233,<=,120,pass,backfill:api.github.com,weekly sample from filecoin-project/rust-fil-proofs commits history
2026-04-07,proving,rust-fil-proofs-maintenance,proofs_days_since_last_commit,29.206888,<=,120,pass,backfill:api.github.com,weekly sample from filecoin-project/rust-fil-proofs commits history
2026-04-12,proving,rust-fil-proofs-maintenance,proofs_days_since_last_commit,34.16233,<=,120,pass,backfill:api.github.com,weekly sample from filecoin-project/rust-fil-proofs commits history
2026-04-14,proving,rust-fil-proofs-maintenance,proofs_days_since_last_commit,36.206888,<=,120,pass,backfill:api.github.com,weekly sample from filecoin-project/rust-fil-proofs commits history
2026-04-19,proving,rust-fil-proofs-maintenance,proofs_days_since_last_commit,41.16233,<=,120,pass,backfill:api.github.com,weekly sample from filecoin-project/rust-fil-proofs commits history
2026-04-21,proving,rust-fil-proofs-maintenance,proofs_days_since_last_commit,43.206888,<=,120,pass,backfill:api.github.com,weekly sample from filecoin-project/rust-fil-proofs commits history
2026-04-26,proving,rust-fil-proofs-maintenance,proofs_days_since_last_commit,48.16233,<=,120,pass,backfill:api.github.com,weekly sample from filecoin-project/rust-fil-proofs commits history
2026-04-28,proving,rust-fil-proofs-maintenance,proofs_days_since_last_commit,50.206888,<=,120,pass,backfill:api.github.com,weekly sample from filecoin-project/rust-fil-proofs commits history
2026-05-03,proving,rust-fil-proofs-maintenance,proofs_days_since_last_commit,55.16233,<=,120,pass,backfill:api.github.com,weekly sample from filecoin-project/rust-fil-proofs commits history
2026-05-05,proving,rust-fil-proofs-maintenance,proofs_days_since_last_commit,57.206888,<=,120,pass,backfill:api.github.com,weekly sample from filecoin-project/rust-fil-proofs commits history
2026-05-10,proving,rust-fil-proofs-maintenance,proofs_days_since_last_commit,62.16233,<=,120,pass,backfill:api.github.com,weekly sample from filecoin-project/rust-fil-proofs commits history
2026-05-12,proving,rust-fil-proofs-maintenance,proofs_days_since_last_commit,64.206888,<=,120,pass,backfill:api.github.com,weekly sample from filecoin-project/rust-fil-proofs commits history
2026-05-17,proving,rust-fil-proofs-maintenance,proofs_days_since_last_commit,1.510976,<=,120,pass,backfill:api.github.com,weekly sample from filecoin-project/rust-fil-proofs commits history
2026-05-19,proving,rust-fil-proofs-maintenance,proofs_days_since_last_commit,3.555533,<=,120,pass,backfill:api.github.com,weekly sample from filecoin-project/rust-fil-proofs commits history
2026-05-24,proving,rust-fil-proofs-maintenance,proofs_days_since_last_commit,8.510976,<=,120,pass,backfill:api.github.com,weekly sample from filecoin-project/rust-fil-proofs commits history
2026-05-26,proving,rust-fil-proofs-maintenance,proofs_days_since_last_commit,10.555533,<=,120,pass,backfill:api.github.com,weekly sample from filecoin-project/rust-fil-proofs commits history
2026-05-31,proving,rust-fil-proofs-maintenance,proofs_days_since_last_commit,15.510976,<=,120,pass,backfill:api.github.com,weekly sample from filecoin-project/rust-fil-proofs commits history
2026-06-02,proving,rust-fil-proofs-maintenance,proofs_days_since_last_commit,1.159272,<=,120,pass,backfill:api.github.com,weekly sample from filecoin-project/rust-fil-proofs commits history
2026-06-07,proving,rust-fil-proofs-maintenance,proofs_days_since_last_commit,3.341069,<=,120,pass,backfill:api.github.com,weekly sample from filecoin-project/rust-fil-proofs commits history
2026-06-09,proving,rust-fil-proofs-maintenance,proofs_days_since_last_commit,5.385626,<=,120,pass,backfill:api.github.com,weekly sample from filecoin-project/rust-fil-proofs commits history
2026-06-14,proving,rust-fil-proofs-maintenance,proofs_days_since_last_commit,10.341069,<=,120,pass,backfill:api.github.com,weekly sample from filecoin-project/rust-fil-proofs commits history
2026-06-16,proving,rust-fil-proofs-maintenance,proofs_days_since_last_commit,12.385626,<=,120,pass,backfill:api.github.com,weekly sample from filecoin-project/rust-fil-proofs commits history
2026-06-21,proving,rust-fil-proofs-maintenance,proofs_days_since_last_commit,17.341069,<=,120,pass,backfill:api.github.com,weekly sample from filecoin-project/rust-fil-proofs commits history
2026-06-23,proving,rust-fil-proofs-maintenance,proofs_days_since_last_commit,19.385626,<=,120,pass,backfill:api.github.com,weekly sample from filecoin-project/rust-fil-proofs commits history
2026-06-28,proving,rust-fil-proofs-maintenance,proofs_days_since_last_commit,24.341069,<=,120,pass,backfill:api.github.com,weekly sample from filecoin-project/rust-fil-proofs commits history
2026-06-30,proving,rust-fil-proofs-maintenance,proofs_days_since_last_commit,26.385626,<=,120,pass,backfill:api.github.com,weekly sample from filecoin-project/rust-fil-proofs commits history
2026-07-05,proving,rust-fil-proofs-maintenance,proofs_days_since_last_commit,31.341069,<=,120,pass,backfill:api.github.com,weekly sample from filecoin-project/rust-fil-proofs commits history
2026-07-07,proving,rust-fil-proofs-maintenance,proofs_days_since_last_commit,33.385626,<=,120,pass,backfill:api.github.com,weekly sample from filecoin-project/rust-fil-proofs commits history
2026-07-12,proving,rust-fil-proofs-maintenance,proofs_days_since_last_commit,38.341069,<=,120,pass,backfill:api.github.com,weekly sample from filecoin-project/rust-fil-proofs commits history
2026-07-14,proving,rust-fil-proofs-maintenance,proofs_days_since_last_commit,40.385626,<=,120,pass,backfill:api.github.com,weekly sample from filecoin-project/rust-fil-proofs commits history
2026-07-15,proving,rust-fil-proofs-maintenance,proofs_days_since_last_commit,,<=,120.0,indeterminate,live-review,scheduled review reading
2026-07-19,proving,rust-fil-proofs-maintenance,proofs_days_since_last_commit,45.341069,<=,120,pass,backfill:api.github.com,weekly sample from filecoin-project/rust-fil-proofs commits history
2026-08-14,proving,rust-fil-proofs-maintenance,proofs_days_since_last_commit,12.920207296367044,<=,120.0,pass,nightly,
2026-07-15,pyth,pyth-fil-usd-feed-liveness,fil_usd_feed_age_seconds,2.0,<=,300.0,pass,live-review,scheduled review reading
2026-07-15,randamu,drand-relay-mirror-liveness,relay_mirror_round_lag,0.0,<=,2.0,pass,live-review,scheduled review reading
2026-08-14,randamu,drand-relay-mirror-liveness,relay_mirror_round_lag,0.0,<=,2.0,pass,nightly,
2026-07-15,randamu,drand-relay-quicknet-freshness,relay_quicknet_round_lag,0.0,<=,20.0,pass,live-review,scheduled review reading
2026-08-14,randamu,drand-relay-quicknet-freshness,relay_quicknet_round_lag,0.0,<=,20.0,pass,nightly,
2025-07-20,randamu,drand-relay-statuspage,statuspage_impact_level,0.0,<=,0,pass,backfill:drand.statuspage.io,operator status page (self-reported): 1 = active incident that day
2025-07-21,randamu,drand-relay-statuspage,statuspage_impact_level,0.0,<=,0,pass,backfill:drand.statuspage.io,operator status page (self-reported): 1 = active incident that day
2025-07-22,randamu,drand-relay-statuspage,statuspage_impact_level,0.0,<=,0,pass,backfill:drand.statuspage.io,operator status page (self-reported): 1 = active incident that day
2025-07-23,randamu,drand-relay-statuspage,statuspage_impact_level,0.0,<=,0,pass,backfill:drand.statuspage.io,operator status page (self-reported): 1 = active incident that day
2025-07-24,randamu,drand-relay-statuspage,statuspage_impact_level,0.0,<=,0,pass,backfill:drand.statuspage.io,operator status page (self-reported): 1 = active incident that day
2025-07-25,randamu,drand-relay-statuspage,statuspage_impact_level,0.0,<=,0,pass,backfill:drand.statuspage.io,operator status page (self-reported): 1 = active incident that day
2025-07-26,randamu,drand-relay-statuspage,statuspage_impact_level,0.0,<=,0,pass,backfill:drand.statuspage.io,operator status page (self-reported): 1 = active incident that day
2025-07-27,randamu,drand-relay-statuspage,statuspage_impact_level,0.0,<=,0,pass,backfill:drand.statuspage.io,operator status page (self-reported): 1 = active incident that day
2025-07-28,randamu,drand-relay-statuspage,statuspage_impact_level,0.0,<=,0,pass,backfill:drand.statuspage.io,operator status page (self-reported): 1 = active incident that day
2025-07-29,randamu,drand-relay-statuspage,statuspage_impact_level,0.0,<=,0,pass,backfill:drand.statuspage.io,operator status page (self-reported): 1 = active incident that day
2025-07-30,randamu,drand-relay-statuspage,statuspage_impact_level,0.0,<=,0,pass,backfill:drand.statuspage.io,operator status page (self-reported): 1 = active incident that day
2025-07-31,randamu,drand-relay-statuspage,statuspage_impact_level,0.0,<=,0,pass,backfill:drand.statuspage.io,operator status page (self-reported): 1 = active incident that day
2025-08-01,randamu,drand-relay-statuspage,statuspage_impact_level,0.0,<=,0,pass,backfill:drand.statuspage.io,operator status page (self-reported): 1 = active incident that day
2025-08-02,randamu,drand-relay-statuspage,statuspage_impact_level,0.0,<=,0,pass,backfill:drand.statuspage.io,operator status page (self-reported): 1 = active incident that day
2025-08-03,randamu,drand-relay-statuspage,statuspage_impact_level,0.0,<=,0,pass,backfill:drand.statuspage.io,operator status page (self-reported): 1 = active incident that day
2025-08-04,randamu,drand-relay-statuspage,statuspage_impact_level,0.0,<=,0,pass,backfill:drand.statuspage.io,operator status page (self-reported): 1 = active incident that day
2025-08-05,randamu,drand-relay-statuspage,statuspage_impact_level,0.0,<=,0,pass,backfill:drand.statuspage.io,operator status page (self-reported): 1 = active incident that day
2025-08-06,randamu,drand-relay-statuspage,statuspage_impact_level,0.0,<=,0,pass,backfill:drand.statuspage.io,operator status page (self-reported): 1 = active incident that day
2025-08-07,randamu,drand-relay-statuspage,statuspage_impact_level,0.0,<=,0,pass,backfill:drand.statuspage.io,operator status page (self-reported): 1 = active incident that day
2025-08-08,randamu,drand-relay-statuspage,statuspage_impact_level,0.0,<=,0,pass,backfill:drand.statuspage.io,operator status page (self-reported): 1 = active incident that day
2025-08-09,randamu,drand-relay-statuspage,statuspage_impact_level,0.0,<=,0,pass,backfill:drand.statuspage.io,operator status page (self-reported): 1 = active incident that day
2025-08-10,randamu,drand-relay-statuspage,statuspage_impact_level,0.0,<=,0,pass,backfill:drand.statuspage.io,operator status page (self-reported): 1 = active incident that day
2025-08-11,randamu,drand-relay-statuspage,statuspage_impact_level,0.0,<=,0,pass,backfill:drand.statuspage.io,operator status page (self-reported): 1 = active incident that day
2025-08-12,randamu,drand-relay-statuspage,statuspage_impact_level,0.0,<=,0,pass,backfill:drand.statuspage.io,operator status page (self-reported): 1 = active incident that day
2025-08-13,randamu,drand-relay-statuspage,statuspage_impact_level,0.0,<=,0,pass,backfill:drand.statuspage.io,operator status page (self-reported): 1 = active incident that day
2025-08-14,randamu,drand-relay-statuspage,statuspage_impact_level,0.0,<=,0,pass,backfill:drand.statuspage.io,operator status page (self-reported): 1 = active incident that day
2025-08-15,randamu,drand-relay-statuspage,statuspage_impact_level,0.0,<=,0,pass,backfill:drand.statuspage.io,operator status page (self-reported): 1 = active incident that day
2025-08-16,randamu,drand-relay-statuspage,statuspage_impact_level,0.0,<=,0,pass,backfill:drand.statuspage.io,operator status page (self-reported): 1 = active incident that day
2025-08-17,randamu,drand-relay-statuspage,statuspage_impact_level,0.0,<=,0,pass,backfill:drand.statuspage.io,operator status page (self-reported): 1 = active incident that day
2025-08-18,randamu,drand-relay-statuspage,statuspage_impact_level,0.0,<=,0,pass,backfill:drand.statuspage.io,operator status page (self-reported): 1 = active incident that day
2025-08-19,randamu,drand-relay-statuspage,statuspage_impact_level,0.0,<=,0,pass,backfill:drand.statuspage.io,operator status page (self-reported): 1 = active incident that day
2025-08-20,randamu,drand-relay-statuspage,statuspage_impact_level,0.0,<=,0,pass,backfill:drand.statuspage.io,operator status page (self-reported): 1 = active incident that day
2025-08-21,randamu,drand-relay-statuspage,statuspage_impact_level,0.0,<=,0,pass,backfill:drand.statuspage.io,operator status page (self-reported): 1 = active incident that day
2025-08-22,randamu,drand-relay-statuspage,statuspage_impact_level,0.0,<=,0,pass,backfill:drand.statuspage.io,operator status page (self-reported): 1 = active incident that day
2025-08-23,randamu,drand-relay-statuspage,statuspage_impact_level,0.0,<=,0,pass,backfill:drand.statuspage.io,operator status page (self-reported): 1 = active incident that day
2025-08-24,randamu,drand-relay-statuspage,statuspage_impact_level,0.0,<=,0,pass,backfill:drand.statuspage.io,operator status page (self-reported): 1 = active incident that day
2025-08-25,randamu,drand-relay-statuspage,statuspage_impact_level,0.0,<=,0,pass,backfill:drand.statuspage.io,operator status page (self-reported): 1 = active incident that day
2025-08-26,randamu,drand-relay-statuspage,statuspage_impact_level,0.0,<=,0,pass,backfill:drand.statuspage.io,operator status page (self-reported): 1 = active incident that day
2025-08-27,randamu,drand-relay-statuspage,statuspage_impact_level,0.0,<=,0,pass,backfill:drand.statuspage.io,operator status page (self-reported): 1 = active incident that day
2025-08-28,randamu,drand-relay-statuspage,statuspage_impact_level,0.0,<=,0,pass,backfill:drand.statuspage.io,operator status page (self-reported): 1 = active incident that day
2025-08-29,randamu,drand-relay-statuspage,statuspage_impact_level,0.0,<=,0,pass,backfill:drand.statuspage.io,operator status page (self-reported): 1 = active incident that day
2025-08-30,randamu,drand-relay-statuspage,statuspage_impact_level,0.0,<=,0,pass,backfill:drand.statuspage.io,operator status page (self-reported): 1 = active incident that day
2025-08-31,randamu,drand-relay-statuspage,statuspage_impact_level,0.0,<=,0,pass,backfill:drand.statuspage.io,operator status page (self-reported): 1 = active incident that day
2025-09-01,randamu,drand-relay-statuspage,statuspage_impact_level,0.0,<=,0,pass,backfill:drand.statuspage.io,operator status page (self-reported): 1 = active incident that day
2025-09-02,randamu,drand-relay-statuspage,statuspage_impact_level,0.0,<=,0,pass,backfill:drand.statuspage.io,operator status page (self-reported): 1 = active incident that day
2025-09-03,randamu,drand-relay-statuspage,statuspage_impact_level,0.0,<=,0,pass,backfill:drand.statuspage.io,operator status page (self-reported): 1 = active incident that day
2025-09-04,randamu,drand-relay-statuspage,statuspage_impact_level,0.0,<=,0,pass,backfill:drand.statuspage.io,operator status page (self-reported): 1 = active incident that day
2025-09-05,randamu,drand-relay-statuspage,statuspage_impact_level,0.0,<=,0,pass,backfill:drand.statuspage.io,operator status page (self-reported): 1 = active incident that day
2025-09-06,randamu,drand-relay-statuspage,statuspage_impact_level,0.0,<=,0,pass,backfill:drand.statuspage.io,operator status page (self-reported): 1 = active incident that day
2025-09-07,randamu,drand-relay-statuspage,statuspage_impact_level,0.0,<=,0,pass,backfill:drand.statuspage.io,operator status page (self-reported): 1 = active incident that day
2025-09-08,randamu,drand-relay-statuspage,statuspage_impact_level,0.0,<=,0,pass,backfill:drand.statuspage.io,operator status page (self-reported): 1 = active incident that day
2025-09-09,randamu,drand-relay-statuspage,statuspage_impact_level,0.0,<=,0,pass,backfill:drand.statuspage.io,operator status page (self-reported): 1 = active incident that day
2025-09-10,randamu,drand-relay-statuspage,statuspage_impact_level,0.0,<=,0,pass,backfill:drand.statuspage.io,operator status page (self-reported): 1 = active incident that day
2025-09-11,randamu,drand-relay-statuspage,statuspage_impact_level,0.0,<=,0,pass,backfill:drand.statuspage.io,operator status page (self-reported): 1 = active incident that day
2025-09-12,randamu,drand-relay-statuspage,statuspage_impact_level,0.0,<=,0,pass,backfill:drand.statuspage.io,operator status page (self-reported): 1 = active incident that day
2025-09-13,randamu,drand-relay-statuspage,statuspage_impact_level,0.0,<=,0,pass,backfill:drand.statuspage.io,operator status page (self-reported): 1 = active incident that day
2025-09-14,randamu,drand-relay-statuspage,statuspage_impact_level,0.0,<=,0,pass,backfill:drand.statuspage.io,operator status page (self-reported): 1 = active incident that day
2025-09-15,randamu,drand-relay-statuspage,statuspage_impact_level,0.0,<=,0,pass,backfill:drand.statuspage.io,operator status page (self-reported): 1 = active incident that day
2025-09-16,randamu,drand-relay-statuspage,statuspage_impact_level,0.0,<=,0,pass,backfill:drand.statuspage.io,operator status page (self-reported): 1 = active incident that day
2025-09-17,randamu,drand-relay-statuspage,statuspage_impact_level,0.0,<=,0,pass,backfill:drand.statuspage.io,operator status page (self-reported): 1 = active incident that day
2025-09-18,randamu,drand-relay-statuspage,statuspage_impact_level,0.0,<=,0,pass,backfill:drand.statuspage.io,operator status page (self-reported): 1 = active incident that day
2025-09-19,randamu,drand-relay-statuspage,statuspage_impact_level,0.0,<=,0,pass,backfill:drand.statuspage.io,operator status page (self-reported): 1 = active incident that day
2025-09-20,randamu,drand-relay-statuspage,statuspage_impact_level,0.0,<=,0,pass,backfill:drand.statuspage.io,operator status page (self-reported): 1 = active incident that day
2025-09-21,randamu,drand-relay-statuspage,statuspage_impact_level,0.0,<=,0,pass,backfill:drand.statuspage.io,operator status page (self-reported): 1 = active incident that day
2025-09-22,randamu,drand-relay-statuspage,statuspage_impact_level,0.0,<=,0,pass,backfill:drand.statuspage.io,operator status page (self-reported): 1 = active incident that day
2025-09-23,randamu,drand-relay-statuspage,statuspage_impact_level,0.0,<=,0,pass,backfill:drand.statuspage.io,operator status page (self-reported): 1 = active incident that day
2025-09-24,randamu,drand-relay-statuspage,statuspage_impact_level,0.0,<=,0,pass,backfill:drand.statuspage.io,operator status page (self-reported): 1 = active incident that day
2025-09-25,randamu,drand-relay-statuspage,statuspage_impact_level,0.0,<=,0,pass,backfill:drand.statuspage.io,operator status page (self-reported): 1 = active incident that day
2025-09-26,randamu,drand-relay-statuspage,statuspage_impact_level,0.0,<=,0,pass,backfill:drand.statuspage.io,operator status page (self-reported): 1 = active incident that day
2025-09-27,randamu,drand-relay-statuspage,statuspage_impact_level,0.0,<=,0,pass,backfill:drand.statuspage.io,operator status page (self-reported): 1 = active incident that day
2025-09-28,randamu,drand-relay-statuspage,statuspage_impact_level,0.0,<=,0,pass,backfill:drand.statuspage.io,operator status page (self-reported): 1 = active incident that day
2025-09-29,randamu,drand-relay-statuspage,statuspage_impact_level,0.0,<=,0,pass,backfill:drand.statuspage.io,operator status page (self-reported): 1 = active incident that day
2025-09-30,randamu,drand-relay-statuspage,statuspage_impact_level,0.0,<=,0,pass,backfill:drand.statuspage.io,operator status page (self-reported): 1 = active incident that day
2025-10-01,randamu,drand-relay-statuspage,statuspage_impact_level,0.0,<=,0,pass,backfill:drand.statuspage.io,operator status page (self-reported): 1 = active incident that day
2025-10-02,randamu,drand-relay-statuspage,statuspage_impact_level,0.0,<=,0,pass,backfill:drand.statuspage.io,operator status page (self-reported): 1 = active incident that day
2025-10-03,randamu,drand-relay-statuspage,statuspage_impact_level,0.0,<=,0,pass,backfill:drand.statuspage.io,operator status page (self-reported): 1 = active incident that day
2025-10-04,randamu,drand-relay-statuspage,statuspage_impact_level,0.0,<=,0,pass,backfill:drand.statuspage.io,operator status page (self-reported): 1 = active incident that day
2025-10-05,randamu,drand-relay-statuspage,statuspage_impact_level,0.0,<=,0,pass,backfill:drand.statuspage.io,operator status page (self-reported): 1 = active incident that day
2025-10-06,randamu,drand-relay-statuspage,statuspage_impact_level,0.0,<=,0,pass,backfill:drand.statuspage.io,operator status page (self-reported): 1 = active incident that day
2025-10-07,randamu,drand-relay-statuspage,statuspage_impact_level,0.0,<=,0,pass,backfill:drand.statuspage.io,operator status page (self-reported): 1 = active incident that day
2025-10-08,randamu,drand-relay-statuspage,statuspage_impact_level,0.0,<=,0,pass,backfill:drand.statuspage.io,operator status page (self-reported): 1 = active incident that day
2025-10-09,randamu,drand-relay-statuspage,statuspage_impact_level,0.0,<=,0,pass,backfill:drand.statuspage.io,operator status page (self-reported): 1 = active incident that day
2025-10-10,randamu,drand-relay-statuspage,statuspage_impact_level,0.0,<=,0,pass,backfill:drand.statuspage.io,operator status page (self-reported): 1 = active incident that day
2025-10-11,randamu,drand-relay-statuspage,statuspage_impact_level,0.0,<=,0,pass,backfill:drand.statuspage.io,operator status page (self-reported): 1 = active incident that day
2025-10-12,randamu,drand-relay-statuspage,statuspage_impact_level,0.0,<=,0,pass,backfill:drand.statuspage.io,operator status page (self-reported): 1 = active incident that day
2025-10-13,randamu,drand-relay-statuspage,statuspage_impact_level,0.0,<=,0,pass,backfill:drand.statuspage.io,operator status page (self-reported): 1 = active incident that day
2025-10-14,randamu,drand-relay-statuspage,statuspage_impact_level,0.0,<=,0,pass,backfill:drand.statuspage.io,operator status page (self-reported): 1 = active incident that day
2025-10-15,randamu,drand-relay-statuspage,statuspage_impact_level,0.0,<=,0,pass,backfill:drand.statuspage.io,operator status page (self-reported): 1 = active incident that day
2025-10-16,randamu,drand-relay-statuspage,statuspage_impact_level,0.0,<=,0,pass,backfill:drand.statuspage.io,operator status page (self-reported): 1 = active incident that day
2025-10-17,randamu,drand-relay-statuspage,statuspage_impact_level,0.0,<=,0,pass,backfill:drand.statuspage.io,operator status page (self-reported): 1 = active incident that day
2025-10-18,randamu,drand-relay-statuspage,statuspage_impact_level,0.0,<=,0,pass,backfill:drand.statuspage.io,operator status page (self-reported): 1 = active incident that day
2025-10-19,randamu,drand-relay-statuspage,statuspage_impact_level,0.0,<=,0,pass,backfill:drand.statuspage.io,operator status page (self-reported): 1 = active incident that day
2025-10-20,randamu,drand-relay-statuspage,statuspage_impact_level,0.0,<=,0,pass,backfill:drand.statuspage.io,operator status page (self-reported): 1 = active incident that day
2025-10-21,randamu,drand-relay-statuspage,statuspage_impact_level,0.0,<=,0,pass,backfill:drand.statuspage.io,operator status page (self-reported): 1 = active incident that day
2025-10-22,randamu,drand-relay-statuspage,statuspage_impact_level,0.0,<=,0,pass,backfill:drand.statuspage.io,operator status page (self-reported): 1 = active incident that day
2025-10-23,randamu,drand-relay-statuspage,statuspage_impact_level,0.0,<=,0,pass,backfill:drand.statuspage.io,operator status page (self-reported): 1 = active incident that day
2025-10-24,randamu,drand-relay-statuspage,statuspage_impact_level,0.0,<=,0,pass,backfill:drand.statuspage.io,operator status page (self-reported): 1 = active incident that day
2025-10-25,randamu,drand-relay-statuspage,statuspage_impact_level,0.0,<=,0,pass,backfill:drand.statuspage.io,operator status page (self-reported): 1 = active incident that day
2025-10-26,randamu,drand-relay-statuspage,statuspage_impact_level,0.0,<=,0,pass,backfill:drand.statuspage.io,operator status page (self-reported): 1 = active incident that day
2025-10-27,randamu,drand-relay-statuspage,statuspage_impact_level,0.0,<=,0,pass,backfill:drand.statuspage.io,operator status page (self-reported): 1 = active incident that day
2025-10-28,randamu,drand-relay-statuspage,statuspage_impact_level,0.0,<=,0,pass,backfill:drand.statuspage.io,operator status page (self-reported): 1 = active incident that day
2025-10-29,randamu,drand-relay-statuspage,statuspage_impact_level,0.0,<=,0,pass,backfill:drand.statuspage.io,operator status page (self-reported): 1 = active incident that day
2025-10-30,randamu,drand-relay-statuspage,statuspage_impact_level,0.0,<=,0,pass,backfill:drand.statuspage.io,operator status page (self-reported): 1 = active incident that day
2025-10-31,randamu,drand-relay-statuspage,statuspage_impact_level,0.0,<=,0,pass,backfill:drand.statuspage.io,operator status page (self-reported): 1 = active incident that day
2025-11-01,randamu,drand-relay-statuspage,statuspage_impact_level,0.0,<=,0,pass,backfill:drand.statuspage.io,operator status page (self-reported): 1 = active incident that day
2025-11-02,randamu,drand-relay-statuspage,statuspage_impact_level,0.0,<=,0,pass,backfill:drand.statuspage.io,operator status page (self-reported): 1 = active incident that day
2025-11-03,randamu,drand-relay-statuspage,statuspage_impact_level,0.0,<=,0,pass,backfill:drand.statuspage.io,operator status page (self-reported): 1 = active incident that day
2025-11-04,randamu,drand-relay-statuspage,statuspage_impact_level,0.0,<=,0,pass,backfill:drand.statuspage.io,operator status page (self-reported): 1 = active incident that day
2025-11-05,randamu,drand-relay-statuspage,statuspage_impact_level,0.0,<=,0,pass,backfill:drand.statuspage.io,operator status page (self-reported): 1 = active incident that day
2025-11-06,randamu,drand-relay-statuspage,statuspage_impact_level,0.0,<=,0,pass,backfill:drand.statuspage.io,operator status page (self-reported): 1 = active incident that day
2025-11-07,randamu,drand-relay-statuspage,statuspage_impact_level,0.0,<=,0,pass,backfill:drand.statuspage.io,operator status page (self-reported): 1 = active incident that day
2025-11-08,randamu,drand-relay-statuspage,statuspage_impact_level,0.0,<=,0,pass,backfill:drand.statuspage.io,operator status page (self-reported): 1 = active incident that day
2025-11-09,randamu,drand-relay-statuspage,statuspage_impact_level,0.0,<=,0,pass,backfill:drand.statuspage.io,operator status page (self-reported): 1 = active incident that day
2025-11-10,randamu,drand-relay-statuspage,statuspage_impact_level,0.0,<=,0,pass,backfill:drand.statuspage.io,operator status page (self-reported): 1 = active incident that day
2025-11-11,randamu,drand-relay-statuspage,statuspage_impact_level,0.0,<=,0,pass,backfill:drand.statuspage.io,operator status page (self-reported): 1 = active incident that day
2025-11-12,randamu,drand-relay-statuspage,statuspage_impact_level,0.0,<=,0,pass,backfill:drand.statuspage.io,operator status page (self-reported): 1 = active incident that day
2025-11-13,randamu,drand-relay-statuspage,statuspage_impact_level,0.0,<=,0,pass,backfill:drand.statuspage.io,operator status page (self-reported): 1 = active incident that day
2025-11-14,randamu,drand-relay-statuspage,statuspage_impact_level,0.0,<=,0,pass,backfill:drand.statuspage.io,operator status page (self-reported): 1 = active incident that day
2025-11-15,randamu,drand-relay-statuspage,statuspage_impact_level,0.0,<=,0,pass,backfill:drand.statuspage.io,operator status page (self-reported): 1 = active incident that day
2025-11-16,randamu,drand-relay-statuspage,statuspage_impact_level,0.0,<=,0,pass,backfill:drand.statuspage.io,operator status page (self-reported): 1 = active incident that day
2025-11-17,randamu,drand-relay-statuspage,statuspage_impact_level,0.0,<=,0,pass,backfill:drand.statuspage.io,operator status page (self-reported): 1 = active incident that day
2025-11-18,randamu,drand-relay-statuspage,statuspage_impact_level,0.0,<=,0,pass,backfill:drand.statuspage.io,operator status page (self-reported): 1 = active incident that day
2025-11-19,randamu,drand-relay-statuspage,statuspage_impact_level,0.0,<=,0,pass,backfill:drand.statuspage.io,operator status page (self-reported): 1 = active incident that day
2025-11-20,randamu,drand-relay-statuspage,statuspage_impact_level,0.0,<=,0,pass,backfill:drand.statuspage.io,operator status page (self-reported): 1 = active incident that day
2025-11-21,randamu,drand-relay-statuspage,statuspage_impact_level,0.0,<=,0,pass,backfill:drand.statuspage.io,operator status page (self-reported): 1 = active incident that day
2025-11-22,randamu,drand-relay-statuspage,statuspage_impact_level,0.0,<=,0,pass,backfill:drand.statuspage.io,operator status page (self-reported): 1 = active incident that day
2025-11-23,randamu,drand-relay-statuspage,statuspage_impact_level,0.0,<=,0,pass,backfill:drand.statuspage.io,operator status page (self-reported): 1 = active incident that day
2025-11-24,randamu,drand-relay-statuspage,statuspage_impact_level,0.0,<=,0,pass,backfill:drand.statuspage.io,operator status page (self-reported): 1 = active incident that day
2025-11-25,randamu,drand-relay-statuspage,statuspage_impact_level,0.0,<=,0,pass,backfill:drand.statuspage.io,operator status page (self-reported): 1 = active incident that day
2025-11-26,randamu,drand-relay-statuspage,statuspage_impact_level,0.0,<=,0,pass,backfill:drand.statuspage.io,operator status page (self-reported): 1 = active incident that day
2025-11-27,randamu,drand-relay-statuspage,statuspage_impact_level,0.0,<=,0,pass,backfill:drand.statuspage.io,operator status page (self-reported): 1 = active incident that day
2025-11-28,randamu,drand-relay-statuspage,statuspage_impact_level,0.0,<=,0,pass,backfill:drand.statuspage.io,operator status page (self-reported): 1 = active incident that day
2025-11-29,randamu,drand-relay-statuspage,statuspage_impact_level,0.0,<=,0,pass,backfill:drand.statuspage.io,operator status page (self-reported): 1 = active incident that day
2025-11-30,randamu,drand-relay-statuspage,statuspage_impact_level,0.0,<=,0,pass,backfill:drand.statuspage.io,operator status page (self-reported): 1 = active incident that day
2025-12-01,randamu,drand-relay-statuspage,statuspage_impact_level,0.0,<=,0,pass,backfill:drand.statuspage.io,operator status page (self-reported): 1 = active incident that day
2025-12-02,randamu,drand-relay-statuspage,statuspage_impact_level,0.0,<=,0,pass,backfill:drand.statuspage.io,operator status page (self-reported): 1 = active incident that day
2025-12-03,randamu,drand-relay-statuspage,statuspage_impact_level,0.0,<=,0,pass,backfill:drand.statuspage.io,operator status page (self-reported): 1 = active incident that day
2025-12-04,randamu,drand-relay-statuspage,statuspage_impact_level,0.0,<=,0,pass,backfill:drand.statuspage.io,operator status page (self-reported): 1 = active incident that day
2025-12-05,randamu,drand-relay-statuspage,statuspage_impact_level,0.0,<=,0,pass,backfill:drand.statuspage.io,operator status page (self-reported): 1 = active incident that day
2025-12-06,randamu,drand-relay-statuspage,statuspage_impact_level,0.0,<=,0,pass,backfill:drand.statuspage.io,operator status page (self-reported): 1 = active incident that day
2025-12-07,randamu,drand-relay-statuspage,statuspage_impact_level,0.0,<=,0,pass,backfill:drand.statuspage.io,operator status page (self-reported): 1 = active incident that day
2025-12-08,randamu,drand-relay-statuspage,statuspage_impact_level,0.0,<=,0,pass,backfill:drand.statuspage.io,operator status page (self-reported): 1 = active incident that day
2025-12-09,randamu,drand-relay-statuspage,statuspage_impact_level,0.0,<=,0,pass,backfill:drand.statuspage.io,operator status page (self-reported): 1 = active incident that day
2025-12-10,randamu,drand-relay-statuspage,statuspage_impact_level,0.0,<=,0,pass,backfill:drand.statuspage.io,operator status page (self-reported): 1 = active incident that day
2025-12-11,randamu,drand-relay-statuspage,statuspage_impact_level,0.0,<=,0,pass,backfill:drand.statuspage.io,operator status page (self-reported): 1 = active incident that day
2025-12-12,randamu,drand-relay-statuspage,statuspage_impact_level,0.0,<=,0,pass,backfill:drand.statuspage.io,operator status page (self-reported): 1 = active incident that day
2025-12-13,randamu,drand-relay-statuspage,statuspage_impact_level,0.0,<=,0,pass,backfill:drand.statuspage.io,operator status page (self-reported): 1 = active incident that day
2025-12-14,randamu,drand-relay-statuspage,statuspage_impact_level,0.0,<=,0,pass,backfill:drand.statuspage.io,operator status page (self-reported): 1 = active incident that day
2025-12-15,randamu,drand-relay-statuspage,statuspage_impact_level,0.0,<=,0,pass,backfill:drand.statuspage.io,operator status page (self-reported): 1 = active incident that day
2025-12-16,randamu,drand-relay-statuspage,statuspage_impact_level,0.0,<=,0,pass,backfill:drand.statuspage.io,operator status page (self-reported): 1 = active incident that day
2025-12-17,randamu,drand-relay-statuspage,statuspage_impact_level,1.0,<=,0,fail,backfill:drand.statuspage.io,operator status page (self-reported): 1 = active incident that day
2025-12-18,randamu,drand-relay-statuspage,statuspage_impact_level,0.0,<=,0,pass,backfill:drand.statuspage.io,operator status page (self-reported): 1 = active incident that day
2025-12-19,randamu,drand-relay-statuspage,statuspage_impact_level,0.0,<=,0,pass,backfill:drand.statuspage.io,operator status page (self-reported): 1 = active incident that day
2025-12-20,randamu,drand-relay-statuspage,statuspage_impact_level,0.0,<=,0,pass,backfill:drand.statuspage.io,operator status page (self-reported): 1 = active incident that day
2025-12-21,randamu,drand-relay-statuspage,statuspage_impact_level,0.0,<=,0,pass,backfill:drand.statuspage.io,operator status page (self-reported): 1 = active incident that day
2025-12-22,randamu,drand-relay-statuspage,statuspage_impact_level,0.0,<=,0,pass,backfill:drand.statuspage.io,operator status page (self-reported): 1 = active incident that day
2025-12-23,randamu,drand-relay-statuspage,statuspage_impact_level,0.0,<=,0,pass,backfill:drand.statuspage.io,operator status page (self-reported): 1 = active incident that day
2025-12-24,randamu,drand-relay-statuspage,statuspage_impact_level,0.0,<=,0,pass,backfill:drand.statuspage.io,operator status page (self-reported): 1 = active incident that day
2025-12-25,randamu,drand-relay-statuspage,statuspage_impact_level,0.0,<=,0,pass,backfill:drand.statuspage.io,operator status page (self-reported): 1 = active incident that day
2025-12-26,randamu,drand-relay-statuspage,statuspage_impact_level,0.0,<=,0,pass,backfill:drand.statuspage.io,operator status page (self-reported): 1 = active incident that day
2025-12-27,randamu,drand-relay-statuspage,statuspage_impact_level,0.0,<=,0,pass,backfill:drand.statuspage.io,operator status page (self-reported): 1 = active incident that day
2025-12-28,randamu,drand-relay-statuspage,statuspage_impact_level,0.0,<=,0,pass,backfill:drand.statuspage.io,operator status page (self-reported): 1 = active incident that day
2025-12-29,randamu,drand-relay-statuspage,statuspage_impact_level,0.0,<=,0,pass,backfill:drand.statuspage.io,operator status page (self-reported): 1 = active incident that day
2025-12-30,randamu,drand-relay-statuspage,statuspage_impact_level,0.0,<=,0,pass,backfill:drand.statuspage.io,operator status page (self-reported): 1 = active incident that day
2025-12-31,randamu,drand-relay-statuspage,statuspage_impact_level,0.0,<=,0,pass,backfill:drand.statuspage.io,operator status page (self-reported): 1 = active incident that day
2026-01-01,randamu,drand-relay-statuspage,statuspage_impact_level,0.0,<=,0,pass,backfill:drand.statuspage.io,operator status page (self-reported): 1 = active incident that day
2026-01-02,randamu,drand-relay-statuspage,statuspage_impact_level,0.0,<=,0,pass,backfill:drand.statuspage.io,operator status page (self-reported): 1 = active incident that day
2026-01-03,randamu,drand-relay-statuspage,statuspage_impact_level,0.0,<=,0,pass,backfill:drand.statuspage.io,operator status page (self-reported): 1 = active incident that day
2026-01-04,randamu,drand-relay-statuspage,statuspage_impact_level,0.0,<=,0,pass,backfill:drand.statuspage.io,operator status page (self-reported): 1 = active incident that day
2026-01-05,randamu,drand-relay-statuspage,statuspage_impact_level,0.0,<=,0,pass,backfill:drand.statuspage.io,operator status page (self-reported): 1 = active incident that day
2026-01-06,randamu,drand-relay-statuspage,statuspage_impact_level,0.0,<=,0,pass,backfill:drand.statuspage.io,operator status page (self-reported): 1 = active incident that day
2026-01-07,randamu,drand-relay-statuspage,statuspage_impact_level,0.0,<=,0,pass,backfill:drand.statuspage.io,operator status page (self-reported): 1 = active incident that day
2026-01-08,randamu,drand-relay-statuspage,statuspage_impact_level,0.0,<=,0,pass,backfill:drand.statuspage.io,operator status page (self-reported): 1 = active incident that day
2026-01-09,randamu,drand-relay-statuspage,statuspage_impact_level,0.0,<=,0,pass,backfill:drand.statuspage.io,operator status page (self-reported): 1 = active incident that day
2026-01-10,randamu,drand-relay-statuspage,statuspage_impact_level,0.0,<=,0,pass,backfill:drand.statuspage.io,operator status page (self-reported): 1 = active incident that day
2026-01-11,randamu,drand-relay-statuspage,statuspage_impact_level,0.0,<=,0,pass,backfill:drand.statuspage.io,operator status page (self-reported): 1 = active incident that day
2026-01-12,randamu,drand-relay-statuspage,statuspage_impact_level,0.0,<=,0,pass,backfill:drand.statuspage.io,operator status page (self-reported): 1 = active incident that day
2026-01-13,randamu,drand-relay-statuspage,statuspage_impact_level,0.0,<=,0,pass,backfill:drand.statuspage.io,operator status page (self-reported): 1 = active incident that day
2026-01-14,randamu,drand-relay-statuspage,statuspage_impact_level,0.0,<=,0,pass,backfill:drand.statuspage.io,operator status page (self-reported): 1 = active incident that day
2026-01-15,randamu,drand-relay-statuspage,statuspage_impact_level,0.0,<=,0,pass,backfill:drand.statuspage.io,operator status page (self-reported): 1 = active incident that day
2026-01-16,randamu,drand-relay-statuspage,statuspage_impact_level,0.0,<=,0,pass,backfill:drand.statuspage.io,operator status page (self-reported): 1 = active incident that day
2026-01-17,randamu,drand-relay-statuspage,statuspage_impact_level,0.0,<=,0,pass,backfill:drand.statuspage.io,operator status page (self-reported): 1 = active incident that day
2026-01-18,randamu,drand-relay-statuspage,statuspage_impact_level,0.0,<=,0,pass,backfill:drand.statuspage.io,operator status page (self-reported): 1 = active incident that day
2026-01-19,randamu,drand-relay-statuspage,statuspage_impact_level,0.0,<=,0,pass,backfill:drand.statuspage.io,operator status page (self-reported): 1 = active incident that day
2026-01-20,randamu,drand-relay-statuspage,statuspage_impact_level,0.0,<=,0,pass,backfill:drand.statuspage.io,operator status page (self-reported): 1 = active incident that day
2026-01-21,randamu,drand-relay-statuspage,statuspage_impact_level,0.0,<=,0,pass,backfill:drand.statuspage.io,operator status page (self-reported): 1 = active incident that day
2026-01-22,randamu,drand-relay-statuspage,statuspage_impact_level,0.0,<=,0,pass,backfill:drand.statuspage.io,operator status page (self-reported): 1 = active incident that day
2026-01-23,randamu,drand-relay-statuspage,statuspage_impact_level,0.0,<=,0,pass,backfill:drand.statuspage.io,operator status page (self-reported): 1 = active incident that day
2026-01-24,randamu,drand-relay-statuspage,statuspage_impact_level,0.0,<=,0,pass,backfill:drand.statuspage.io,operator status page (self-reported): 1 = active incident that day
2026-01-25,randamu,drand-relay-statuspage,statuspage_impact_level,0.0,<=,0,pass,backfill:drand.statuspage.io,operator status page (self-reported): 1 = active incident that day
2026-01-26,randamu,drand-relay-statuspage,statuspage_impact_level,0.0,<=,0,pass,backfill:drand.statuspage.io,operator status page (self-reported): 1 = active incident that day
2026-01-27,randamu,drand-relay-statuspage,statuspage_impact_level,0.0,<=,0,pass,backfill:drand.statuspage.io,operator status page (self-reported): 1 = active incident that day
2026-01-28,randamu,drand-relay-statuspage,statuspage_impact_level,0.0,<=,0,pass,backfill:drand.statuspage.io,operator status page (self-reported): 1 = active incident that day
2026-01-29,randamu,drand-relay-statuspage,statuspage_impact_level,0.0,<=,0,pass,backfill:drand.statuspage.io,operator status page (self-reported): 1 = active incident that day
2026-01-30,randamu,drand-relay-statuspage,statuspage_impact_level,0.0,<=,0,pass,backfill:drand.statuspage.io,operator status page (self-reported): 1 = active incident that day
2026-01-31,randamu,drand-relay-statuspage,statuspage_impact_level,0.0,<=,0,pass,backfill:drand.statuspage.io,operator status page (self-reported): 1 = active incident that day
2026-02-01,randamu,drand-relay-statuspage,statuspage_impact_level,0.0,<=,0,pass,backfill:drand.statuspage.io,operator status page (self-reported): 1 = active incident that day
2026-02-02,randamu,drand-relay-statuspage,statuspage_impact_level,0.0,<=,0,pass,backfill:drand.statuspage.io,operator status page (self-reported): 1 = active incident that day
2026-02-03,randamu,drand-relay-statuspage,statuspage_impact_level,0.0,<=,0,pass,backfill:drand.statuspage.io,operator status page (self-reported): 1 = active incident that day
2026-02-04,randamu,drand-relay-statuspage,statuspage_impact_level,0.0,<=,0,pass,backfill:drand.statuspage.io,operator status page (self-reported): 1 = active incident that day
2026-02-05,randamu,drand-relay-statuspage,statuspage_impact_level,0.0,<=,0,pass,backfill:drand.statuspage.io,operator status page (self-reported): 1 = active incident that day
2026-02-06,randamu,drand-relay-statuspage,statuspage_impact_level,0.0,<=,0,pass,backfill:drand.statuspage.io,operator status page (self-reported): 1 = active incident that day
2026-02-07,randamu,drand-relay-statuspage,statuspage_impact_level,0.0,<=,0,pass,backfill:drand.statuspage.io,operator status page (self-reported): 1 = active incident that day
2026-02-08,randamu,drand-relay-statuspage,statuspage_impact_level,0.0,<=,0,pass,backfill:drand.statuspage.io,operator status page (self-reported): 1 = active incident that day
2026-02-09,randamu,drand-relay-statuspage,statuspage_impact_level,0.0,<=,0,pass,backfill:drand.statuspage.io,operator status page (self-reported): 1 = active incident that day
2026-02-10,randamu,drand-relay-statuspage,statuspage_impact_level,0.0,<=,0,pass,backfill:drand.statuspage.io,operator status page (self-reported): 1 = active incident that day
2026-02-11,randamu,drand-relay-statuspage,statuspage_impact_level,0.0,<=,0,pass,backfill:drand.statuspage.io,operator status page (self-reported): 1 = active incident that day
2026-02-12,randamu,drand-relay-statuspage,statuspage_impact_level,0.0,<=,0,pass,backfill:drand.statuspage.io,operator status page (self-reported): 1 = active incident that day
2026-02-13,randamu,drand-relay-statuspage,statuspage_impact_level,0.0,<=,0,pass,backfill:drand.statuspage.io,operator status page (self-reported): 1 = active incident that day
2026-02-14,randamu,drand-relay-statuspage,statuspage_impact_level,0.0,<=,0,pass,backfill:drand.statuspage.io,operator status page (self-reported): 1 = active incident that day
2026-02-15,randamu,drand-relay-statuspage,statuspage_impact_level,0.0,<=,0,pass,backfill:drand.statuspage.io,operator status page (self-reported): 1 = active incident that day
2026-02-16,randamu,drand-relay-statuspage,statuspage_impact_level,0.0,<=,0,pass,backfill:drand.statuspage.io,operator status page (self-reported): 1 = active incident that day
2026-02-17,randamu,drand-relay-statuspage,statuspage_impact_level,0.0,<=,0,pass,backfill:drand.statuspage.io,operator status page (self-reported): 1 = active incident that day
2026-02-18,randamu,drand-relay-statuspage,statuspage_impact_level,0.0,<=,0,pass,backfill:drand.statuspage.io,operator status page (self-reported): 1 = active incident that day
2026-02-19,randamu,drand-relay-statuspage,statuspage_impact_level,0.0,<=,0,pass,backfill:drand.statuspage.io,operator status page (self-reported): 1 = active incident that day
2026-02-20,randamu,drand-relay-statuspage,statuspage_impact_level,0.0,<=,0,pass,backfill:drand.statuspage.io,operator status page (self-reported): 1 = active incident that day
2026-02-21,randamu,drand-relay-statuspage,statuspage_impact_level,0.0,<=,0,pass,backfill:drand.statuspage.io,operator status page (self-reported): 1 = active incident that day
2026-02-22,randamu,drand-relay-statuspage,statuspage_impact_level,0.0,<=,0,pass,backfill:drand.statuspage.io,operator status page (self-reported): 1 = active incident that day
2026-02-23,randamu,drand-relay-statuspage,statuspage_impact_level,0.0,<=,0,pass,backfill:drand.statuspage.io,operator status page (self-reported): 1 = active incident that day
2026-02-24,randamu,drand-relay-statuspage,statuspage_impact_level,0.0,<=,0,pass,backfill:drand.statuspage.io,operator status page (self-reported): 1 = active incident that day
2026-02-25,randamu,drand-relay-statuspage,statuspage_impact_level,0.0,<=,0,pass,backfill:drand.statuspage.io,operator status page (self-reported): 1 = active incident that day
2026-02-26,randamu,drand-relay-statuspage,statuspage_impact_level,0.0,<=,0,pass,backfill:drand.statuspage.io,operator status page (self-reported): 1 = active incident that day
2026-02-27,randamu,drand-relay-statuspage,statuspage_impact_level,0.0,<=,0,pass,backfill:drand.statuspage.io,operator status page (self-reported): 1 = active incident that day
2026-02-28,randamu,drand-relay-statuspage,statuspage_impact_level,0.0,<=,0,pass,backfill:drand.statuspage.io,operator status page (self-reported): 1 = active incident that day
2026-03-01,randamu,drand-relay-statuspage,statuspage_impact_level,0.0,<=,0,pass,backfill:drand.statuspage.io,operator status page (self-reported): 1 = active incident that day
2026-03-02,randamu,drand-relay-statuspage,statuspage_impact_level,0.0,<=,0,pass,backfill:drand.statuspage.io,operator status page (self-reported): 1 = active incident that day
2026-03-03,randamu,drand-relay-statuspage,statuspage_impact_level,0.0,<=,0,pass,backfill:drand.statuspage.io,operator status page (self-reported): 1 = active incident that day
2026-03-04,randamu,drand-relay-statuspage,statuspage_impact_level,0.0,<=,0,pass,backfill:drand.statuspage.io,operator status page (self-reported): 1 = active incident that day
2026-03-05,randamu,drand-relay-statuspage,statuspage_impact_level,0.0,<=,0,pass,backfill:drand.statuspage.io,operator status page (self-reported): 1 = active incident that day
2026-03-06,randamu,drand-relay-statuspage,statuspage_impact_level,0.0,<=,0,pass,backfill:drand.statuspage.io,operator status page (self-reported): 1 = active incident that day
2026-03-07,randamu,drand-relay-statuspage,statuspage_impact_level,0.0,<=,0,pass,backfill:drand.statuspage.io,operator status page (self-reported): 1 = active incident that day
2026-03-08,randamu,drand-relay-statuspage,statuspage_impact_level,0.0,<=,0,pass,backfill:drand.statuspage.io,operator status page (self-reported): 1 = active incident that day
2026-03-09,randamu,drand-relay-statuspage,statuspage_impact_level,0.0,<=,0,pass,backfill:drand.statuspage.io,operator status page (self-reported): 1 = active incident that day
2026-03-10,randamu,drand-relay-statuspage,statuspage_impact_level,0.0,<=,0,pass,backfill:drand.statuspage.io,operator status page (self-reported): 1 = active incident that day
2026-03-11,randamu,drand-relay-statuspage,statuspage_impact_level,0.0,<=,0,pass,backfill:drand.statuspage.io,operator status page (self-reported): 1 = active incident that day
2026-03-12,randamu,drand-relay-statuspage,statuspage_impact_level,0.0,<=,0,pass,backfill:drand.statuspage.io,operator status page (self-reported): 1 = active incident that day
2026-03-13,randamu,drand-relay-statuspage,statuspage_impact_level,0.0,<=,0,pass,backfill:drand.statuspage.io,operator status page (self-reported): 1 = active incident that day
2026-03-14,randamu,drand-relay-statuspage,statuspage_impact_level,0.0,<=,0,pass,backfill:drand.statuspage.io,operator status page (self-reported): 1 = active incident that day
2026-03-15,randamu,drand-relay-statuspage,statuspage_impact_level,0.0,<=,0,pass,backfill:drand.statuspage.io,operator status page (self-reported): 1 = active incident that day
2026-03-16,randamu,drand-relay-statuspage,statuspage_impact_level,0.0,<=,0,pass,backfill:drand.statuspage.io,operator status page (self-reported): 1 = active incident that day
2026-03-17,randamu,drand-relay-statuspage,statuspage_impact_level,0.0,<=,0,pass,backfill:drand.statuspage.io,operator status page (self-reported): 1 = active incident that day
2026-03-18,randamu,drand-relay-statuspage,statuspage_impact_level,0.0,<=,0,pass,backfill:drand.statuspage.io,operator status page (self-reported): 1 = active incident that day
2026-03-19,randamu,drand-relay-statuspage,statuspage_impact_level,0.0,<=,0,pass,backfill:drand.statuspage.io,operator status page (self-reported): 1 = active incident that day
2026-03-20,randamu,drand-relay-statuspage,statuspage_impact_level,0.0,<=,0,pass,backfill:drand.statuspage.io,operator status page (self-reported): 1 = active incident that day
2026-03-21,randamu,drand-relay-statuspage,statuspage_impact_level,0.0,<=,0,pass,backfill:drand.statuspage.io,operator status page (self-reported): 1 = active incident that day
2026-03-22,randamu,drand-relay-statuspage,statuspage_impact_level,0.0,<=,0,pass,backfill:drand.statuspage.io,operator status page (self-reported): 1 = active incident that day
2026-03-23,randamu,drand-relay-statuspage,statuspage_impact_level,0.0,<=,0,pass,backfill:drand.statuspage.io,operator status page (self-reported): 1 = active incident that day
2026-03-24,randamu,drand-relay-statuspage,statuspage_impact_level,0.0,<=,0,pass,backfill:drand.statuspage.io,operator status page (self-reported): 1 = active incident that day
2026-03-25,randamu,drand-relay-statuspage,statuspage_impact_level,0.0,<=,0,pass,backfill:drand.statuspage.io,operator status page (self-reported): 1 = active incident that day
2026-03-26,randamu,drand-relay-statuspage,statuspage_impact_level,0.0,<=,0,pass,backfill:drand.statuspage.io,operator status page (self-reported): 1 = active incident that day
2026-03-27,randamu,drand-relay-statuspage,statuspage_impact_level,0.0,<=,0,pass,backfill:drand.statuspage.io,operator status page (self-reported): 1 = active incident that day
2026-03-28,randamu,drand-relay-statuspage,statuspage_impact_level,0.0,<=,0,pass,backfill:drand.statuspage.io,operator status page (self-reported): 1 = active incident that day
2026-03-29,randamu,drand-relay-statuspage,statuspage_impact_level,0.0,<=,0,pass,backfill:drand.statuspage.io,operator status page (self-reported): 1 = active incident that day
2026-03-30,randamu,drand-relay-statuspage,statuspage_impact_level,0.0,<=,0,pass,backfill:drand.statuspage.io,operator status page (self-reported): 1 = active incident that day
2026-03-31,randamu,drand-relay-statuspage,statuspage_impact_level,0.0,<=,0,pass,backfill:drand.statuspage.io,operator status page (self-reported): 1 = active incident that day
2026-04-01,randamu,drand-relay-statuspage,statuspage_impact_level,0.0,<=,0,pass,backfill:drand.statuspage.io,operator status page (self-reported): 1 = active incident that day
2026-04-02,randamu,drand-relay-statuspage,statuspage_impact_level,0.0,<=,0,pass,backfill:drand.statuspage.io,operator status page (self-reported): 1 = active incident that day
2026-04-03,randamu,drand-relay-statuspage,statuspage_impact_level,0.0,<=,0,pass,backfill:drand.statuspage.io,operator status page (self-reported): 1 = active incident that day
2026-04-04,randamu,drand-relay-statuspage,statuspage_impact_level,0.0,<=,0,pass,backfill:drand.statuspage.io,operator status page (self-reported): 1 = active incident that day
2026-04-05,randamu,drand-relay-statuspage,statuspage_impact_level,0.0,<=,0,pass,backfill:drand.statuspage.io,operator status page (self-reported): 1 = active incident that day
2026-04-06,randamu,drand-relay-statuspage,statuspage_impact_level,0.0,<=,0,pass,backfill:drand.statuspage.io,operator status page (self-reported): 1 = active incident that day
2026-04-07,randamu,drand-relay-statuspage,statuspage_impact_level,0.0,<=,0,pass,backfill:drand.statuspage.io,operator status page (self-reported): 1 = active incident that day
2026-04-08,randamu,drand-relay-statuspage,statuspage_impact_level,0.0,<=,0,pass,backfill:drand.statuspage.io,operator status page (self-reported): 1 = active incident that day
2026-04-09,randamu,drand-relay-statuspage,statuspage_impact_level,0.0,<=,0,pass,backfill:drand.statuspage.io,operator status page (self-reported): 1 = active incident that day
2026-04-10,randamu,drand-relay-statuspage,statuspage_impact_level,0.0,<=,0,pass,backfill:drand.statuspage.io,operator status page (self-reported): 1 = active incident that day
2026-04-11,randamu,drand-relay-statuspage,statuspage_impact_level,0.0,<=,0,pass,backfill:drand.statuspage.io,operator status page (self-reported): 1 = active incident that day
2026-04-12,randamu,drand-relay-statuspage,statuspage_impact_level,0.0,<=,0,pass,backfill:drand.statuspage.io,operator status page (self-reported): 1 = active incident that day
2026-04-13,randamu,drand-relay-statuspage,statuspage_impact_level,0.0,<=,0,pass,backfill:drand.statuspage.io,operator status page (self-reported): 1 = active incident that day
2026-04-14,randamu,drand-relay-statuspage,statuspage_impact_level,0.0,<=,0,pass,backfill:drand.statuspage.io,operator status page (self-reported): 1 = active incident that day
2026-04-15,randamu,drand-relay-statuspage,statuspage_impact_level,0.0,<=,0,pass,backfill:drand.statuspage.io,operator status page (self-reported): 1 = active incident that day
2026-04-16,randamu,drand-relay-statuspage,statuspage_impact_level,0.0,<=,0,pass,backfill:drand.statuspage.io,operator status page (self-reported): 1 = active incident that day
2026-04-17,randamu,drand-relay-statuspage,statuspage_impact_level,0.0,<=,0,pass,backfill:drand.statuspage.io,operator status page (self-reported): 1 = active incident that day
2026-04-18,randamu,drand-relay-statuspage,statuspage_impact_level,0.0,<=,0,pass,backfill:drand.statuspage.io,operator status page (self-reported): 1 = active incident that day
2026-04-19,randamu,drand-relay-statuspage,statuspage_impact_level,0.0,<=,0,pass,backfill:drand.statuspage.io,operator status page (self-reported): 1 = active incident that day
2026-04-20,randamu,drand-relay-statuspage,statuspage_impact_level,0.0,<=,0,pass,backfill:drand.statuspage.io,operator status page (self-reported): 1 = active incident that day
2026-04-21,randamu,drand-relay-statuspage,statuspage_impact_level,0.0,<=,0,pass,backfill:drand.statuspage.io,operator status page (self-reported): 1 = active incident that day
2026-04-22,randamu,drand-relay-statuspage,statuspage_impact_level,1.0,<=,0,fail,backfill:drand.statuspage.io,operator status page (self-reported): 1 = active incident that day
2026-04-23,randamu,drand-relay-statuspage,statuspage_impact_level,0.0,<=,0,pass,backfill:drand.statuspage.io,operator status page (self-reported): 1 = active incident that day
2026-04-24,randamu,drand-relay-statuspage,statuspage_impact_level,0.0,<=,0,pass,backfill:drand.statuspage.io,operator status page (self-reported): 1 = active incident that day
2026-04-25,randamu,drand-relay-statuspage,statuspage_impact_level,0.0,<=,0,pass,backfill:drand.statuspage.io,operator status page (self-reported): 1 = active incident that day
2026-04-26,randamu,drand-relay-statuspage,statuspage_impact_level,0.0,<=,0,pass,backfill:drand.statuspage.io,operator status page (self-reported): 1 = active incident that day
2026-04-27,randamu,drand-relay-statuspage,statuspage_impact_level,0.0,<=,0,pass,backfill:drand.statuspage.io,operator status page (self-reported): 1 = active incident that day
2026-04-28,randamu,drand-relay-statuspage,statuspage_impact_level,0.0,<=,0,pass,backfill:drand.statuspage.io,operator status page (self-reported): 1 = active incident that day
2026-04-29,randamu,drand-relay-statuspage,statuspage_impact_level,0.0,<=,0,pass,backfill:drand.statuspage.io,operator status page (self-reported): 1 = active incident that day
2026-04-30,randamu,drand-relay-statuspage,statuspage_impact_level,0.0,<=,0,pass,backfill:drand.statuspage.io,operator status page (self-reported): 1 = active incident that day
2026-05-01,randamu,drand-relay-statuspage,statuspage_impact_level,0.0,<=,0,pass,backfill:drand.statuspage.io,operator status page (self-reported): 1 = active incident that day
2026-05-02,randamu,drand-relay-statuspage,statuspage_impact_level,0.0,<=,0,pass,backfill:drand.statuspage.io,operator status page (self-reported): 1 = active incident that day
2026-05-03,randamu,drand-relay-statuspage,statuspage_impact_level,0.0,<=,0,pass,backfill:drand.statuspage.io,operator status page (self-reported): 1 = active incident that day
2026-05-04,randamu,drand-relay-statuspage,statuspage_impact_level,0.0,<=,0,pass,backfill:drand.statuspage.io,operator status page (self-reported): 1 = active incident that day
2026-05-05,randamu,drand-relay-statuspage,statuspage_impact_level,0.0,<=,0,pass,backfill:drand.statuspage.io,operator status page (self-reported): 1 = active incident that day
2026-05-06,randamu,drand-relay-statuspage,statuspage_impact_level,0.0,<=,0,pass,backfill:drand.statuspage.io,operator status page (self-reported): 1 = active incident that day
2026-05-07,randamu,drand-relay-statuspage,statuspage_impact_level,0.0,<=,0,pass,backfill:drand.statuspage.io,operator status page (self-reported): 1 = active incident that day
2026-05-08,randamu,drand-relay-statuspage,statuspage_impact_level,0.0,<=,0,pass,backfill:drand.statuspage.io,operator status page (self-reported): 1 = active incident that day
2026-05-09,randamu,drand-relay-statuspage,statuspage_impact_level,0.0,<=,0,pass,backfill:drand.statuspage.io,operator status page (self-reported): 1 = active incident that day
2026-05-10,randamu,drand-relay-statuspage,statuspage_impact_level,0.0,<=,0,pass,backfill:drand.statuspage.io,operator status page (self-reported): 1 = active incident that day
2026-05-11,randamu,drand-relay-statuspage,statuspage_impact_level,0.0,<=,0,pass,backfill:drand.statuspage.io,operator status page (self-reported): 1 = active incident that day
2026-05-12,randamu,drand-relay-statuspage,statuspage_impact_level,0.0,<=,0,pass,backfill:drand.statuspage.io,operator status page (self-reported): 1 = active incident that day
2026-05-13,randamu,drand-relay-statuspage,statuspage_impact_level,0.0,<=,0,pass,backfill:drand.statuspage.io,operator status page (self-reported): 1 = active incident that day
2026-05-14,randamu,drand-relay-statuspage,statuspage_impact_level,0.0,<=,0,pass,backfill:drand.statuspage.io,operator status page (self-reported): 1 = active incident that day
2026-05-15,randamu,drand-relay-statuspage,statuspage_impact_level,0.0,<=,0,pass,backfill:drand.statuspage.io,operator status page (self-reported): 1 = active incident that day
2026-05-16,randamu,drand-relay-statuspage,statuspage_impact_level,0.0,<=,0,pass,backfill:drand.statuspage.io,operator status page (self-reported): 1 = active incident that day
2026-05-17,randamu,drand-relay-statuspage,statuspage_impact_level,0.0,<=,0,pass,backfill:drand.statuspage.io,operator status page (self-reported): 1 = active incident that day
2026-05-18,randamu,drand-relay-statuspage,statuspage_impact_level,0.0,<=,0,pass,backfill:drand.statuspage.io,operator status page (self-reported): 1 = active incident that day
2026-05-19,randamu,drand-relay-statuspage,statuspage_impact_level,0.0,<=,0,pass,backfill:drand.statuspage.io,operator status page (self-reported): 1 = active incident that day
2026-05-20,randamu,drand-relay-statuspage,statuspage_impact_level,0.0,<=,0,pass,backfill:drand.statuspage.io,operator status page (self-reported): 1 = active incident that day
2026-05-21,randamu,drand-relay-statuspage,statuspage_impact_level,0.0,<=,0,pass,backfill:drand.statuspage.io,operator status page (self-reported): 1 = active incident that day
2026-05-22,randamu,drand-relay-statuspage,statuspage_impact_level,0.0,<=,0,pass,backfill:drand.statuspage.io,operator status page (self-reported): 1 = active incident that day
2026-05-23,randamu,drand-relay-statuspage,statuspage_impact_level,0.0,<=,0,pass,backfill:drand.statuspage.io,operator status page (self-reported): 1 = active incident that day
2026-05-24,randamu,drand-relay-statuspage,statuspage_impact_level,0.0,<=,0,pass,backfill:drand.statuspage.io,operator status page (self-reported): 1 = active incident that day
2026-05-25,randamu,drand-relay-statuspage,statuspage_impact_level,0.0,<=,0,pass,backfill:drand.statuspage.io,operator status page (self-reported): 1 = active incident that day
2026-05-26,randamu,drand-relay-statuspage,statuspage_impact_level,0.0,<=,0,pass,backfill:drand.statuspage.io,operator status page (self-reported): 1 = active incident that day
2026-05-27,randamu,drand-relay-statuspage,statuspage_impact_level,0.0,<=,0,pass,backfill:drand.statuspage.io,operator status page (self-reported): 1 = active incident that day
2026-05-28,randamu,drand-relay-statuspage,statuspage_impact_level,0.0,<=,0,pass,backfill:drand.statuspage.io,operator status page (self-reported): 1 = active incident that day
2026-05-29,randamu,drand-relay-statuspage,statuspage_impact_level,0.0,<=,0,pass,backfill:drand.statuspage.io,operator status page (self-reported): 1 = active incident that day
2026-05-30,randamu,drand-relay-statuspage,statuspage_impact_level,0.0,<=,0,pass,backfill:drand.statuspage.io,operator status page (self-reported): 1 = active incident that day
2026-05-31,randamu,drand-relay-statuspage,statuspage_impact_level,0.0,<=,0,pass,backfill:drand.statuspage.io,operator status page (self-reported): 1 = active incident that day
2026-06-01,randamu,drand-relay-statuspage,statuspage_impact_level,0.0,<=,0,pass,backfill:drand.statuspage.io,operator status page (self-reported): 1 = active incident that day
2026-06-02,randamu,drand-relay-statuspage,statuspage_impact_level,0.0,<=,0,pass,backfill:drand.statuspage.io,operator status page (self-reported): 1 = active incident that day
2026-06-03,randamu,drand-relay-statuspage,statuspage_impact_level,0.0,<=,0,pass,backfill:drand.statuspage.io,operator status page (self-reported): 1 = active incident that day
2026-06-04,randamu,drand-relay-statuspage,statuspage_impact_level,0.0,<=,0,pass,backfill:drand.statuspage.io,operator status page (self-reported): 1 = active incident that day
2026-06-05,randamu,drand-relay-statuspage,statuspage_impact_level,0.0,<=,0,pass,backfill:drand.statuspage.io,operator status page (self-reported): 1 = active incident that day
2026-06-06,randamu,drand-relay-statuspage,statuspage_impact_level,0.0,<=,0,pass,backfill:drand.statuspage.io,operator status page (self-reported): 1 = active incident that day
2026-06-07,randamu,drand-relay-statuspage,statuspage_impact_level,0.0,<=,0,pass,backfill:drand.statuspage.io,operator status page (self-reported): 1 = active incident that day
2026-06-08,randamu,drand-relay-statuspage,statuspage_impact_level,0.0,<=,0,pass,backfill:drand.statuspage.io,operator status page (self-reported): 1 = active incident that day
2026-06-09,randamu,drand-relay-statuspage,statuspage_impact_level,0.0,<=,0,pass,backfill:drand.statuspage.io,operator status page (self-reported): 1 = active incident that day
2026-06-10,randamu,drand-relay-statuspage,statuspage_impact_level,0.0,<=,0,pass,backfill:drand.statuspage.io,operator status page (self-reported): 1 = active incident that day
2026-06-11,randamu,drand-relay-statuspage,statuspage_impact_level,0.0,<=,0,pass,backfill:drand.statuspage.io,operator status page (self-reported): 1 = active incident that day
2026-06-12,randamu,drand-relay-statuspage,statuspage_impact_level,0.0,<=,0,pass,backfill:drand.statuspage.io,operator status page (self-reported): 1 = active incident that day
2026-06-13,randamu,drand-relay-statuspage,statuspage_impact_level,0.0,<=,0,pass,backfill:drand.statuspage.io,operator status page (self-reported): 1 = active incident that day
2026-06-14,randamu,drand-relay-statuspage,statuspage_impact_level,0.0,<=,0,pass,backfill:drand.statuspage.io,operator status page (self-reported): 1 = active incident that day
2026-06-15,randamu,drand-relay-statuspage,statuspage_impact_level,0.0,<=,0,pass,backfill:drand.statuspage.io,operator status page (self-reported): 1 = active incident that day
2026-06-16,randamu,drand-relay-statuspage,statuspage_impact_level,0.0,<=,0,pass,backfill:drand.statuspage.io,operator status page (self-reported): 1 = active incident that day
2026-06-17,randamu,drand-relay-statuspage,statuspage_impact_level,0.0,<=,0,pass,backfill:drand.statuspage.io,operator status page (self-reported): 1 = active incident that day
2026-06-18,randamu,drand-relay-statuspage,statuspage_impact_level,0.0,<=,0,pass,backfill:drand.statuspage.io,operator status page (self-reported): 1 = active incident that day
2026-06-19,randamu,drand-relay-statuspage,statuspage_impact_level,0.0,<=,0,pass,backfill:drand.statuspage.io,operator status page (self-reported): 1 = active incident that day
2026-06-20,randamu,drand-relay-statuspage,statuspage_impact_level,0.0,<=,0,pass,backfill:drand.statuspage.io,operator status page (self-reported): 1 = active incident that day
2026-06-21,randamu,drand-relay-statuspage,statuspage_impact_level,0.0,<=,0,pass,backfill:drand.statuspage.io,operator status page (self-reported): 1 = active incident that day
2026-06-22,randamu,drand-relay-statuspage,statuspage_impact_level,0.0,<=,0,pass,backfill:drand.statuspage.io,operator status page (self-reported): 1 = active incident that day
2026-06-23,randamu,drand-relay-statuspage,statuspage_impact_level,0.0,<=,0,pass,backfill:drand.statuspage.io,operator status page (self-reported): 1 = active incident that day
2026-06-24,randamu,drand-relay-statuspage,statuspage_impact_level,0.0,<=,0,pass,backfill:drand.statuspage.io,operator status page (self-reported): 1 = active incident that day
2026-06-25,randamu,drand-relay-statuspage,statuspage_impact_level,0.0,<=,0,pass,backfill:drand.statuspage.io,operator status page (self-reported): 1 = active incident that day
2026-06-26,randamu,drand-relay-statuspage,statuspage_impact_level,0.0,<=,0,pass,backfill:drand.statuspage.io,operator status page (self-reported): 1 = active incident that day
2026-06-27,randamu,drand-relay-statuspage,statuspage_impact_level,0.0,<=,0,pass,backfill:drand.statuspage.io,operator status page (self-reported): 1 = active incident that day
2026-06-28,randamu,drand-relay-statuspage,statuspage_impact_level,0.0,<=,0,pass,backfill:drand.statuspage.io,operator status page (self-reported): 1 = active incident that day
2026-06-29,randamu,drand-relay-statuspage,statuspage_impact_level,0.0,<=,0,pass,backfill:drand.statuspage.io,operator status page (self-reported): 1 = active incident that day
2026-06-30,randamu,drand-relay-statuspage,statuspage_impact_level,0.0,<=,0,pass,backfill:drand.statuspage.io,operator status page (self-reported): 1 = active incident that day
2026-07-01,randamu,drand-relay-statuspage,statuspage_impact_level,0.0,<=,0,pass,backfill:drand.statuspage.io,operator status page (self-reported): 1 = active incident that day
2026-07-02,randamu,drand-relay-statuspage,statuspage_impact_level,0.0,<=,0,pass,backfill:drand.statuspage.io,operator status page (self-reported): 1 = active incident that day
2026-07-03,randamu,drand-relay-statuspage,statuspage_impact_level,0.0,<=,0,pass,backfill:drand.statuspage.io,operator status page (self-reported): 1 = active incident that day
2026-07-04,randamu,drand-relay-statuspage,statuspage_impact_level,0.0,<=,0,pass,backfill:drand.statuspage.io,operator status page (self-reported): 1 = active incident that day
2026-07-05,randamu,drand-relay-statuspage,statuspage_impact_level,0.0,<=,0,pass,backfill:drand.statuspage.io,operator status page (self-reported): 1 = active incident that day
2026-07-06,randamu,drand-relay-statuspage,statuspage_impact_level,0.0,<=,0,pass,backfill:drand.statuspage.io,operator status page (self-reported): 1 = active incident that day
2026-07-07,randamu,drand-relay-statuspage,statuspage_impact_level,0.0,<=,0,pass,backfill:drand.statuspage.io,operator status page (self-reported): 1 = active incident that day
2026-07-08,randamu,drand-relay-statuspage,statuspage_impact_level,0.0,<=,0,pass,backfill:drand.statuspage.io,operator status page (self-reported): 1 = active incident that day
2026-07-09,randamu,drand-relay-statuspage,statuspage_impact_level,0.0,<=,0,pass,backfill:drand.statuspage.io,operator status page (self-reported): 1 = active incident that day
2026-07-10,randamu,drand-relay-statuspage,statuspage_impact_level,0.0,<=,0,pass,backfill:drand.statuspage.io,operator status page (self-reported): 1 = active incident that day
2026-07-11,randamu,drand-relay-statuspage,statuspage_impact_level,0.0,<=,0,pass,backfill:drand.statuspage.io,operator status page (self-reported): 1 = active incident that day
2026-07-12,randamu,drand-relay-statuspage,statuspage_impact_level,0.0,<=,0,pass,backfill:drand.statuspage.io,operator status page (self-reported): 1 = active incident that day
2026-07-13,randamu,drand-relay-statuspage,statuspage_impact_level,0.0,<=,0,pass,backfill:drand.statuspage.io,operator status page (self-reported): 1 = active incident that day
2026-07-14,randamu,drand-relay-statuspage,statuspage_impact_level,0.0,<=,0,pass,backfill:drand.statuspage.io,operator status page (self-reported): 1 = active incident that day
2026-07-15,randamu,drand-relay-statuspage,statuspage_impact_level,0.0,<=,0,pass,backfill:drand.statuspage.io,operator status page (self-reported): 1 = active incident that day
2026-07-16,randamu,drand-relay-statuspage,statuspage_impact_level,0.0,<=,0,pass,backfill:drand.statuspage.io,operator status page (self-reported): 1 = active incident that day
2026-07-17,randamu,drand-relay-statuspage,statuspage_impact_level,0.0,<=,0,pass,backfill:drand.statuspage.io,operator status page (self-reported): 1 = active incident that day
2026-07-18,randamu,drand-relay-statuspage,statuspage_impact_level,0.0,<=,0,pass,backfill:drand.statuspage.io,operator status page (self-reported): 1 = active incident that day
2026-07-19,randamu,drand-relay-statuspage,statuspage_impact_level,0.0,<=,0,pass,backfill:drand.statuspage.io,operator status page (self-reported): 1 = active incident that day
2026-07-20,randamu,drand-relay-statuspage,statuspage_impact_level,0.0,<=,0,pass,backfill:drand.statuspage.io,operator status page (self-reported): 1 = active incident that day
2026-08-14,randamu,drand-relay-statuspage,statuspage_impact_level,0.0,<=,0.0,pass,nightly,
2026-08-14,randamu,drand-release-cadence,avg_days_between_releases,39.8989931,<=,45.0,pass,nightly,
2026-07-15,randamu,randomness-beacon,beacon_round_lag,0.0,<=,1.0,pass,live-review,scheduled review reading
2026-08-14,randamu,randomness-beacon,beacon_round_lag,0.0,<=,1.0,pass,nightly,
2026-08-14,secured-finance,usdfc-axlusdc-pool-tvl,usdfc_pool_tvl_usd,51118.9152,>=,170000.0,fail,nightly,
2026-08-14,secured-finance,usdfc-axlusdc-pool-volume,usdfc_pool_volume_usd,12163.1337543138,>=,1000.0,pass,nightly,
2025-07-16,secured-finance,usdfc-collateral-tvl-floor,usdfc_tvl_usd,826747.0,>=,100000,pass,backfill:api.llama.fi,daily protocol TVL history
2025-07-17,secured-finance,usdfc-collateral-tvl-floor,usdfc_tvl_usd,838092.0,>=,100000,pass,backfill:api.llama.fi,daily protocol TVL history
2025-07-18,secured-finance,usdfc-collateral-tvl-floor,usdfc_tvl_usd,848823.0,>=,100000,pass,backfill:api.llama.fi,daily protocol TVL history
2025-07-19,secured-finance,usdfc-collateral-tvl-floor,usdfc_tvl_usd,860129.0,>=,100000,pass,backfill:api.llama.fi,daily protocol TVL history
2025-07-20,secured-finance,usdfc-collateral-tvl-floor,usdfc_tvl_usd,865606.0,>=,100000,pass,backfill:api.llama.fi,daily protocol TVL history
2025-07-21,secured-finance,usdfc-collateral-tvl-floor,usdfc_tvl_usd,893529.0,>=,100000,pass,backfill:api.llama.fi,daily protocol TVL history
2025-07-22,secured-finance,usdfc-collateral-tvl-floor,usdfc_tvl_usd,905939.0,>=,100000,pass,backfill:api.llama.fi,daily protocol TVL history
2025-07-23,secured-finance,usdfc-collateral-tvl-floor,usdfc_tvl_usd,908407.0,>=,100000,pass,backfill:api.llama.fi,daily protocol TVL history
2025-07-24,secured-finance,usdfc-collateral-tvl-floor,usdfc_tvl_usd,820506.0,>=,100000,pass,backfill:api.llama.fi,daily protocol TVL history
2025-07-25,secured-finance,usdfc-collateral-tvl-floor,usdfc_tvl_usd,786426.0,>=,100000,pass,backfill:api.llama.fi,daily protocol TVL history
2025-07-26,secured-finance,usdfc-collateral-tvl-floor,usdfc_tvl_usd,814073.0,>=,100000,pass,backfill:api.llama.fi,daily protocol TVL history
2025-07-27,secured-finance,usdfc-collateral-tvl-floor,usdfc_tvl_usd,817145.0,>=,100000,pass,backfill:api.llama.fi,daily protocol TVL history
2025-07-28,secured-finance,usdfc-collateral-tvl-floor,usdfc_tvl_usd,847865.0,>=,100000,pass,backfill:api.llama.fi,daily protocol TVL history
2025-07-29,secured-finance,usdfc-collateral-tvl-floor,usdfc_tvl_usd,802225.0,>=,100000,pass,backfill:api.llama.fi,daily protocol TVL history
2025-07-30,secured-finance,usdfc-collateral-tvl-floor,usdfc_tvl_usd,785251.0,>=,100000,pass,backfill:api.llama.fi,daily protocol TVL history
2025-07-31,secured-finance,usdfc-collateral-tvl-floor,usdfc_tvl_usd,751019.0,>=,100000,pass,backfill:api.llama.fi,daily protocol TVL history
2025-08-01,secured-finance,usdfc-collateral-tvl-floor,usdfc_tvl_usd,717841.0,>=,100000,pass,backfill:api.llama.fi,daily protocol TVL history
2025-08-02,secured-finance,usdfc-collateral-tvl-floor,usdfc_tvl_usd,684637.0,>=,100000,pass,backfill:api.llama.fi,daily protocol TVL history
2025-08-03,secured-finance,usdfc-collateral-tvl-floor,usdfc_tvl_usd,663733.0,>=,100000,pass,backfill:api.llama.fi,daily protocol TVL history
2025-08-04,secured-finance,usdfc-collateral-tvl-floor,usdfc_tvl_usd,699133.0,>=,100000,pass,backfill:api.llama.fi,daily protocol TVL history
2025-08-05,secured-finance,usdfc-collateral-tvl-floor,usdfc_tvl_usd,713882.0,>=,100000,pass,backfill:api.llama.fi,daily protocol TVL history
2025-08-06,secured-finance,usdfc-collateral-tvl-floor,usdfc_tvl_usd,679955.0,>=,100000,pass,backfill:api.llama.fi,daily protocol TVL history
2025-08-07,secured-finance,usdfc-collateral-tvl-floor,usdfc_tvl_usd,693884.0,>=,100000,pass,backfill:api.llama.fi,daily protocol TVL history
2025-08-08,secured-finance,usdfc-collateral-tvl-floor,usdfc_tvl_usd,718784.0,>=,100000,pass,backfill:api.llama.fi,daily protocol TVL history
2025-08-09,secured-finance,usdfc-collateral-tvl-floor,usdfc_tvl_usd,736174.0,>=,100000,pass,backfill:api.llama.fi,daily protocol TVL history
2025-08-10,secured-finance,usdfc-collateral-tvl-floor,usdfc_tvl_usd,768055.0,>=,100000,pass,backfill:api.llama.fi,daily protocol TVL history
2025-08-11,secured-finance,usdfc-collateral-tvl-floor,usdfc_tvl_usd,759360.0,>=,100000,pass,backfill:api.llama.fi,daily protocol TVL history
2025-08-12,secured-finance,usdfc-collateral-tvl-floor,usdfc_tvl_usd,718257.0,>=,100000,pass,backfill:api.llama.fi,daily protocol TVL history
2025-08-13,secured-finance,usdfc-collateral-tvl-floor,usdfc_tvl_usd,764597.0,>=,100000,pass,backfill:api.llama.fi,daily protocol TVL history
2025-08-14,secured-finance,usdfc-collateral-tvl-floor,usdfc_tvl_usd,847811.0,>=,100000,pass,backfill:api.llama.fi,daily protocol TVL history
2025-08-15,secured-finance,usdfc-collateral-tvl-floor,usdfc_tvl_usd,772561.0,>=,100000,pass,backfill:api.llama.fi,daily protocol TVL history
2025-08-16,secured-finance,usdfc-collateral-tvl-floor,usdfc_tvl_usd,754191.0,>=,100000,pass,backfill:api.llama.fi,daily protocol TVL history
2025-08-17,secured-finance,usdfc-collateral-tvl-floor,usdfc_tvl_usd,770389.0,>=,100000,pass,backfill:api.llama.fi,daily protocol TVL history
2025-08-18,secured-finance,usdfc-collateral-tvl-floor,usdfc_tvl_usd,774302.0,>=,100000,pass,backfill:api.llama.fi,daily protocol TVL history
2025-08-19,secured-finance,usdfc-collateral-tvl-floor,usdfc_tvl_usd,745365.0,>=,100000,pass,backfill:api.llama.fi,daily protocol TVL history
2025-08-20,secured-finance,usdfc-collateral-tvl-floor,usdfc_tvl_usd,712280.0,>=,100000,pass,backfill:api.llama.fi,daily protocol TVL history
2025-08-21,secured-finance,usdfc-collateral-tvl-floor,usdfc_tvl_usd,727597.0,>=,100000,pass,backfill:api.llama.fi,daily protocol TVL history
2025-08-22,secured-finance,usdfc-collateral-tvl-floor,usdfc_tvl_usd,715666.0,>=,100000,pass,backfill:api.llama.fi,daily protocol TVL history
2025-08-23,secured-finance,usdfc-collateral-tvl-floor,usdfc_tvl_usd,757732.0,>=,100000,pass,backfill:api.llama.fi,daily protocol TVL history
2025-08-24,secured-finance,usdfc-collateral-tvl-floor,usdfc_tvl_usd,738084.0,>=,100000,pass,backfill:api.llama.fi,daily protocol TVL history
2025-08-25,secured-finance,usdfc-collateral-tvl-floor,usdfc_tvl_usd,688314.0,>=,100000,pass,backfill:api.llama.fi,daily protocol TVL history
2025-08-26,secured-finance,usdfc-collateral-tvl-floor,usdfc_tvl_usd,608243.0,>=,100000,pass,backfill:api.llama.fi,daily protocol TVL history
2025-08-27,secured-finance,usdfc-collateral-tvl-floor,usdfc_tvl_usd,644514.0,>=,100000,pass,backfill:api.llama.fi,daily protocol TVL history
2025-08-28,secured-finance,usdfc-collateral-tvl-floor,usdfc_tvl_usd,644494.0,>=,100000,pass,backfill:api.llama.fi,daily protocol TVL history
2025-08-29,secured-finance,usdfc-collateral-tvl-floor,usdfc_tvl_usd,663973.0,>=,100000,pass,backfill:api.llama.fi,daily protocol TVL history
2025-08-30,secured-finance,usdfc-collateral-tvl-floor,usdfc_tvl_usd,629328.0,>=,100000,pass,backfill:api.llama.fi,daily protocol TVL history
2025-08-31,secured-finance,usdfc-collateral-tvl-floor,usdfc_tvl_usd,639946.0,>=,100000,pass,backfill:api.llama.fi,daily protocol TVL history
2025-09-01,secured-finance,usdfc-collateral-tvl-floor,usdfc_tvl_usd,628010.0,>=,100000,pass,backfill:api.llama.fi,daily protocol TVL history
2025-09-02,secured-finance,usdfc-collateral-tvl-floor,usdfc_tvl_usd,635839.0,>=,100000,pass,backfill:api.llama.fi,daily protocol TVL history
2025-09-03,secured-finance,usdfc-collateral-tvl-floor,usdfc_tvl_usd,631300.0,>=,100000,pass,backfill:api.llama.fi,daily protocol TVL history
2025-09-04,secured-finance,usdfc-collateral-tvl-floor,usdfc_tvl_usd,647518.0,>=,100000,pass,backfill:api.llama.fi,daily protocol TVL history
2025-09-05,secured-finance,usdfc-collateral-tvl-floor,usdfc_tvl_usd,631446.0,>=,100000,pass,backfill:api.llama.fi,daily protocol TVL history
2025-09-06,secured-finance,usdfc-collateral-tvl-floor,usdfc_tvl_usd,650306.0,>=,100000,pass,backfill:api.llama.fi,daily protocol TVL history
2025-09-07,secured-finance,usdfc-collateral-tvl-floor,usdfc_tvl_usd,647274.0,>=,100000,pass,backfill:api.llama.fi,daily protocol TVL history
2025-09-08,secured-finance,usdfc-collateral-tvl-floor,usdfc_tvl_usd,663587.0,>=,100000,pass,backfill:api.llama.fi,daily protocol TVL history
2025-09-09,secured-finance,usdfc-collateral-tvl-floor,usdfc_tvl_usd,676752.0,>=,100000,pass,backfill:api.llama.fi,daily protocol TVL history
2025-09-10,secured-finance,usdfc-collateral-tvl-floor,usdfc_tvl_usd,722657.0,>=,100000,pass,backfill:api.llama.fi,daily protocol TVL history
2025-09-11,secured-finance,usdfc-collateral-tvl-floor,usdfc_tvl_usd,731726.0,>=,100000,pass,backfill:api.llama.fi,daily protocol TVL history
2025-09-12,secured-finance,usdfc-collateral-tvl-floor,usdfc_tvl_usd,746419.0,>=,100000,pass,backfill:api.llama.fi,daily protocol TVL history
2025-09-13,secured-finance,usdfc-collateral-tvl-floor,usdfc_tvl_usd,750638.0,>=,100000,pass,backfill:api.llama.fi,daily protocol TVL history
2025-09-14,secured-finance,usdfc-collateral-tvl-floor,usdfc_tvl_usd,764687.0,>=,100000,pass,backfill:api.llama.fi,daily protocol TVL history
2025-09-15,secured-finance,usdfc-collateral-tvl-floor,usdfc_tvl_usd,737700.0,>=,100000,pass,backfill:api.llama.fi,daily protocol TVL history
2025-09-16,secured-finance,usdfc-collateral-tvl-floor,usdfc_tvl_usd,697623.0,>=,100000,pass,backfill:api.llama.fi,daily protocol TVL history
2025-09-17,secured-finance,usdfc-collateral-tvl-floor,usdfc_tvl_usd,739482.0,>=,100000,pass,backfill:api.llama.fi,daily protocol TVL history
2025-09-18,secured-finance,usdfc-collateral-tvl-floor,usdfc_tvl_usd,739033.0,>=,100000,pass,backfill:api.llama.fi,daily protocol TVL history
2025-09-19,secured-finance,usdfc-collateral-tvl-floor,usdfc_tvl_usd,741293.0,>=,100000,pass,backfill:api.llama.fi,daily protocol TVL history
2025-09-20,secured-finance,usdfc-collateral-tvl-floor,usdfc_tvl_usd,701345.0,>=,100000,pass,backfill:api.llama.fi,daily protocol TVL history
2025-09-21,secured-finance,usdfc-collateral-tvl-floor,usdfc_tvl_usd,694114.0,>=,100000,pass,backfill:api.llama.fi,daily protocol TVL history
2025-09-22,secured-finance,usdfc-collateral-tvl-floor,usdfc_tvl_usd,665518.0,>=,100000,pass,backfill:api.llama.fi,daily protocol TVL history
2025-09-23,secured-finance,usdfc-collateral-tvl-floor,usdfc_tvl_usd,643543.0,>=,100000,pass,backfill:api.llama.fi,daily protocol TVL history
2025-09-24,secured-finance,usdfc-collateral-tvl-floor,usdfc_tvl_usd,645345.0,>=,100000,pass,backfill:api.llama.fi,daily protocol TVL history
2025-09-25,secured-finance,usdfc-collateral-tvl-floor,usdfc_tvl_usd,637141.0,>=,100000,pass,backfill:api.llama.fi,daily protocol TVL history
2025-09-26,secured-finance,usdfc-collateral-tvl-floor,usdfc_tvl_usd,601213.0,>=,100000,pass,backfill:api.llama.fi,daily protocol TVL history
2025-09-27,secured-finance,usdfc-collateral-tvl-floor,usdfc_tvl_usd,616730.0,>=,100000,pass,backfill:api.llama.fi,daily protocol TVL history
2025-09-28,secured-finance,usdfc-collateral-tvl-floor,usdfc_tvl_usd,610954.0,>=,100000,pass,backfill:api.llama.fi,daily protocol TVL history
2025-09-29,secured-finance,usdfc-collateral-tvl-floor,usdfc_tvl_usd,609484.0,>=,100000,pass,backfill:api.llama.fi,daily protocol TVL history
2025-09-30,secured-finance,usdfc-collateral-tvl-floor,usdfc_tvl_usd,610395.0,>=,100000,pass,backfill:api.llama.fi,daily protocol TVL history
2025-10-01,secured-finance,usdfc-collateral-tvl-floor,usdfc_tvl_usd,596821.0,>=,100000,pass,backfill:api.llama.fi,daily protocol TVL history
2025-10-02,secured-finance,usdfc-collateral-tvl-floor,usdfc_tvl_usd,973923.0,>=,100000,pass,backfill:api.llama.fi,daily protocol TVL history
2025-10-03,secured-finance,usdfc-collateral-tvl-floor,usdfc_tvl_usd,995096.0,>=,100000,pass,backfill:api.llama.fi,daily protocol TVL history
2025-10-04,secured-finance,usdfc-collateral-tvl-floor,usdfc_tvl_usd,1015039.0,>=,100000,pass,backfill:api.llama.fi,daily protocol TVL history
2025-10-05,secured-finance,usdfc-collateral-tvl-floor,usdfc_tvl_usd,971910.0,>=,100000,pass,backfill:api.llama.fi,daily protocol TVL history
2025-10-06,secured-finance,usdfc-collateral-tvl-floor,usdfc_tvl_usd,976223.0,>=,100000,pass,backfill:api.llama.fi,daily protocol TVL history
2025-10-07,secured-finance,usdfc-collateral-tvl-floor,usdfc_tvl_usd,1009938.0,>=,100000,pass,backfill:api.llama.fi,daily protocol TVL history
2025-10-08,secured-finance,usdfc-collateral-tvl-floor,usdfc_tvl_usd,965935.0,>=,100000,pass,backfill:api.llama.fi,daily protocol TVL history
2025-10-09,secured-finance,usdfc-collateral-tvl-floor,usdfc_tvl_usd,980430.0,>=,100000,pass,backfill:api.llama.fi,daily protocol TVL history
2025-10-10,secured-finance,usdfc-collateral-tvl-floor,usdfc_tvl_usd,933193.0,>=,100000,pass,backfill:api.llama.fi,daily protocol TVL history
2025-10-11,secured-finance,usdfc-collateral-tvl-floor,usdfc_tvl_usd,670707.0,>=,100000,pass,backfill:api.llama.fi,daily protocol TVL history
2025-10-12,secured-finance,usdfc-collateral-tvl-floor,usdfc_tvl_usd,698407.0,>=,100000,pass,backfill:api.llama.fi,daily protocol TVL history
2025-10-13,secured-finance,usdfc-collateral-tvl-floor,usdfc_tvl_usd,747540.0,>=,100000,pass,backfill:api.llama.fi,daily protocol TVL history
2025-10-14,secured-finance,usdfc-collateral-tvl-floor,usdfc_tvl_usd,733414.0,>=,100000,pass,backfill:api.llama.fi,daily protocol TVL history
2025-10-15,secured-finance,usdfc-collateral-tvl-floor,usdfc_tvl_usd,702242.0,>=,100000,pass,backfill:api.llama.fi,daily protocol TVL history
2025-10-16,secured-finance,usdfc-collateral-tvl-floor,usdfc_tvl_usd,674300.0,>=,100000,pass,backfill:api.llama.fi,daily protocol TVL history
2025-10-17,secured-finance,usdfc-collateral-tvl-floor,usdfc_tvl_usd,627845.0,>=,100000,pass,backfill:api.llama.fi,daily protocol TVL history
2025-10-18,secured-finance,usdfc-collateral-tvl-floor,usdfc_tvl_usd,607040.0,>=,100000,pass,backfill:api.llama.fi,daily protocol TVL history
2025-10-19,secured-finance,usdfc-collateral-tvl-floor,usdfc_tvl_usd,615635.0,>=,100000,pass,backfill:api.llama.fi,daily protocol TVL history
2025-10-20,secured-finance,usdfc-collateral-tvl-floor,usdfc_tvl_usd,603546.0,>=,100000,pass,backfill:api.llama.fi,daily protocol TVL history
2025-10-21,secured-finance,usdfc-collateral-tvl-floor,usdfc_tvl_usd,629535.0,>=,100000,pass,backfill:api.llama.fi,daily protocol TVL history
2025-10-22,secured-finance,usdfc-collateral-tvl-floor,usdfc_tvl_usd,622891.0,>=,100000,pass,backfill:api.llama.fi,daily protocol TVL history
2025-10-23,secured-finance,usdfc-collateral-tvl-floor,usdfc_tvl_usd,597129.0,>=,100000,pass,backfill:api.llama.fi,daily protocol TVL history
2025-10-24,secured-finance,usdfc-collateral-tvl-floor,usdfc_tvl_usd,603234.0,>=,100000,pass,backfill:api.llama.fi,daily protocol TVL history
2025-10-25,secured-finance,usdfc-collateral-tvl-floor,usdfc_tvl_usd,598618.0,>=,100000,pass,backfill:api.llama.fi,daily protocol TVL history
2025-10-26,secured-finance,usdfc-collateral-tvl-floor,usdfc_tvl_usd,594298.0,>=,100000,pass,backfill:api.llama.fi,daily protocol TVL history
2025-10-27,secured-finance,usdfc-collateral-tvl-floor,usdfc_tvl_usd,627884.0,>=,100000,pass,backfill:api.llama.fi,daily protocol TVL history
2025-10-28,secured-finance,usdfc-collateral-tvl-floor,usdfc_tvl_usd,616345.0,>=,100000,pass,backfill:api.llama.fi,daily protocol TVL history
2025-10-29,secured-finance,usdfc-collateral-tvl-floor,usdfc_tvl_usd,579477.0,>=,100000,pass,backfill:api.llama.fi,daily protocol TVL history
2025-10-30,secured-finance,usdfc-collateral-tvl-floor,usdfc_tvl_usd,587841.0,>=,100000,pass,backfill:api.llama.fi,daily protocol TVL history
2025-10-31,secured-finance,usdfc-collateral-tvl-floor,usdfc_tvl_usd,528243.0,>=,100000,pass,backfill:api.llama.fi,daily protocol TVL history
2025-11-01,secured-finance,usdfc-collateral-tvl-floor,usdfc_tvl_usd,547757.0,>=,100000,pass,backfill:api.llama.fi,daily protocol TVL history
2025-11-02,secured-finance,usdfc-collateral-tvl-floor,usdfc_tvl_usd,603846.0,>=,100000,pass,backfill:api.llama.fi,daily protocol TVL history
2025-11-03,secured-finance,usdfc-collateral-tvl-floor,usdfc_tvl_usd,596555.0,>=,100000,pass,backfill:api.llama.fi,daily protocol TVL history
2025-11-04,secured-finance,usdfc-collateral-tvl-floor,usdfc_tvl_usd,506902.0,>=,100000,pass,backfill:api.llama.fi,daily protocol TVL history
2025-11-05,secured-finance,usdfc-collateral-tvl-floor,usdfc_tvl_usd,389179.0,>=,100000,pass,backfill:api.llama.fi,daily protocol TVL history
2025-11-06,secured-finance,usdfc-collateral-tvl-floor,usdfc_tvl_usd,461331.0,>=,100000,pass,backfill:api.llama.fi,daily protocol TVL history
2025-11-07,secured-finance,usdfc-collateral-tvl-floor,usdfc_tvl_usd,639595.0,>=,100000,pass,backfill:api.llama.fi,daily protocol TVL history
2025-11-08,secured-finance,usdfc-collateral-tvl-floor,usdfc_tvl_usd,1099407.0,>=,100000,pass,backfill:api.llama.fi,daily protocol TVL history
2025-11-09,secured-finance,usdfc-collateral-tvl-floor,usdfc_tvl_usd,1032901.0,>=,100000,pass,backfill:api.llama.fi,daily protocol TVL history
2025-11-10,secured-finance,usdfc-collateral-tvl-floor,usdfc_tvl_usd,942240.0,>=,100000,pass,backfill:api.llama.fi,daily protocol TVL history
2025-11-11,secured-finance,usdfc-collateral-tvl-floor,usdfc_tvl_usd,903715.0,>=,100000,pass,backfill:api.llama.fi,daily protocol TVL history
2025-11-12,secured-finance,usdfc-collateral-tvl-floor,usdfc_tvl_usd,796867.0,>=,100000,pass,backfill:api.llama.fi,daily protocol TVL history
2025-11-13,secured-finance,usdfc-collateral-tvl-floor,usdfc_tvl_usd,770112.0,>=,100000,pass,backfill:api.llama.fi,daily protocol TVL history
2025-11-14,secured-finance,usdfc-collateral-tvl-floor,usdfc_tvl_usd,743398.0,>=,100000,pass,backfill:api.llama.fi,daily protocol TVL history
2025-11-15,secured-finance,usdfc-collateral-tvl-floor,usdfc_tvl_usd,721001.0,>=,100000,pass,backfill:api.llama.fi,daily protocol TVL history
2025-11-16,secured-finance,usdfc-collateral-tvl-floor,usdfc_tvl_usd,734101.0,>=,100000,pass,backfill:api.llama.fi,daily protocol TVL history
2025-11-17,secured-finance,usdfc-collateral-tvl-floor,usdfc_tvl_usd,695061.0,>=,100000,pass,backfill:api.llama.fi,daily protocol TVL history
2025-11-18,secured-finance,usdfc-collateral-tvl-floor,usdfc_tvl_usd,722843.0,>=,100000,pass,backfill:api.llama.fi,daily protocol TVL history
2025-11-19,secured-finance,usdfc-collateral-tvl-floor,usdfc_tvl_usd,695167.0,>=,100000,pass,backfill:api.llama.fi,daily protocol TVL history
2025-11-20,secured-finance,usdfc-collateral-tvl-floor,usdfc_tvl_usd,644776.0,>=,100000,pass,backfill:api.llama.fi,daily protocol TVL history
2025-11-21,secured-finance,usdfc-collateral-tvl-floor,usdfc_tvl_usd,630561.0,>=,100000,pass,backfill:api.llama.fi,daily protocol TVL history
2025-11-22,secured-finance,usdfc-collateral-tvl-floor,usdfc_tvl_usd,555492.0,>=,100000,pass,backfill:api.llama.fi,daily protocol TVL history
2025-11-23,secured-finance,usdfc-collateral-tvl-floor,usdfc_tvl_usd,531595.0,>=,100000,pass,backfill:api.llama.fi,daily protocol TVL history
2025-11-24,secured-finance,usdfc-collateral-tvl-floor,usdfc_tvl_usd,530230.0,>=,100000,pass,backfill:api.llama.fi,daily protocol TVL history
2025-11-25,secured-finance,usdfc-collateral-tvl-floor,usdfc_tvl_usd,537365.0,>=,100000,pass,backfill:api.llama.fi,daily protocol TVL history
2025-11-26,secured-finance,usdfc-collateral-tvl-floor,usdfc_tvl_usd,536331.0,>=,100000,pass,backfill:api.llama.fi,daily protocol TVL history
2025-11-27,secured-finance,usdfc-collateral-tvl-floor,usdfc_tvl_usd,535707.0,>=,100000,pass,backfill:api.llama.fi,daily protocol TVL history
2025-11-28,secured-finance,usdfc-collateral-tvl-floor,usdfc_tvl_usd,520387.0,>=,100000,pass,backfill:api.llama.fi,daily protocol TVL history
2025-11-29,secured-finance,usdfc-collateral-tvl-floor,usdfc_tvl_usd,518849.0,>=,100000,pass,backfill:api.llama.fi,daily protocol TVL history
2025-11-30,secured-finance,usdfc-collateral-tvl-floor,usdfc_tvl_usd,510022.0,>=,100000,pass,backfill:api.llama.fi,daily protocol TVL history
2025-12-01,secured-finance,usdfc-collateral-tvl-floor,usdfc_tvl_usd,471575.0,>=,100000,pass,backfill:api.llama.fi,daily protocol TVL history
2025-12-02,secured-finance,usdfc-collateral-tvl-floor,usdfc_tvl_usd,459123.0,>=,100000,pass,backfill:api.llama.fi,daily protocol TVL history
2025-12-03,secured-finance,usdfc-collateral-tvl-floor,usdfc_tvl_usd,466973.0,>=,100000,pass,backfill:api.llama.fi,daily protocol TVL history
2025-12-04,secured-finance,usdfc-collateral-tvl-floor,usdfc_tvl_usd,485064.0,>=,100000,pass,backfill:api.llama.fi,daily protocol TVL history
2025-12-05,secured-finance,usdfc-collateral-tvl-floor,usdfc_tvl_usd,469635.0,>=,100000,pass,backfill:api.llama.fi,daily protocol TVL history
2025-12-06,secured-finance,usdfc-collateral-tvl-floor,usdfc_tvl_usd,444501.0,>=,100000,pass,backfill:api.llama.fi,daily protocol TVL history
2025-12-07,secured-finance,usdfc-collateral-tvl-floor,usdfc_tvl_usd,449932.0,>=,100000,pass,backfill:api.llama.fi,daily protocol TVL history
2025-12-08,secured-finance,usdfc-collateral-tvl-floor,usdfc_tvl_usd,430073.0,>=,100000,pass,backfill:api.llama.fi,daily protocol TVL history
2025-12-09,secured-finance,usdfc-collateral-tvl-floor,usdfc_tvl_usd,445958.0,>=,100000,pass,backfill:api.llama.fi,daily protocol TVL history
2025-12-10,secured-finance,usdfc-collateral-tvl-floor,usdfc_tvl_usd,490464.0,>=,100000,pass,backfill:api.llama.fi,daily protocol TVL history
2025-12-11,secured-finance,usdfc-collateral-tvl-floor,usdfc_tvl_usd,460322.0,>=,100000,pass,backfill:api.llama.fi,daily protocol TVL history
2025-12-12,secured-finance,usdfc-collateral-tvl-floor,usdfc_tvl_usd,428538.0,>=,100000,pass,backfill:api.llama.fi,daily protocol TVL history
2025-12-13,secured-finance,usdfc-collateral-tvl-floor,usdfc_tvl_usd,413166.0,>=,100000,pass,backfill:api.llama.fi,daily protocol TVL history
2025-12-14,secured-finance,usdfc-collateral-tvl-floor,usdfc_tvl_usd,414586.0,>=,100000,pass,backfill:api.llama.fi,daily protocol TVL history
2025-12-15,secured-finance,usdfc-collateral-tvl-floor,usdfc_tvl_usd,404986.0,>=,100000,pass,backfill:api.llama.fi,daily protocol TVL history
2025-12-16,secured-finance,usdfc-collateral-tvl-floor,usdfc_tvl_usd,376698.0,>=,100000,pass,backfill:api.llama.fi,daily protocol TVL history
2025-12-17,secured-finance,usdfc-collateral-tvl-floor,usdfc_tvl_usd,390131.0,>=,100000,pass,backfill:api.llama.fi,daily protocol TVL history
2025-12-18,secured-finance,usdfc-collateral-tvl-floor,usdfc_tvl_usd,364829.0,>=,100000,pass,backfill:api.llama.fi,daily protocol TVL history
2025-12-19,secured-finance,usdfc-collateral-tvl-floor,usdfc_tvl_usd,348368.0,>=,100000,pass,backfill:api.llama.fi,daily protocol TVL history
2025-12-20,secured-finance,usdfc-collateral-tvl-floor,usdfc_tvl_usd,422344.0,>=,100000,pass,backfill:api.llama.fi,daily protocol TVL history
2025-12-21,secured-finance,usdfc-collateral-tvl-floor,usdfc_tvl_usd,440747.0,>=,100000,pass,backfill:api.llama.fi,daily protocol TVL history
2025-12-22,secured-finance,usdfc-collateral-tvl-floor,usdfc_tvl_usd,418174.0,>=,100000,pass,backfill:api.llama.fi,daily protocol TVL history
2025-12-23,secured-finance,usdfc-collateral-tvl-floor,usdfc_tvl_usd,422782.0,>=,100000,pass,backfill:api.llama.fi,daily protocol TVL history
2025-12-24,secured-finance,usdfc-collateral-tvl-floor,usdfc_tvl_usd,423939.0,>=,100000,pass,backfill:api.llama.fi,daily protocol TVL history
2025-12-25,secured-finance,usdfc-collateral-tvl-floor,usdfc_tvl_usd,411623.0,>=,100000,pass,backfill:api.llama.fi,daily protocol TVL history
2025-12-26,secured-finance,usdfc-collateral-tvl-floor,usdfc_tvl_usd,392904.0,>=,100000,pass,backfill:api.llama.fi,daily protocol TVL history
2025-12-27,secured-finance,usdfc-collateral-tvl-floor,usdfc_tvl_usd,397896.0,>=,100000,pass,backfill:api.llama.fi,daily protocol TVL history
2025-12-28,secured-finance,usdfc-collateral-tvl-floor,usdfc_tvl_usd,417788.0,>=,100000,pass,backfill:api.llama.fi,daily protocol TVL history
2025-12-29,secured-finance,usdfc-collateral-tvl-floor,usdfc_tvl_usd,424117.0,>=,100000,pass,backfill:api.llama.fi,daily protocol TVL history
2025-12-30,secured-finance,usdfc-collateral-tvl-floor,usdfc_tvl_usd,413850.0,>=,100000,pass,backfill:api.llama.fi,daily protocol TVL history
2025-12-31,secured-finance,usdfc-collateral-tvl-floor,usdfc_tvl_usd,415891.0,>=,100000,pass,backfill:api.llama.fi,daily protocol TVL history
2026-01-01,secured-finance,usdfc-collateral-tvl-floor,usdfc_tvl_usd,409672.0,>=,100000,pass,backfill:api.llama.fi,daily protocol TVL history
2026-01-02,secured-finance,usdfc-collateral-tvl-floor,usdfc_tvl_usd,466435.0,>=,100000,pass,backfill:api.llama.fi,daily protocol TVL history
2026-01-03,secured-finance,usdfc-collateral-tvl-floor,usdfc_tvl_usd,476553.0,>=,100000,pass,backfill:api.llama.fi,daily protocol TVL history
2026-01-04,secured-finance,usdfc-collateral-tvl-floor,usdfc_tvl_usd,466236.0,>=,100000,pass,backfill:api.llama.fi,daily protocol TVL history
2026-01-05,secured-finance,usdfc-collateral-tvl-floor,usdfc_tvl_usd,465760.0,>=,100000,pass,backfill:api.llama.fi,daily protocol TVL history
2026-01-06,secured-finance,usdfc-collateral-tvl-floor,usdfc_tvl_usd,487495.0,>=,100000,pass,backfill:api.llama.fi,daily protocol TVL history
2026-01-07,secured-finance,usdfc-collateral-tvl-floor,usdfc_tvl_usd,497198.0,>=,100000,pass,backfill:api.llama.fi,daily protocol TVL history
2026-01-08,secured-finance,usdfc-collateral-tvl-floor,usdfc_tvl_usd,471209.0,>=,100000,pass,backfill:api.llama.fi,daily protocol TVL history
2026-01-09,secured-finance,usdfc-collateral-tvl-floor,usdfc_tvl_usd,464718.0,>=,100000,pass,backfill:api.llama.fi,daily protocol TVL history
2026-01-10,secured-finance,usdfc-collateral-tvl-floor,usdfc_tvl_usd,460172.0,>=,100000,pass,backfill:api.llama.fi,daily protocol TVL history
2026-01-11,secured-finance,usdfc-collateral-tvl-floor,usdfc_tvl_usd,458808.0,>=,100000,pass,backfill:api.llama.fi,daily protocol TVL history
2026-01-12,secured-finance,usdfc-collateral-tvl-floor,usdfc_tvl_usd,450708.0,>=,100000,pass,backfill:api.llama.fi,daily protocol TVL history
2026-01-13,secured-finance,usdfc-collateral-tvl-floor,usdfc_tvl_usd,452713.0,>=,100000,pass,backfill:api.llama.fi,daily protocol TVL history
2026-01-14,secured-finance,usdfc-collateral-tvl-floor,usdfc_tvl_usd,488000.0,>=,100000,pass,backfill:api.llama.fi,daily protocol TVL history
2026-01-15,secured-finance,usdfc-collateral-tvl-floor,usdfc_tvl_usd,494144.0,>=,100000,pass,backfill:api.llama.fi,daily protocol TVL history
2026-01-16,secured-finance,usdfc-collateral-tvl-floor,usdfc_tvl_usd,466208.0,>=,100000,pass,backfill:api.llama.fi,daily protocol TVL history
2026-01-17,secured-finance,usdfc-collateral-tvl-floor,usdfc_tvl_usd,468783.0,>=,100000,pass,backfill:api.llama.fi,daily protocol TVL history
2026-01-18,secured-finance,usdfc-collateral-tvl-floor,usdfc_tvl_usd,483657.0,>=,100000,pass,backfill:api.llama.fi,daily protocol TVL history
2026-01-19,secured-finance,usdfc-collateral-tvl-floor,usdfc_tvl_usd,416124.0,>=,100000,pass,backfill:api.llama.fi,daily protocol TVL history
2026-01-20,secured-finance,usdfc-collateral-tvl-floor,usdfc_tvl_usd,424497.0,>=,100000,pass,backfill:api.llama.fi,daily protocol TVL history
2026-01-21,secured-finance,usdfc-collateral-tvl-floor,usdfc_tvl_usd,402747.0,>=,100000,pass,backfill:api.llama.fi,daily protocol TVL history
2026-01-22,secured-finance,usdfc-collateral-tvl-floor,usdfc_tvl_usd,410279.0,>=,100000,pass,backfill:api.llama.fi,daily protocol TVL history
2026-01-23,secured-finance,usdfc-collateral-tvl-floor,usdfc_tvl_usd,400309.0,>=,100000,pass,backfill:api.llama.fi,daily protocol TVL history
2026-01-24,secured-finance,usdfc-collateral-tvl-floor,usdfc_tvl_usd,397361.0,>=,100000,pass,backfill:api.llama.fi,daily protocol TVL history
2026-01-25,secured-finance,usdfc-collateral-tvl-floor,usdfc_tvl_usd,398724.0,>=,100000,pass,backfill:api.llama.fi,daily protocol TVL history
2026-01-26,secured-finance,usdfc-collateral-tvl-floor,usdfc_tvl_usd,372838.0,>=,100000,pass,backfill:api.llama.fi,daily protocol TVL history
2026-01-27,secured-finance,usdfc-collateral-tvl-floor,usdfc_tvl_usd,381015.0,>=,100000,pass,backfill:api.llama.fi,daily protocol TVL history
2026-01-28,secured-finance,usdfc-collateral-tvl-floor,usdfc_tvl_usd,379603.0,>=,100000,pass,backfill:api.llama.fi,daily protocol TVL history
2026-01-29,secured-finance,usdfc-collateral-tvl-floor,usdfc_tvl_usd,382908.0,>=,100000,pass,backfill:api.llama.fi,daily protocol TVL history
2026-01-30,secured-finance,usdfc-collateral-tvl-floor,usdfc_tvl_usd,352737.0,>=,100000,pass,backfill:api.llama.fi,daily protocol TVL history
2026-01-31,secured-finance,usdfc-collateral-tvl-floor,usdfc_tvl_usd,344375.0,>=,100000,pass,backfill:api.llama.fi,daily protocol TVL history
2026-02-01,secured-finance,usdfc-collateral-tvl-floor,usdfc_tvl_usd,305198.0,>=,100000,pass,backfill:api.llama.fi,daily protocol TVL history
2026-02-02,secured-finance,usdfc-collateral-tvl-floor,usdfc_tvl_usd,296804.0,>=,100000,pass,backfill:api.llama.fi,daily protocol TVL history
2026-02-03,secured-finance,usdfc-collateral-tvl-floor,usdfc_tvl_usd,306560.0,>=,100000,pass,backfill:api.llama.fi,daily protocol TVL history
2026-02-04,secured-finance,usdfc-collateral-tvl-floor,usdfc_tvl_usd,297591.0,>=,100000,pass,backfill:api.llama.fi,daily protocol TVL history
2026-02-05,secured-finance,usdfc-collateral-tvl-floor,usdfc_tvl_usd,291343.0,>=,100000,pass,backfill:api.llama.fi,daily protocol TVL history
2026-02-06,secured-finance,usdfc-collateral-tvl-floor,usdfc_tvl_usd,243443.0,>=,100000,pass,backfill:api.llama.fi,daily protocol TVL history
2026-02-07,secured-finance,usdfc-collateral-tvl-floor,usdfc_tvl_usd,277773.0,>=,100000,pass,backfill:api.llama.fi,daily protocol TVL history
2026-02-08,secured-finance,usdfc-collateral-tvl-floor,usdfc_tvl_usd,279499.0,>=,100000,pass,backfill:api.llama.fi,daily protocol TVL history
2026-02-09,secured-finance,usdfc-collateral-tvl-floor,usdfc_tvl_usd,265761.0,>=,100000,pass,backfill:api.llama.fi,daily protocol TVL history
2026-02-10,secured-finance,usdfc-collateral-tvl-floor,usdfc_tvl_usd,265386.0,>=,100000,pass,backfill:api.llama.fi,daily protocol TVL history
2026-02-11,secured-finance,usdfc-collateral-tvl-floor,usdfc_tvl_usd,253611.0,>=,100000,pass,backfill:api.llama.fi,daily protocol TVL history
2026-02-12,secured-finance,usdfc-collateral-tvl-floor,usdfc_tvl_usd,247934.0,>=,100000,pass,backfill:api.llama.fi,daily protocol TVL history
2026-02-13,secured-finance,usdfc-collateral-tvl-floor,usdfc_tvl_usd,252875.0,>=,100000,pass,backfill:api.llama.fi,daily protocol TVL history
2026-02-14,secured-finance,usdfc-collateral-tvl-floor,usdfc_tvl_usd,264604.0,>=,100000,pass,backfill:api.llama.fi,daily protocol TVL history
2026-02-15,secured-finance,usdfc-collateral-tvl-floor,usdfc_tvl_usd,338561.0,>=,100000,pass,backfill:api.llama.fi,daily protocol TVL history
2026-02-16,secured-finance,usdfc-collateral-tvl-floor,usdfc_tvl_usd,322172.0,>=,100000,pass,backfill:api.llama.fi,daily protocol TVL history
2026-02-17,secured-finance,usdfc-collateral-tvl-floor,usdfc_tvl_usd,322696.0,>=,100000,pass,backfill:api.llama.fi,daily protocol TVL history
2026-02-18,secured-finance,usdfc-collateral-tvl-floor,usdfc_tvl_usd,313217.0,>=,100000,pass,backfill:api.llama.fi,daily protocol TVL history
2026-02-19,secured-finance,usdfc-collateral-tvl-floor,usdfc_tvl_usd,297848.0,>=,100000,pass,backfill:api.llama.fi,daily protocol TVL history
2026-02-20,secured-finance,usdfc-collateral-tvl-floor,usdfc_tvl_usd,293595.0,>=,100000,pass,backfill:api.llama.fi,daily protocol TVL history
2026-02-21,secured-finance,usdfc-collateral-tvl-floor,usdfc_tvl_usd,300727.0,>=,100000,pass,backfill:api.llama.fi,daily protocol TVL history
2026-02-22,secured-finance,usdfc-collateral-tvl-floor,usdfc_tvl_usd,302481.0,>=,100000,pass,backfill:api.llama.fi,daily protocol TVL history
2026-02-23,secured-finance,usdfc-collateral-tvl-floor,usdfc_tvl_usd,292460.0,>=,100000,pass,backfill:api.llama.fi,daily protocol TVL history
2026-02-24,secured-finance,usdfc-collateral-tvl-floor,usdfc_tvl_usd,276271.0,>=,100000,pass,backfill:api.llama.fi,daily protocol TVL history
2026-02-25,secured-finance,usdfc-collateral-tvl-floor,usdfc_tvl_usd,272405.0,>=,100000,pass,backfill:api.llama.fi,daily protocol TVL history
2026-02-26,secured-finance,usdfc-collateral-tvl-floor,usdfc_tvl_usd,323110.0,>=,100000,pass,backfill:api.llama.fi,daily protocol TVL history
2026-02-27,secured-finance,usdfc-collateral-tvl-floor,usdfc_tvl_usd,312170.0,>=,100000,pass,backfill:api.llama.fi,daily protocol TVL history
2026-02-28,secured-finance,usdfc-collateral-tvl-floor,usdfc_tvl_usd,302346.0,>=,100000,pass,backfill:api.llama.fi,daily protocol TVL history
2026-03-01,secured-finance,usdfc-collateral-tvl-floor,usdfc_tvl_usd,304000.0,>=,100000,pass,backfill:api.llama.fi,daily protocol TVL history
2026-03-02,secured-finance,usdfc-collateral-tvl-floor,usdfc_tvl_usd,294090.0,>=,100000,pass,backfill:api.llama.fi,daily protocol TVL history
2026-03-03,secured-finance,usdfc-collateral-tvl-floor,usdfc_tvl_usd,300646.0,>=,100000,pass,backfill:api.llama.fi,daily protocol TVL history
2026-03-04,secured-finance,usdfc-collateral-tvl-floor,usdfc_tvl_usd,304863.0,>=,100000,pass,backfill:api.llama.fi,daily protocol TVL history
2026-03-05,secured-finance,usdfc-collateral-tvl-floor,usdfc_tvl_usd,409765.0,>=,100000,pass,backfill:api.llama.fi,daily protocol TVL history
2026-03-06,secured-finance,usdfc-collateral-tvl-floor,usdfc_tvl_usd,405266.0,>=,100000,pass,backfill:api.llama.fi,daily protocol TVL history
2026-03-07,secured-finance,usdfc-collateral-tvl-floor,usdfc_tvl_usd,391638.0,>=,100000,pass,backfill:api.llama.fi,daily protocol TVL history
2026-03-08,secured-finance,usdfc-collateral-tvl-floor,usdfc_tvl_usd,378946.0,>=,100000,pass,backfill:api.llama.fi,daily protocol TVL history
2026-03-09,secured-finance,usdfc-collateral-tvl-floor,usdfc_tvl_usd,376121.0,>=,100000,pass,backfill:api.llama.fi,daily protocol TVL history
2026-03-10,secured-finance,usdfc-collateral-tvl-floor,usdfc_tvl_usd,374454.0,>=,100000,pass,backfill:api.llama.fi,daily protocol TVL history
2026-03-11,secured-finance,usdfc-collateral-tvl-floor,usdfc_tvl_usd,333980.0,>=,100000,pass,backfill:api.llama.fi,daily protocol TVL history
2026-03-12,secured-finance,usdfc-collateral-tvl-floor,usdfc_tvl_usd,360652.0,>=,100000,pass,backfill:api.llama.fi,daily protocol TVL history
2026-03-13,secured-finance,usdfc-collateral-tvl-floor,usdfc_tvl_usd,404530.0,>=,100000,pass,backfill:api.llama.fi,daily protocol TVL history
2026-03-14,secured-finance,usdfc-collateral-tvl-floor,usdfc_tvl_usd,398387.0,>=,100000,pass,backfill:api.llama.fi,daily protocol TVL history
2026-03-15,secured-finance,usdfc-collateral-tvl-floor,usdfc_tvl_usd,400169.0,>=,100000,pass,backfill:api.llama.fi,daily protocol TVL history
2026-03-16,secured-finance,usdfc-collateral-tvl-floor,usdfc_tvl_usd,407197.0,>=,100000,pass,backfill:api.llama.fi,daily protocol TVL history
2026-03-17,secured-finance,usdfc-collateral-tvl-floor,usdfc_tvl_usd,446968.0,>=,100000,pass,backfill:api.llama.fi,daily protocol TVL history
2026-03-18,secured-finance,usdfc-collateral-tvl-floor,usdfc_tvl_usd,436371.0,>=,100000,pass,backfill:api.llama.fi,daily protocol TVL history
2026-03-19,secured-finance,usdfc-collateral-tvl-floor,usdfc_tvl_usd,411237.0,>=,100000,pass,backfill:api.llama.fi,daily protocol TVL history
2026-03-20,secured-finance,usdfc-collateral-tvl-floor,usdfc_tvl_usd,392546.0,>=,100000,pass,backfill:api.llama.fi,daily protocol TVL history
2026-03-21,secured-finance,usdfc-collateral-tvl-floor,usdfc_tvl_usd,396616.0,>=,100000,pass,backfill:api.llama.fi,daily protocol TVL history
2026-03-22,secured-finance,usdfc-collateral-tvl-floor,usdfc_tvl_usd,385779.0,>=,100000,pass,backfill:api.llama.fi,daily protocol TVL history
2026-03-23,secured-finance,usdfc-collateral-tvl-floor,usdfc_tvl_usd,365687.0,>=,100000,pass,backfill:api.llama.fi,daily protocol TVL history
2026-03-24,secured-finance,usdfc-collateral-tvl-floor,usdfc_tvl_usd,396034.0,>=,100000,pass,backfill:api.llama.fi,daily protocol TVL history
2026-03-25,secured-finance,usdfc-collateral-tvl-floor,usdfc_tvl_usd,396276.0,>=,100000,pass,backfill:api.llama.fi,daily protocol TVL history
2026-03-26,secured-finance,usdfc-collateral-tvl-floor,usdfc_tvl_usd,398281.0,>=,100000,pass,backfill:api.llama.fi,daily protocol TVL history
2026-03-27,secured-finance,usdfc-collateral-tvl-floor,usdfc_tvl_usd,370635.0,>=,100000,pass,backfill:api.llama.fi,daily protocol TVL history
2026-03-28,secured-finance,usdfc-collateral-tvl-floor,usdfc_tvl_usd,355463.0,>=,100000,pass,backfill:api.llama.fi,daily protocol TVL history
2026-03-29,secured-finance,usdfc-collateral-tvl-floor,usdfc_tvl_usd,333817.0,>=,100000,pass,backfill:api.llama.fi,daily protocol TVL history
2026-03-30,secured-finance,usdfc-collateral-tvl-floor,usdfc_tvl_usd,336996.0,>=,100000,pass,backfill:api.llama.fi,daily protocol TVL history
2026-03-31,secured-finance,usdfc-collateral-tvl-floor,usdfc_tvl_usd,337494.0,>=,100000,pass,backfill:api.llama.fi,daily protocol TVL history
2026-04-01,secured-finance,usdfc-collateral-tvl-floor,usdfc_tvl_usd,342427.0,>=,100000,pass,backfill:api.llama.fi,daily protocol TVL history
2026-04-02,secured-finance,usdfc-collateral-tvl-floor,usdfc_tvl_usd,344928.0,>=,100000,pass,backfill:api.llama.fi,daily protocol TVL history
2026-04-03,secured-finance,usdfc-collateral-tvl-floor,usdfc_tvl_usd,335934.0,>=,100000,pass,backfill:api.llama.fi,daily protocol TVL history
2026-04-04,secured-finance,usdfc-collateral-tvl-floor,usdfc_tvl_usd,342670.0,>=,100000,pass,backfill:api.llama.fi,daily protocol TVL history
2026-04-05,secured-finance,usdfc-collateral-tvl-floor,usdfc_tvl_usd,343883.0,>=,100000,pass,backfill:api.llama.fi,daily protocol TVL history
2026-04-06,secured-finance,usdfc-collateral-tvl-floor,usdfc_tvl_usd,346480.0,>=,100000,pass,backfill:api.llama.fi,daily protocol TVL history
2026-04-07,secured-finance,usdfc-collateral-tvl-floor,usdfc_tvl_usd,337248.0,>=,100000,pass,backfill:api.llama.fi,daily protocol TVL history
2026-04-08,secured-finance,usdfc-collateral-tvl-floor,usdfc_tvl_usd,360679.0,>=,100000,pass,backfill:api.llama.fi,daily protocol TVL history
2026-04-09,secured-finance,usdfc-collateral-tvl-floor,usdfc_tvl_usd,341322.0,>=,100000,pass,backfill:api.llama.fi,daily protocol TVL history
2026-04-10,secured-finance,usdfc-collateral-tvl-floor,usdfc_tvl_usd,348952.0,>=,100000,pass,backfill:api.llama.fi,daily protocol TVL history
2026-04-11,secured-finance,usdfc-collateral-tvl-floor,usdfc_tvl_usd,353196.0,>=,100000,pass,backfill:api.llama.fi,daily protocol TVL history
2026-04-12,secured-finance,usdfc-collateral-tvl-floor,usdfc_tvl_usd,346443.0,>=,100000,pass,backfill:api.llama.fi,daily protocol TVL history
2026-04-13,secured-finance,usdfc-collateral-tvl-floor,usdfc_tvl_usd,333055.0,>=,100000,pass,backfill:api.llama.fi,daily protocol TVL history
2026-04-14,secured-finance,usdfc-collateral-tvl-floor,usdfc_tvl_usd,352060.0,>=,100000,pass,backfill:api.llama.fi,daily protocol TVL history
2026-04-15,secured-finance,usdfc-collateral-tvl-floor,usdfc_tvl_usd,342019.0,>=,100000,pass,backfill:api.llama.fi,daily protocol TVL history
2026-04-16,secured-finance,usdfc-collateral-tvl-floor,usdfc_tvl_usd,353057.0,>=,100000,pass,backfill:api.llama.fi,daily protocol TVL history
2026-04-17,secured-finance,usdfc-collateral-tvl-floor,usdfc_tvl_usd,383714.0,>=,100000,pass,backfill:api.llama.fi,daily protocol TVL history
2026-04-18,secured-finance,usdfc-collateral-tvl-floor,usdfc_tvl_usd,412603.0,>=,100000,pass,backfill:api.llama.fi,daily protocol TVL history
2026-04-19,secured-finance,usdfc-collateral-tvl-floor,usdfc_tvl_usd,394054.0,>=,100000,pass,backfill:api.llama.fi,daily protocol TVL history
2026-04-20,secured-finance,usdfc-collateral-tvl-floor,usdfc_tvl_usd,375416.0,>=,100000,pass,backfill:api.llama.fi,daily protocol TVL history
2026-04-21,secured-finance,usdfc-collateral-tvl-floor,usdfc_tvl_usd,382610.0,>=,100000,pass,backfill:api.llama.fi,daily protocol TVL history
2026-04-22,secured-finance,usdfc-collateral-tvl-floor,usdfc_tvl_usd,384691.0,>=,100000,pass,backfill:api.llama.fi,daily protocol TVL history
2026-04-23,secured-finance,usdfc-collateral-tvl-floor,usdfc_tvl_usd,384772.0,>=,100000,pass,backfill:api.llama.fi,daily protocol TVL history
2026-04-24,secured-finance,usdfc-collateral-tvl-floor,usdfc_tvl_usd,386594.0,>=,100000,pass,backfill:api.llama.fi,daily protocol TVL history
2026-04-25,secured-finance,usdfc-collateral-tvl-floor,usdfc_tvl_usd,389774.0,>=,100000,pass,backfill:api.llama.fi,daily protocol TVL history
2026-04-26,secured-finance,usdfc-collateral-tvl-floor,usdfc_tvl_usd,386336.0,>=,100000,pass,backfill:api.llama.fi,daily protocol TVL history
2026-04-27,secured-finance,usdfc-collateral-tvl-floor,usdfc_tvl_usd,391154.0,>=,100000,pass,backfill:api.llama.fi,daily protocol TVL history
2026-04-28,secured-finance,usdfc-collateral-tvl-floor,usdfc_tvl_usd,380852.0,>=,100000,pass,backfill:api.llama.fi,daily protocol TVL history
2026-04-29,secured-finance,usdfc-collateral-tvl-floor,usdfc_tvl_usd,380834.0,>=,100000,pass,backfill:api.llama.fi,daily protocol TVL history
2026-04-30,secured-finance,usdfc-collateral-tvl-floor,usdfc_tvl_usd,378527.0,>=,100000,pass,backfill:api.llama.fi,daily protocol TVL history
2026-05-01,secured-finance,usdfc-collateral-tvl-floor,usdfc_tvl_usd,378068.0,>=,100000,pass,backfill:api.llama.fi,daily protocol TVL history
2026-05-02,secured-finance,usdfc-collateral-tvl-floor,usdfc_tvl_usd,377538.0,>=,100000,pass,backfill:api.llama.fi,daily protocol TVL history
2026-05-03,secured-finance,usdfc-collateral-tvl-floor,usdfc_tvl_usd,380569.0,>=,100000,pass,backfill:api.llama.fi,daily protocol TVL history
2026-05-04,secured-finance,usdfc-collateral-tvl-floor,usdfc_tvl_usd,378612.0,>=,100000,pass,backfill:api.llama.fi,daily protocol TVL history
2026-05-05,secured-finance,usdfc-collateral-tvl-floor,usdfc_tvl_usd,383458.0,>=,100000,pass,backfill:api.llama.fi,daily protocol TVL history
2026-05-06,secured-finance,usdfc-collateral-tvl-floor,usdfc_tvl_usd,400396.0,>=,100000,pass,backfill:api.llama.fi,daily protocol TVL history
2026-05-07,secured-finance,usdfc-collateral-tvl-floor,usdfc_tvl_usd,461790.0,>=,100000,pass,backfill:api.llama.fi,daily protocol TVL history
2026-05-08,secured-finance,usdfc-collateral-tvl-floor,usdfc_tvl_usd,453544.0,>=,100000,pass,backfill:api.llama.fi,daily protocol TVL history
2026-05-09,secured-finance,usdfc-collateral-tvl-floor,usdfc_tvl_usd,548711.0,>=,100000,pass,backfill:api.llama.fi,daily protocol TVL history
2026-05-10,secured-finance,usdfc-collateral-tvl-floor,usdfc_tvl_usd,544619.0,>=,100000,pass,backfill:api.llama.fi,daily protocol TVL history
2026-05-11,secured-finance,usdfc-collateral-tvl-floor,usdfc_tvl_usd,523316.0,>=,100000,pass,backfill:api.llama.fi,daily protocol TVL history
2026-05-12,secured-finance,usdfc-collateral-tvl-floor,usdfc_tvl_usd,514919.0,>=,100000,pass,backfill:api.llama.fi,daily protocol TVL history
2026-05-13,secured-finance,usdfc-collateral-tvl-floor,usdfc_tvl_usd,495954.0,>=,100000,pass,backfill:api.llama.fi,daily protocol TVL history
2026-05-14,secured-finance,usdfc-collateral-tvl-floor,usdfc_tvl_usd,471390.0,>=,100000,pass,backfill:api.llama.fi,daily protocol TVL history
2026-05-15,secured-finance,usdfc-collateral-tvl-floor,usdfc_tvl_usd,473503.0,>=,100000,pass,backfill:api.llama.fi,daily protocol TVL history
2026-05-16,secured-finance,usdfc-collateral-tvl-floor,usdfc_tvl_usd,448493.0,>=,100000,pass,backfill:api.llama.fi,daily protocol TVL history
2026-05-17,secured-finance,usdfc-collateral-tvl-floor,usdfc_tvl_usd,419425.0,>=,100000,pass,backfill:api.llama.fi,daily protocol TVL history
2026-05-18,secured-finance,usdfc-collateral-tvl-floor,usdfc_tvl_usd,399369.0,>=,100000,pass,backfill:api.llama.fi,daily protocol TVL history
2026-05-19,secured-finance,usdfc-collateral-tvl-floor,usdfc_tvl_usd,406182.0,>=,100000,pass,backfill:api.llama.fi,daily protocol TVL history
2026-05-20,secured-finance,usdfc-collateral-tvl-floor,usdfc_tvl_usd,394277.0,>=,100000,pass,backfill:api.llama.fi,daily protocol TVL history
2026-05-21,secured-finance,usdfc-collateral-tvl-floor,usdfc_tvl_usd,405830.0,>=,100000,pass,backfill:api.llama.fi,daily protocol TVL history
2026-05-22,secured-finance,usdfc-collateral-tvl-floor,usdfc_tvl_usd,417163.0,>=,100000,pass,backfill:api.llama.fi,daily protocol TVL history
2026-05-23,secured-finance,usdfc-collateral-tvl-floor,usdfc_tvl_usd,397069.0,>=,100000,pass,backfill:api.llama.fi,daily protocol TVL history
2026-05-24,secured-finance,usdfc-collateral-tvl-floor,usdfc_tvl_usd,403965.0,>=,100000,pass,backfill:api.llama.fi,daily protocol TVL history
2026-05-25,secured-finance,usdfc-collateral-tvl-floor,usdfc_tvl_usd,396049.0,>=,100000,pass,backfill:api.llama.fi,daily protocol TVL history
2026-05-26,secured-finance,usdfc-collateral-tvl-floor,usdfc_tvl_usd,404925.0,>=,100000,pass,backfill:api.llama.fi,daily protocol TVL history
2026-05-27,secured-finance,usdfc-collateral-tvl-floor,usdfc_tvl_usd,418045.0,>=,100000,pass,backfill:api.llama.fi,daily protocol TVL history
2026-05-28,secured-finance,usdfc-collateral-tvl-floor,usdfc_tvl_usd,428449.0,>=,100000,pass,backfill:api.llama.fi,daily protocol TVL history
2026-05-29,secured-finance,usdfc-collateral-tvl-floor,usdfc_tvl_usd,420693.0,>=,100000,pass,backfill:api.llama.fi,daily protocol TVL history
2026-05-30,secured-finance,usdfc-collateral-tvl-floor,usdfc_tvl_usd,409747.0,>=,100000,pass,backfill:api.llama.fi,daily protocol TVL history
2026-05-31,secured-finance,usdfc-collateral-tvl-floor,usdfc_tvl_usd,415773.0,>=,100000,pass,backfill:api.llama.fi,daily protocol TVL history
2026-06-01,secured-finance,usdfc-collateral-tvl-floor,usdfc_tvl_usd,400217.0,>=,100000,pass,backfill:api.llama.fi,daily protocol TVL history
2026-06-02,secured-finance,usdfc-collateral-tvl-floor,usdfc_tvl_usd,406135.0,>=,100000,pass,backfill:api.llama.fi,daily protocol TVL history
2026-06-03,secured-finance,usdfc-collateral-tvl-floor,usdfc_tvl_usd,363617.0,>=,100000,pass,backfill:api.llama.fi,daily protocol TVL history
2026-06-04,secured-finance,usdfc-collateral-tvl-floor,usdfc_tvl_usd,392348.0,>=,100000,pass,backfill:api.llama.fi,daily protocol TVL history
2026-06-05,secured-finance,usdfc-collateral-tvl-floor,usdfc_tvl_usd,359367.0,>=,100000,pass,backfill:api.llama.fi,daily protocol TVL history
2026-06-06,secured-finance,usdfc-collateral-tvl-floor,usdfc_tvl_usd,304458.0,>=,100000,pass,backfill:api.llama.fi,daily protocol TVL history
2026-06-07,secured-finance,usdfc-collateral-tvl-floor,usdfc_tvl_usd,297652.0,>=,100000,pass,backfill:api.llama.fi,daily protocol TVL history
2026-06-08,secured-finance,usdfc-collateral-tvl-floor,usdfc_tvl_usd,308674.0,>=,100000,pass,backfill:api.llama.fi,daily protocol TVL history
2026-06-09,secured-finance,usdfc-collateral-tvl-floor,usdfc_tvl_usd,303482.0,>=,100000,pass,backfill:api.llama.fi,daily protocol TVL history
2026-06-10,secured-finance,usdfc-collateral-tvl-floor,usdfc_tvl_usd,304774.0,>=,100000,pass,backfill:api.llama.fi,daily protocol TVL history
2026-06-11,secured-finance,usdfc-collateral-tvl-floor,usdfc_tvl_usd,396280.0,>=,100000,pass,backfill:api.llama.fi,daily protocol TVL history
2026-06-12,secured-finance,usdfc-collateral-tvl-floor,usdfc_tvl_usd,405946.0,>=,100000,pass,backfill:api.llama.fi,daily protocol TVL history
2026-06-13,secured-finance,usdfc-collateral-tvl-floor,usdfc_tvl_usd,402406.0,>=,100000,pass,backfill:api.llama.fi,daily protocol TVL history
2026-06-14,secured-finance,usdfc-collateral-tvl-floor,usdfc_tvl_usd,417302.0,>=,100000,pass,backfill:api.llama.fi,daily protocol TVL history
2026-06-15,secured-finance,usdfc-collateral-tvl-floor,usdfc_tvl_usd,423344.0,>=,100000,pass,backfill:api.llama.fi,daily protocol TVL history
2026-06-16,secured-finance,usdfc-collateral-tvl-floor,usdfc_tvl_usd,425287.0,>=,100000,pass,backfill:api.llama.fi,daily protocol TVL history
2026-06-17,secured-finance,usdfc-collateral-tvl-floor,usdfc_tvl_usd,432264.0,>=,100000,pass,backfill:api.llama.fi,daily protocol TVL history
2026-06-18,secured-finance,usdfc-collateral-tvl-floor,usdfc_tvl_usd,428746.0,>=,100000,pass,backfill:api.llama.fi,daily protocol TVL history
2026-06-19,secured-finance,usdfc-collateral-tvl-floor,usdfc_tvl_usd,427948.0,>=,100000,pass,backfill:api.llama.fi,daily protocol TVL history
2026-06-20,secured-finance,usdfc-collateral-tvl-floor,usdfc_tvl_usd,425421.0,>=,100000,pass,backfill:api.llama.fi,daily protocol TVL history
2026-06-21,secured-finance,usdfc-collateral-tvl-floor,usdfc_tvl_usd,420702.0,>=,100000,pass,backfill:api.llama.fi,daily protocol TVL history
2026-06-22,secured-finance,usdfc-collateral-tvl-floor,usdfc_tvl_usd,421948.0,>=,100000,pass,backfill:api.llama.fi,daily protocol TVL history
2026-06-23,secured-finance,usdfc-collateral-tvl-floor,usdfc_tvl_usd,421738.0,>=,100000,pass,backfill:api.llama.fi,daily protocol TVL history
2026-06-24,secured-finance,usdfc-collateral-tvl-floor,usdfc_tvl_usd,421309.0,>=,100000,pass,backfill:api.llama.fi,daily protocol TVL history
2026-06-25,secured-finance,usdfc-collateral-tvl-floor,usdfc_tvl_usd,397837.0,>=,100000,pass,backfill:api.llama.fi,daily protocol TVL history
2026-06-26,secured-finance,usdfc-collateral-tvl-floor,usdfc_tvl_usd,390719.0,>=,100000,pass,backfill:api.llama.fi,daily protocol TVL history
2026-06-27,secured-finance,usdfc-collateral-tvl-floor,usdfc_tvl_usd,389131.0,>=,100000,pass,backfill:api.llama.fi,daily protocol TVL history
2026-06-28,secured-finance,usdfc-collateral-tvl-floor,usdfc_tvl_usd,385469.0,>=,100000,pass,backfill:api.llama.fi,daily protocol TVL history
2026-06-29,secured-finance,usdfc-collateral-tvl-floor,usdfc_tvl_usd,374663.0,>=,100000,pass,backfill:api.llama.fi,daily protocol TVL history
2026-06-30,secured-finance,usdfc-collateral-tvl-floor,usdfc_tvl_usd,379317.0,>=,100000,pass,backfill:api.llama.fi,daily protocol TVL history
2026-07-01,secured-finance,usdfc-collateral-tvl-floor,usdfc_tvl_usd,368473.0,>=,100000,pass,backfill:api.llama.fi,daily protocol TVL history
2026-07-02,secured-finance,usdfc-collateral-tvl-floor,usdfc_tvl_usd,379699.0,>=,100000,pass,backfill:api.llama.fi,daily protocol TVL history
2026-07-03,secured-finance,usdfc-collateral-tvl-floor,usdfc_tvl_usd,397946.0,>=,100000,pass,backfill:api.llama.fi,daily protocol TVL history
2026-07-04,secured-finance,usdfc-collateral-tvl-floor,usdfc_tvl_usd,415748.0,>=,100000,pass,backfill:api.llama.fi,daily protocol TVL history
2026-07-05,secured-finance,usdfc-collateral-tvl-floor,usdfc_tvl_usd,409365.0,>=,100000,pass,backfill:api.llama.fi,daily protocol TVL history
2026-07-06,secured-finance,usdfc-collateral-tvl-floor,usdfc_tvl_usd,412737.0,>=,100000,pass,backfill:api.llama.fi,daily protocol TVL history
2026-07-07,secured-finance,usdfc-collateral-tvl-floor,usdfc_tvl_usd,410316.0,>=,100000,pass,backfill:api.llama.fi,daily protocol TVL history
2026-07-08,secured-finance,usdfc-collateral-tvl-floor,usdfc_tvl_usd,401819.0,>=,100000,pass,backfill:api.llama.fi,daily protocol TVL history
2026-07-09,secured-finance,usdfc-collateral-tvl-floor,usdfc_tvl_usd,394517.0,>=,100000,pass,backfill:api.llama.fi,daily protocol TVL history
2026-07-10,secured-finance,usdfc-collateral-tvl-floor,usdfc_tvl_usd,401219.0,>=,100000,pass,backfill:api.llama.fi,daily protocol TVL history
2026-07-11,secured-finance,usdfc-collateral-tvl-floor,usdfc_tvl_usd,406609.0,>=,100000,pass,backfill:api.llama.fi,daily protocol TVL history
2026-07-12,secured-finance,usdfc-collateral-tvl-floor,usdfc_tvl_usd,396861.0,>=,100000,pass,backfill:api.llama.fi,daily protocol TVL history
2026-07-13,secured-finance,usdfc-collateral-tvl-floor,usdfc_tvl_usd,397263.0,>=,100000,pass,backfill:api.llama.fi,daily protocol TVL history
2026-07-14,secured-finance,usdfc-collateral-tvl-floor,usdfc_tvl_usd,384515.0,>=,100000,pass,backfill:api.llama.fi,daily protocol TVL history
2026-07-15,secured-finance,usdfc-collateral-tvl-floor,usdfc_tvl_usd,403179.0,>=,100000,pass,backfill:api.llama.fi,daily protocol TVL history
2026-07-15,secured-finance,usdfc-collateral-tvl-floor,usdfc_tvl_usd,404857.0,>=,100000.0,pass,live-review,scheduled review reading
2026-07-16,secured-finance,usdfc-collateral-tvl-floor,usdfc_tvl_usd,406255.0,>=,100000,pass,backfill:api.llama.fi,daily protocol TVL history
2026-07-17,secured-finance,usdfc-collateral-tvl-floor,usdfc_tvl_usd,395260.0,>=,100000,pass,backfill:api.llama.fi,daily protocol TVL history
2026-07-18,secured-finance,usdfc-collateral-tvl-floor,usdfc_tvl_usd,402329.0,>=,100000,pass,backfill:api.llama.fi,daily protocol TVL history
2026-07-19,secured-finance,usdfc-collateral-tvl-floor,usdfc_tvl_usd,394050.0,>=,100000,pass,backfill:api.llama.fi,daily protocol TVL history
2026-07-20,secured-finance,usdfc-collateral-tvl-floor,usdfc_tvl_usd,379971.0,>=,100000,pass,backfill:api.llama.fi,daily protocol TVL history
2026-07-15,secured-finance,usdfc-peg-stability,usdfc_peg_deviation,0.013057,<=,0.02,pass,live-review,scheduled review reading
2025-07-15,venus,damocles-maintenance,damocles_days_since_last_commit,97.530487,<=,120,pass,backfill:api.github.com,weekly sample from ipfs-force-community/damocles commits history
2025-07-20,venus,damocles-maintenance,damocles_days_since_last_commit,102.48593,<=,120,pass,backfill:api.github.com,weekly sample from ipfs-force-community/damocles commits history
2025-07-22,venus,damocles-maintenance,damocles_days_since_last_commit,104.530487,<=,120,pass,backfill:api.github.com,weekly sample from ipfs-force-community/damocles commits history
2025-07-27,venus,damocles-maintenance,damocles_days_since_last_commit,109.48593,<=,120,pass,backfill:api.github.com,weekly sample from ipfs-force-community/damocles commits history
2025-07-29,venus,damocles-maintenance,damocles_days_since_last_commit,111.530487,<=,120,pass,backfill:api.github.com,weekly sample from ipfs-force-community/damocles commits history
2025-08-03,venus,damocles-maintenance,damocles_days_since_last_commit,116.48593,<=,120,pass,backfill:api.github.com,weekly sample from ipfs-force-community/damocles commits history
2025-08-05,venus,damocles-maintenance,damocles_days_since_last_commit,118.530487,<=,120,pass,backfill:api.github.com,weekly sample from ipfs-force-community/damocles commits history
2025-08-10,venus,damocles-maintenance,damocles_days_since_last_commit,123.48593,<=,120,fail,backfill:api.github.com,weekly sample from ipfs-force-community/damocles commits history
2025-08-12,venus,damocles-maintenance,damocles_days_since_last_commit,125.530487,<=,120,fail,backfill:api.github.com,weekly sample from ipfs-force-community/damocles commits history
2025-08-17,venus,damocles-maintenance,damocles_days_since_last_commit,130.48593,<=,120,fail,backfill:api.github.com,weekly sample from ipfs-force-community/damocles commits history
2025-08-19,venus,damocles-maintenance,damocles_days_since_last_commit,132.530487,<=,120,fail,backfill:api.github.com,weekly sample from ipfs-force-community/damocles commits history
2025-08-24,venus,damocles-maintenance,damocles_days_since_last_commit,137.48593,<=,120,fail,backfill:api.github.com,weekly sample from ipfs-force-community/damocles commits history
2025-08-26,venus,damocles-maintenance,damocles_days_since_last_commit,139.530487,<=,120,fail,backfill:api.github.com,weekly sample from ipfs-force-community/damocles commits history
2025-08-31,venus,damocles-maintenance,damocles_days_since_last_commit,144.48593,<=,120,fail,backfill:api.github.com,weekly sample from ipfs-force-community/damocles commits history
2025-09-02,venus,damocles-maintenance,damocles_days_since_last_commit,146.530487,<=,120,fail,backfill:api.github.com,weekly sample from ipfs-force-community/damocles commits history
2025-09-07,venus,damocles-maintenance,damocles_days_since_last_commit,151.48593,<=,120,fail,backfill:api.github.com,weekly sample from ipfs-force-community/damocles commits history
2025-09-09,venus,damocles-maintenance,damocles_days_since_last_commit,0.238114,<=,120,pass,backfill:api.github.com,weekly sample from ipfs-force-community/damocles commits history
2025-09-14,venus,damocles-maintenance,damocles_days_since_last_commit,5.193557,<=,120,pass,backfill:api.github.com,weekly sample from ipfs-force-community/damocles commits history
2025-09-16,venus,damocles-maintenance,damocles_days_since_last_commit,7.238114,<=,120,pass,backfill:api.github.com,weekly sample from ipfs-force-community/damocles commits history
2025-09-21,venus,damocles-maintenance,damocles_days_since_last_commit,3.269182,<=,120,pass,backfill:api.github.com,weekly sample from ipfs-force-community/damocles commits history
2025-09-23,venus,damocles-maintenance,damocles_days_since_last_commit,5.313739,<=,120,pass,backfill:api.github.com,weekly sample from ipfs-force-community/damocles commits history
2025-09-28,venus,damocles-maintenance,damocles_days_since_last_commit,2.151219,<=,120,pass,backfill:api.github.com,weekly sample from ipfs-force-community/damocles commits history
2025-09-30,venus,damocles-maintenance,damocles_days_since_last_commit,4.195776,<=,120,pass,backfill:api.github.com,weekly sample from ipfs-force-community/damocles commits history
2025-10-05,venus,damocles-maintenance,damocles_days_since_last_commit,9.151219,<=,120,pass,backfill:api.github.com,weekly sample from ipfs-force-community/damocles commits history
2025-10-07,venus,damocles-maintenance,damocles_days_since_last_commit,11.195776,<=,120,pass,backfill:api.github.com,weekly sample from ipfs-force-community/damocles commits history
2025-10-12,venus,damocles-maintenance,damocles_days_since_last_commit,16.151219,<=,120,pass,backfill:api.github.com,weekly sample from ipfs-force-community/damocles commits history
2025-10-14,venus,damocles-maintenance,damocles_days_since_last_commit,18.195776,<=,120,pass,backfill:api.github.com,weekly sample from ipfs-force-community/damocles commits history
2025-10-19,venus,damocles-maintenance,damocles_days_since_last_commit,23.151219,<=,120,pass,backfill:api.github.com,weekly sample from ipfs-force-community/damocles commits history
2025-10-21,venus,damocles-maintenance,damocles_days_since_last_commit,25.195776,<=,120,pass,backfill:api.github.com,weekly sample from ipfs-force-community/damocles commits history
2025-10-26,venus,damocles-maintenance,damocles_days_since_last_commit,30.151219,<=,120,pass,backfill:api.github.com,weekly sample from ipfs-force-community/damocles commits history
2025-10-28,venus,damocles-maintenance,damocles_days_since_last_commit,32.195776,<=,120,pass,backfill:api.github.com,weekly sample from ipfs-force-community/damocles commits history
2025-11-02,venus,damocles-maintenance,damocles_days_since_last_commit,37.151219,<=,120,pass,backfill:api.github.com,weekly sample from ipfs-force-community/damocles commits history
2025-11-04,venus,damocles-maintenance,damocles_days_since_last_commit,39.195776,<=,120,pass,backfill:api.github.com,weekly sample from ipfs-force-community/damocles commits history
2025-11-09,venus,damocles-maintenance,damocles_days_since_last_commit,44.151219,<=,120,pass,backfill:api.github.com,weekly sample from ipfs-force-community/damocles commits history
2025-11-11,venus,damocles-maintenance,damocles_days_since_last_commit,46.195776,<=,120,pass,backfill:api.github.com,weekly sample from ipfs-force-community/damocles commits history
2025-11-16,venus,damocles-maintenance,damocles_days_since_last_commit,51.151219,<=,120,pass,backfill:api.github.com,weekly sample from ipfs-force-community/damocles commits history
2025-11-18,venus,damocles-maintenance,damocles_days_since_last_commit,53.195776,<=,120,pass,backfill:api.github.com,weekly sample from ipfs-force-community/damocles commits history
2025-11-23,venus,damocles-maintenance,damocles_days_since_last_commit,58.151219,<=,120,pass,backfill:api.github.com,weekly sample from ipfs-force-community/damocles commits history
2025-11-25,venus,damocles-maintenance,damocles_days_since_last_commit,60.195776,<=,120,pass,backfill:api.github.com,weekly sample from ipfs-force-community/damocles commits history
2025-11-30,venus,damocles-maintenance,damocles_days_since_last_commit,65.151219,<=,120,pass,backfill:api.github.com,weekly sample from ipfs-force-community/damocles commits history
2025-12-02,venus,damocles-maintenance,damocles_days_since_last_commit,67.195776,<=,120,pass,backfill:api.github.com,weekly sample from ipfs-force-community/damocles commits history
2025-12-07,venus,damocles-maintenance,damocles_days_since_last_commit,72.151219,<=,120,pass,backfill:api.github.com,weekly sample from ipfs-force-community/damocles commits history
2025-12-09,venus,damocles-maintenance,damocles_days_since_last_commit,74.195776,<=,120,pass,backfill:api.github.com,weekly sample from ipfs-force-community/damocles commits history
2025-12-14,venus,damocles-maintenance,damocles_days_since_last_commit,79.151219,<=,120,pass,backfill:api.github.com,weekly sample from ipfs-force-community/damocles commits history
2025-12-16,venus,damocles-maintenance,damocles_days_since_last_commit,81.195776,<=,120,pass,backfill:api.github.com,weekly sample from ipfs-force-community/damocles commits history
2025-12-21,venus,damocles-maintenance,damocles_days_since_last_commit,86.151219,<=,120,pass,backfill:api.github.com,weekly sample from ipfs-force-community/damocles commits history
2025-12-23,venus,damocles-maintenance,damocles_days_since_last_commit,88.195776,<=,120,pass,backfill:api.github.com,weekly sample from ipfs-force-community/damocles commits history
2025-12-28,venus,damocles-maintenance,damocles_days_since_last_commit,93.151219,<=,120,pass,backfill:api.github.com,weekly sample from ipfs-force-community/damocles commits history
2025-12-30,venus,damocles-maintenance,damocles_days_since_last_commit,95.195776,<=,120,pass,backfill:api.github.com,weekly sample from ipfs-force-community/damocles commits history
2026-01-04,venus,damocles-maintenance,damocles_days_since_last_commit,100.151219,<=,120,pass,backfill:api.github.com,weekly sample from ipfs-force-community/damocles commits history
2026-01-06,venus,damocles-maintenance,damocles_days_since_last_commit,102.195776,<=,120,pass,backfill:api.github.com,weekly sample from ipfs-force-community/damocles commits history
2026-01-11,venus,damocles-maintenance,damocles_days_since_last_commit,107.151219,<=,120,pass,backfill:api.github.com,weekly sample from ipfs-force-community/damocles commits history
2026-01-13,venus,damocles-maintenance,damocles_days_since_last_commit,109.195776,<=,120,pass,backfill:api.github.com,weekly sample from ipfs-force-community/damocles commits history
2026-01-18,venus,damocles-maintenance,damocles_days_since_last_commit,114.151219,<=,120,pass,backfill:api.github.com,weekly sample from ipfs-force-community/damocles commits history
2026-01-20,venus,damocles-maintenance,damocles_days_since_last_commit,116.195776,<=,120,pass,backfill:api.github.com,weekly sample from ipfs-force-community/damocles commits history
2026-01-25,venus,damocles-maintenance,damocles_days_since_last_commit,121.151219,<=,120,fail,backfill:api.github.com,weekly sample from ipfs-force-community/damocles commits history
2026-01-27,venus,damocles-maintenance,damocles_days_since_last_commit,123.195776,<=,120,fail,backfill:api.github.com,weekly sample from ipfs-force-community/damocles commits history
2026-02-01,venus,damocles-maintenance,damocles_days_since_last_commit,128.151219,<=,120,fail,backfill:api.github.com,weekly sample from ipfs-force-community/damocles commits history
2026-02-03,venus,damocles-maintenance,damocles_days_since_last_commit,130.195776,<=,120,fail,backfill:api.github.com,weekly sample from ipfs-force-community/damocles commits history
2026-02-08,venus,damocles-maintenance,damocles_days_since_last_commit,135.151219,<=,120,fail,backfill:api.github.com,weekly sample from ipfs-force-community/damocles commits history
2026-02-10,venus,damocles-maintenance,damocles_days_since_last_commit,137.195776,<=,120,fail,backfill:api.github.com,weekly sample from ipfs-force-community/damocles commits history
2026-02-15,venus,damocles-maintenance,damocles_days_since_last_commit,142.151219,<=,120,fail,backfill:api.github.com,weekly sample from ipfs-force-community/damocles commits history
2026-02-17,venus,damocles-maintenance,damocles_days_since_last_commit,144.195776,<=,120,fail,backfill:api.github.com,weekly sample from ipfs-force-community/damocles commits history
2026-02-22,venus,damocles-maintenance,damocles_days_since_last_commit,149.151219,<=,120,fail,backfill:api.github.com,weekly sample from ipfs-force-community/damocles commits history
2026-02-24,venus,damocles-maintenance,damocles_days_since_last_commit,151.195776,<=,120,fail,backfill:api.github.com,weekly sample from ipfs-force-community/damocles commits history
2026-03-01,venus,damocles-maintenance,damocles_days_since_last_commit,156.151219,<=,120,fail,backfill:api.github.com,weekly sample from ipfs-force-community/damocles commits history
2026-03-03,venus,damocles-maintenance,damocles_days_since_last_commit,158.195776,<=,120,fail,backfill:api.github.com,weekly sample from ipfs-force-community/damocles commits history
2026-03-08,venus,damocles-maintenance,damocles_days_since_last_commit,163.151219,<=,120,fail,backfill:api.github.com,weekly sample from ipfs-force-community/damocles commits history
2026-03-10,venus,damocles-maintenance,damocles_days_since_last_commit,165.195776,<=,120,fail,backfill:api.github.com,weekly sample from ipfs-force-community/damocles commits history
2026-03-15,venus,damocles-maintenance,damocles_days_since_last_commit,170.151219,<=,120,fail,backfill:api.github.com,weekly sample from ipfs-force-community/damocles commits history
2026-03-17,venus,damocles-maintenance,damocles_days_since_last_commit,172.195776,<=,120,fail,backfill:api.github.com,weekly sample from ipfs-force-community/damocles commits history
2026-03-22,venus,damocles-maintenance,damocles_days_since_last_commit,177.151219,<=,120,fail,backfill:api.github.com,weekly sample from ipfs-force-community/damocles commits history
2026-03-24,venus,damocles-maintenance,damocles_days_since_last_commit,179.195776,<=,120,fail,backfill:api.github.com,weekly sample from ipfs-force-community/damocles commits history
2026-03-29,venus,damocles-maintenance,damocles_days_since_last_commit,184.151219,<=,120,fail,backfill:api.github.com,weekly sample from ipfs-force-community/damocles commits history
2026-03-31,venus,damocles-maintenance,damocles_days_since_last_commit,186.195776,<=,120,fail,backfill:api.github.com,weekly sample from ipfs-force-community/damocles commits history
2026-04-05,venus,damocles-maintenance,damocles_days_since_last_commit,191.151219,<=,120,fail,backfill:api.github.com,weekly sample from ipfs-force-community/damocles commits history
2026-04-07,venus,damocles-maintenance,damocles_days_since_last_commit,193.195776,<=,120,fail,backfill:api.github.com,weekly sample from ipfs-force-community/damocles commits history
2026-04-12,venus,damocles-maintenance,damocles_days_since_last_commit,198.151219,<=,120,fail,backfill:api.github.com,weekly sample from ipfs-force-community/damocles commits history
2026-04-14,venus,damocles-maintenance,damocles_days_since_last_commit,200.195776,<=,120,fail,backfill:api.github.com,weekly sample from ipfs-force-community/damocles commits history
2026-04-19,venus,damocles-maintenance,damocles_days_since_last_commit,205.151219,<=,120,fail,backfill:api.github.com,weekly sample from ipfs-force-community/damocles commits history
2026-04-21,venus,damocles-maintenance,damocles_days_since_last_commit,207.195776,<=,120,fail,backfill:api.github.com,weekly sample from ipfs-force-community/damocles commits history
2026-04-26,venus,damocles-maintenance,damocles_days_since_last_commit,212.151219,<=,120,fail,backfill:api.github.com,weekly sample from ipfs-force-community/damocles commits history
2026-04-28,venus,damocles-maintenance,damocles_days_since_last_commit,214.195776,<=,120,fail,backfill:api.github.com,weekly sample from ipfs-force-community/damocles commits history
2026-05-03,venus,damocles-maintenance,damocles_days_since_last_commit,219.151219,<=,120,fail,backfill:api.github.com,weekly sample from ipfs-force-community/damocles commits history
2026-05-05,venus,damocles-maintenance,damocles_days_since_last_commit,0.043936,<=,120,pass,backfill:api.github.com,weekly sample from ipfs-force-community/damocles commits history
2026-05-10,venus,damocles-maintenance,damocles_days_since_last_commit,3.266184,<=,120,pass,backfill:api.github.com,weekly sample from ipfs-force-community/damocles commits history
2026-05-12,venus,damocles-maintenance,damocles_days_since_last_commit,5.310742,<=,120,pass,backfill:api.github.com,weekly sample from ipfs-force-community/damocles commits history
2026-05-17,venus,damocles-maintenance,damocles_days_since_last_commit,10.266184,<=,120,pass,backfill:api.github.com,weekly sample from ipfs-force-community/damocles commits history
2026-05-19,venus,damocles-maintenance,damocles_days_since_last_commit,0.399133,<=,120,pass,backfill:api.github.com,weekly sample from ipfs-force-community/damocles commits history
2026-05-24,venus,damocles-maintenance,damocles_days_since_last_commit,5.354576,<=,120,pass,backfill:api.github.com,weekly sample from ipfs-force-community/damocles commits history
2026-05-26,venus,damocles-maintenance,damocles_days_since_last_commit,7.399133,<=,120,pass,backfill:api.github.com,weekly sample from ipfs-force-community/damocles commits history
2026-05-31,venus,damocles-maintenance,damocles_days_since_last_commit,12.354576,<=,120,pass,backfill:api.github.com,weekly sample from ipfs-force-community/damocles commits history
2026-06-02,venus,damocles-maintenance,damocles_days_since_last_commit,14.399133,<=,120,pass,backfill:api.github.com,weekly sample from ipfs-force-community/damocles commits history
2026-06-07,venus,damocles-maintenance,damocles_days_since_last_commit,19.354576,<=,120,pass,backfill:api.github.com,weekly sample from ipfs-force-community/damocles commits history
2026-06-09,venus,damocles-maintenance,damocles_days_since_last_commit,21.399133,<=,120,pass,backfill:api.github.com,weekly sample from ipfs-force-community/damocles commits history
2026-06-14,venus,damocles-maintenance,damocles_days_since_last_commit,26.354576,<=,120,pass,backfill:api.github.com,weekly sample from ipfs-force-community/damocles commits history
2026-06-16,venus,damocles-maintenance,damocles_days_since_last_commit,28.399133,<=,120,pass,backfill:api.github.com,weekly sample from ipfs-force-community/damocles commits history
2026-06-21,venus,damocles-maintenance,damocles_days_since_last_commit,33.354576,<=,120,pass,backfill:api.github.com,weekly sample from ipfs-force-community/damocles commits history
2026-06-23,venus,damocles-maintenance,damocles_days_since_last_commit,35.399133,<=,120,pass,backfill:api.github.com,weekly sample from ipfs-force-community/damocles commits history
2026-06-28,venus,damocles-maintenance,damocles_days_since_last_commit,40.354576,<=,120,pass,backfill:api.github.com,weekly sample from ipfs-force-community/damocles commits history
2026-06-30,venus,damocles-maintenance,damocles_days_since_last_commit,42.399133,<=,120,pass,backfill:api.github.com,weekly sample from ipfs-force-community/damocles commits history
2026-07-05,venus,damocles-maintenance,damocles_days_since_last_commit,47.354576,<=,120,pass,backfill:api.github.com,weekly sample from ipfs-force-community/damocles commits history
2026-07-07,venus,damocles-maintenance,damocles_days_since_last_commit,49.399133,<=,120,pass,backfill:api.github.com,weekly sample from ipfs-force-community/damocles commits history
2026-07-12,venus,damocles-maintenance,damocles_days_since_last_commit,54.354576,<=,120,pass,backfill:api.github.com,weekly sample from ipfs-force-community/damocles commits history
2026-07-14,venus,damocles-maintenance,damocles_days_since_last_commit,56.399133,<=,120,pass,backfill:api.github.com,weekly sample from ipfs-force-community/damocles commits history
2026-07-15,venus,damocles-maintenance,damocles_days_since_last_commit,,<=,120.0,indeterminate,live-review,scheduled review reading
2026-07-19,venus,damocles-maintenance,damocles_days_since_last_commit,61.354576,<=,120,pass,backfill:api.github.com,weekly sample from ipfs-force-community/damocles commits history
2026-08-14,venus,damocles-maintenance,damocles_days_since_last_commit,87.04750925741814,<=,120.0,pass,nightly,
2025-07-15,venus,sophon-miner-maintenance,sophon_miner_days_since_last_commit,97.371853,<=,120,pass,backfill:api.github.com,weekly sample from ipfs-force-community/sophon-miner commits history
2025-07-20,venus,sophon-miner-maintenance,sophon_miner_days_since_last_commit,102.327295,<=,120,pass,backfill:api.github.com,weekly sample from ipfs-force-community/sophon-miner commits history
2025-07-22,venus,sophon-miner-maintenance,sophon_miner_days_since_last_commit,104.371853,<=,120,pass,backfill:api.github.com,weekly sample from ipfs-force-community/sophon-miner commits history
2025-07-27,venus,sophon-miner-maintenance,sophon_miner_days_since_last_commit,109.327295,<=,120,pass,backfill:api.github.com,weekly sample from ipfs-force-community/sophon-miner commits history
2025-07-29,venus,sophon-miner-maintenance,sophon_miner_days_since_last_commit,111.371853,<=,120,pass,backfill:api.github.com,weekly sample from ipfs-force-community/sophon-miner commits history
2025-08-03,venus,sophon-miner-maintenance,sophon_miner_days_since_last_commit,4.429645,<=,120,pass,backfill:api.github.com,weekly sample from ipfs-force-community/sophon-miner commits history
2025-08-05,venus,sophon-miner-maintenance,sophon_miner_days_since_last_commit,6.474202,<=,120,pass,backfill:api.github.com,weekly sample from ipfs-force-community/sophon-miner commits history
2025-08-10,venus,sophon-miner-maintenance,sophon_miner_days_since_last_commit,11.429645,<=,120,pass,backfill:api.github.com,weekly sample from ipfs-force-community/sophon-miner commits history
2025-08-12,venus,sophon-miner-maintenance,sophon_miner_days_since_last_commit,13.474202,<=,120,pass,backfill:api.github.com,weekly sample from ipfs-force-community/sophon-miner commits history
2025-08-17,venus,sophon-miner-maintenance,sophon_miner_days_since_last_commit,18.429645,<=,120,pass,backfill:api.github.com,weekly sample from ipfs-force-community/sophon-miner commits history
2025-08-19,venus,sophon-miner-maintenance,sophon_miner_days_since_last_commit,20.474202,<=,120,pass,backfill:api.github.com,weekly sample from ipfs-force-community/sophon-miner commits history
2025-08-24,venus,sophon-miner-maintenance,sophon_miner_days_since_last_commit,25.429645,<=,120,pass,backfill:api.github.com,weekly sample from ipfs-force-community/sophon-miner commits history
2025-08-26,venus,sophon-miner-maintenance,sophon_miner_days_since_last_commit,27.474202,<=,120,pass,backfill:api.github.com,weekly sample from ipfs-force-community/sophon-miner commits history
2025-08-31,venus,sophon-miner-maintenance,sophon_miner_days_since_last_commit,32.429645,<=,120,pass,backfill:api.github.com,weekly sample from ipfs-force-community/sophon-miner commits history
2025-09-02,venus,sophon-miner-maintenance,sophon_miner_days_since_last_commit,0.467675,<=,120,pass,backfill:api.github.com,weekly sample from ipfs-force-community/sophon-miner commits history
2025-09-07,venus,sophon-miner-maintenance,sophon_miner_days_since_last_commit,5.423117,<=,120,pass,backfill:api.github.com,weekly sample from ipfs-force-community/sophon-miner commits history
2025-09-09,venus,sophon-miner-maintenance,sophon_miner_days_since_last_commit,0.263763,<=,120,pass,backfill:api.github.com,weekly sample from ipfs-force-community/sophon-miner commits history
2025-09-14,venus,sophon-miner-maintenance,sophon_miner_days_since_last_commit,5.219205,<=,120,pass,backfill:api.github.com,weekly sample from ipfs-force-community/sophon-miner commits history
2025-09-16,venus,sophon-miner-maintenance,sophon_miner_days_since_last_commit,7.263763,<=,120,pass,backfill:api.github.com,weekly sample from ipfs-force-community/sophon-miner commits history
2025-09-21,venus,sophon-miner-maintenance,sophon_miner_days_since_last_commit,4.148001,<=,120,pass,backfill:api.github.com,weekly sample from ipfs-force-community/sophon-miner commits history
2025-09-23,venus,sophon-miner-maintenance,sophon_miner_days_since_last_commit,6.192559,<=,120,pass,backfill:api.github.com,weekly sample from ipfs-force-community/sophon-miner commits history
2025-09-28,venus,sophon-miner-maintenance,sophon_miner_days_since_last_commit,11.148001,<=,120,pass,backfill:api.github.com,weekly sample from ipfs-force-community/sophon-miner commits history
2025-09-30,venus,sophon-miner-maintenance,sophon_miner_days_since_last_commit,13.192559,<=,120,pass,backfill:api.github.com,weekly sample from ipfs-force-community/sophon-miner commits history
2025-10-05,venus,sophon-miner-maintenance,sophon_miner_days_since_last_commit,18.148001,<=,120,pass,backfill:api.github.com,weekly sample from ipfs-force-community/sophon-miner commits history
2025-10-07,venus,sophon-miner-maintenance,sophon_miner_days_since_last_commit,20.192559,<=,120,pass,backfill:api.github.com,weekly sample from ipfs-force-community/sophon-miner commits history
2025-10-12,venus,sophon-miner-maintenance,sophon_miner_days_since_last_commit,25.148001,<=,120,pass,backfill:api.github.com,weekly sample from ipfs-force-community/sophon-miner commits history
2025-10-14,venus,sophon-miner-maintenance,sophon_miner_days_since_last_commit,27.192559,<=,120,pass,backfill:api.github.com,weekly sample from ipfs-force-community/sophon-miner commits history
2025-10-19,venus,sophon-miner-maintenance,sophon_miner_days_since_last_commit,32.148001,<=,120,pass,backfill:api.github.com,weekly sample from ipfs-force-community/sophon-miner commits history
2025-10-21,venus,sophon-miner-maintenance,sophon_miner_days_since_last_commit,34.192559,<=,120,pass,backfill:api.github.com,weekly sample from ipfs-force-community/sophon-miner commits history
2025-10-26,venus,sophon-miner-maintenance,sophon_miner_days_since_last_commit,39.148001,<=,120,pass,backfill:api.github.com,weekly sample from ipfs-force-community/sophon-miner commits history
2025-10-28,venus,sophon-miner-maintenance,sophon_miner_days_since_last_commit,41.192559,<=,120,pass,backfill:api.github.com,weekly sample from ipfs-force-community/sophon-miner commits history
2025-11-02,venus,sophon-miner-maintenance,sophon_miner_days_since_last_commit,46.148001,<=,120,pass,backfill:api.github.com,weekly sample from ipfs-force-community/sophon-miner commits history
2025-11-04,venus,sophon-miner-maintenance,sophon_miner_days_since_last_commit,48.192559,<=,120,pass,backfill:api.github.com,weekly sample from ipfs-force-community/sophon-miner commits history
2025-11-09,venus,sophon-miner-maintenance,sophon_miner_days_since_last_commit,53.148001,<=,120,pass,backfill:api.github.com,weekly sample from ipfs-force-community/sophon-miner commits history
2025-11-11,venus,sophon-miner-maintenance,sophon_miner_days_since_last_commit,55.192559,<=,120,pass,backfill:api.github.com,weekly sample from ipfs-force-community/sophon-miner commits history
2025-11-16,venus,sophon-miner-maintenance,sophon_miner_days_since_last_commit,60.148001,<=,120,pass,backfill:api.github.com,weekly sample from ipfs-force-community/sophon-miner commits history
2025-11-18,venus,sophon-miner-maintenance,sophon_miner_days_since_last_commit,62.192559,<=,120,pass,backfill:api.github.com,weekly sample from ipfs-force-community/sophon-miner commits history
2025-11-23,venus,sophon-miner-maintenance,sophon_miner_days_since_last_commit,67.148001,<=,120,pass,backfill:api.github.com,weekly sample from ipfs-force-community/sophon-miner commits history
2025-11-25,venus,sophon-miner-maintenance,sophon_miner_days_since_last_commit,69.192559,<=,120,pass,backfill:api.github.com,weekly sample from ipfs-force-community/sophon-miner commits history
2025-11-30,venus,sophon-miner-maintenance,sophon_miner_days_since_last_commit,74.148001,<=,120,pass,backfill:api.github.com,weekly sample from ipfs-force-community/sophon-miner commits history
2025-12-02,venus,sophon-miner-maintenance,sophon_miner_days_since_last_commit,76.192559,<=,120,pass,backfill:api.github.com,weekly sample from ipfs-force-community/sophon-miner commits history
2025-12-07,venus,sophon-miner-maintenance,sophon_miner_days_since_last_commit,81.148001,<=,120,pass,backfill:api.github.com,weekly sample from ipfs-force-community/sophon-miner commits history
2025-12-09,venus,sophon-miner-maintenance,sophon_miner_days_since_last_commit,83.192559,<=,120,pass,backfill:api.github.com,weekly sample from ipfs-force-community/sophon-miner commits history
2025-12-14,venus,sophon-miner-maintenance,sophon_miner_days_since_last_commit,88.148001,<=,120,pass,backfill:api.github.com,weekly sample from ipfs-force-community/sophon-miner commits history
2025-12-16,venus,sophon-miner-maintenance,sophon_miner_days_since_last_commit,90.192559,<=,120,pass,backfill:api.github.com,weekly sample from ipfs-force-community/sophon-miner commits history
2025-12-21,venus,sophon-miner-maintenance,sophon_miner_days_since_last_commit,95.148001,<=,120,pass,backfill:api.github.com,weekly sample from ipfs-force-community/sophon-miner commits history
2025-12-23,venus,sophon-miner-maintenance,sophon_miner_days_since_last_commit,97.192559,<=,120,pass,backfill:api.github.com,weekly sample from ipfs-force-community/sophon-miner commits history
2025-12-28,venus,sophon-miner-maintenance,sophon_miner_days_since_last_commit,102.148001,<=,120,pass,backfill:api.github.com,weekly sample from ipfs-force-community/sophon-miner commits history
2025-12-30,venus,sophon-miner-maintenance,sophon_miner_days_since_last_commit,104.192559,<=,120,pass,backfill:api.github.com,weekly sample from ipfs-force-community/sophon-miner commits history
2026-01-04,venus,sophon-miner-maintenance,sophon_miner_days_since_last_commit,109.148001,<=,120,pass,backfill:api.github.com,weekly sample from ipfs-force-community/sophon-miner commits history
2026-01-06,venus,sophon-miner-maintenance,sophon_miner_days_since_last_commit,111.192559,<=,120,pass,backfill:api.github.com,weekly sample from ipfs-force-community/sophon-miner commits history
2026-01-11,venus,sophon-miner-maintenance,sophon_miner_days_since_last_commit,116.148001,<=,120,pass,backfill:api.github.com,weekly sample from ipfs-force-community/sophon-miner commits history
2026-01-13,venus,sophon-miner-maintenance,sophon_miner_days_since_last_commit,118.192559,<=,120,pass,backfill:api.github.com,weekly sample from ipfs-force-community/sophon-miner commits history
2026-01-18,venus,sophon-miner-maintenance,sophon_miner_days_since_last_commit,123.148001,<=,120,fail,backfill:api.github.com,weekly sample from ipfs-force-community/sophon-miner commits history
2026-01-20,venus,sophon-miner-maintenance,sophon_miner_days_since_last_commit,125.192559,<=,120,fail,backfill:api.github.com,weekly sample from ipfs-force-community/sophon-miner commits history
2026-01-25,venus,sophon-miner-maintenance,sophon_miner_days_since_last_commit,130.148001,<=,120,fail,backfill:api.github.com,weekly sample from ipfs-force-community/sophon-miner commits history
2026-01-27,venus,sophon-miner-maintenance,sophon_miner_days_since_last_commit,132.192559,<=,120,fail,backfill:api.github.com,weekly sample from ipfs-force-community/sophon-miner commits history
2026-02-01,venus,sophon-miner-maintenance,sophon_miner_days_since_last_commit,137.148001,<=,120,fail,backfill:api.github.com,weekly sample from ipfs-force-community/sophon-miner commits history
2026-02-03,venus,sophon-miner-maintenance,sophon_miner_days_since_last_commit,139.192559,<=,120,fail,backfill:api.github.com,weekly sample from ipfs-force-community/sophon-miner commits history
2026-02-08,venus,sophon-miner-maintenance,sophon_miner_days_since_last_commit,144.148001,<=,120,fail,backfill:api.github.com,weekly sample from ipfs-force-community/sophon-miner commits history
2026-02-10,venus,sophon-miner-maintenance,sophon_miner_days_since_last_commit,146.192559,<=,120,fail,backfill:api.github.com,weekly sample from ipfs-force-community/sophon-miner commits history
2026-02-15,venus,sophon-miner-maintenance,sophon_miner_days_since_last_commit,151.148001,<=,120,fail,backfill:api.github.com,weekly sample from ipfs-force-community/sophon-miner commits history
2026-02-17,venus,sophon-miner-maintenance,sophon_miner_days_since_last_commit,153.192559,<=,120,fail,backfill:api.github.com,weekly sample from ipfs-force-community/sophon-miner commits history
2026-02-22,venus,sophon-miner-maintenance,sophon_miner_days_since_last_commit,158.148001,<=,120,fail,backfill:api.github.com,weekly sample from ipfs-force-community/sophon-miner commits history
2026-02-24,venus,sophon-miner-maintenance,sophon_miner_days_since_last_commit,160.192559,<=,120,fail,backfill:api.github.com,weekly sample from ipfs-force-community/sophon-miner commits history
2026-03-01,venus,sophon-miner-maintenance,sophon_miner_days_since_last_commit,165.148001,<=,120,fail,backfill:api.github.com,weekly sample from ipfs-force-community/sophon-miner commits history
2026-03-03,venus,sophon-miner-maintenance,sophon_miner_days_since_last_commit,167.192559,<=,120,fail,backfill:api.github.com,weekly sample from ipfs-force-community/sophon-miner commits history
2026-03-08,venus,sophon-miner-maintenance,sophon_miner_days_since_last_commit,172.148001,<=,120,fail,backfill:api.github.com,weekly sample from ipfs-force-community/sophon-miner commits history
2026-03-10,venus,sophon-miner-maintenance,sophon_miner_days_since_last_commit,174.192559,<=,120,fail,backfill:api.github.com,weekly sample from ipfs-force-community/sophon-miner commits history
2026-03-15,venus,sophon-miner-maintenance,sophon_miner_days_since_last_commit,179.148001,<=,120,fail,backfill:api.github.com,weekly sample from ipfs-force-community/sophon-miner commits history
2026-03-17,venus,sophon-miner-maintenance,sophon_miner_days_since_last_commit,181.192559,<=,120,fail,backfill:api.github.com,weekly sample from ipfs-force-community/sophon-miner commits history
2026-03-22,venus,sophon-miner-maintenance,sophon_miner_days_since_last_commit,186.148001,<=,120,fail,backfill:api.github.com,weekly sample from ipfs-force-community/sophon-miner commits history
2026-03-24,venus,sophon-miner-maintenance,sophon_miner_days_since_last_commit,188.192559,<=,120,fail,backfill:api.github.com,weekly sample from ipfs-force-community/sophon-miner commits history
2026-03-29,venus,sophon-miner-maintenance,sophon_miner_days_since_last_commit,193.148001,<=,120,fail,backfill:api.github.com,weekly sample from ipfs-force-community/sophon-miner commits history
2026-03-31,venus,sophon-miner-maintenance,sophon_miner_days_since_last_commit,195.192559,<=,120,fail,backfill:api.github.com,weekly sample from ipfs-force-community/sophon-miner commits history
2026-04-05,venus,sophon-miner-maintenance,sophon_miner_days_since_last_commit,200.148001,<=,120,fail,backfill:api.github.com,weekly sample from ipfs-force-community/sophon-miner commits history
2026-04-07,venus,sophon-miner-maintenance,sophon_miner_days_since_last_commit,202.192559,<=,120,fail,backfill:api.github.com,weekly sample from ipfs-force-community/sophon-miner commits history
2026-04-12,venus,sophon-miner-maintenance,sophon_miner_days_since_last_commit,207.148001,<=,120,fail,backfill:api.github.com,weekly sample from ipfs-force-community/sophon-miner commits history
2026-04-14,venus,sophon-miner-maintenance,sophon_miner_days_since_last_commit,209.192559,<=,120,fail,backfill:api.github.com,weekly sample from ipfs-force-community/sophon-miner commits history
2026-04-19,venus,sophon-miner-maintenance,sophon_miner_days_since_last_commit,214.148001,<=,120,fail,backfill:api.github.com,weekly sample from ipfs-force-community/sophon-miner commits history
2026-04-21,venus,sophon-miner-maintenance,sophon_miner_days_since_last_commit,216.192559,<=,120,fail,backfill:api.github.com,weekly sample from ipfs-force-community/sophon-miner commits history
2026-04-26,venus,sophon-miner-maintenance,sophon_miner_days_since_last_commit,221.148001,<=,120,fail,backfill:api.github.com,weekly sample from ipfs-force-community/sophon-miner commits history
2026-04-28,venus,sophon-miner-maintenance,sophon_miner_days_since_last_commit,223.192559,<=,120,fail,backfill:api.github.com,weekly sample from ipfs-force-community/sophon-miner commits history
2026-05-03,venus,sophon-miner-maintenance,sophon_miner_days_since_last_commit,3.15505,<=,120,pass,backfill:api.github.com,weekly sample from ipfs-force-community/sophon-miner commits history
2026-05-05,venus,sophon-miner-maintenance,sophon_miner_days_since_last_commit,0.288439,<=,120,pass,backfill:api.github.com,weekly sample from ipfs-force-community/sophon-miner commits history
2026-05-10,venus,sophon-miner-maintenance,sophon_miner_days_since_last_commit,5.243881,<=,120,pass,backfill:api.github.com,weekly sample from ipfs-force-community/sophon-miner commits history
2026-05-12,venus,sophon-miner-maintenance,sophon_miner_days_since_last_commit,7.288439,<=,120,pass,backfill:api.github.com,weekly sample from ipfs-force-community/sophon-miner commits history
2026-05-17,venus,sophon-miner-maintenance,sophon_miner_days_since_last_commit,12.243881,<=,120,pass,backfill:api.github.com,weekly sample from ipfs-force-community/sophon-miner commits history
2026-05-19,venus,sophon-miner-maintenance,sophon_miner_days_since_last_commit,1.232524,<=,120,pass,backfill:api.github.com,weekly sample from ipfs-force-community/sophon-miner commits history
2026-05-24,venus,sophon-miner-maintenance,sophon_miner_days_since_last_commit,6.187967,<=,120,pass,backfill:api.github.com,weekly sample from ipfs-force-community/sophon-miner commits history
2026-05-26,venus,sophon-miner-maintenance,sophon_miner_days_since_last_commit,8.232524,<=,120,pass,backfill:api.github.com,weekly sample from ipfs-force-community/sophon-miner commits history
2026-05-31,venus,sophon-miner-maintenance,sophon_miner_days_since_last_commit,13.187967,<=,120,pass,backfill:api.github.com,weekly sample from ipfs-force-community/sophon-miner commits history
2026-06-02,venus,sophon-miner-maintenance,sophon_miner_days_since_last_commit,15.232524,<=,120,pass,backfill:api.github.com,weekly sample from ipfs-force-community/sophon-miner commits history
2026-06-07,venus,sophon-miner-maintenance,sophon_miner_days_since_last_commit,20.187967,<=,120,pass,backfill:api.github.com,weekly sample from ipfs-force-community/sophon-miner commits history
2026-06-09,venus,sophon-miner-maintenance,sophon_miner_days_since_last_commit,22.232524,<=,120,pass,backfill:api.github.com,weekly sample from ipfs-force-community/sophon-miner commits history
2026-06-14,venus,sophon-miner-maintenance,sophon_miner_days_since_last_commit,27.187967,<=,120,pass,backfill:api.github.com,weekly sample from ipfs-force-community/sophon-miner commits history
2026-06-16,venus,sophon-miner-maintenance,sophon_miner_days_since_last_commit,29.232524,<=,120,pass,backfill:api.github.com,weekly sample from ipfs-force-community/sophon-miner commits history
2026-06-21,venus,sophon-miner-maintenance,sophon_miner_days_since_last_commit,34.187967,<=,120,pass,backfill:api.github.com,weekly sample from ipfs-force-community/sophon-miner commits history
2026-06-23,venus,sophon-miner-maintenance,sophon_miner_days_since_last_commit,36.232524,<=,120,pass,backfill:api.github.com,weekly sample from ipfs-force-community/sophon-miner commits history
2026-06-28,venus,sophon-miner-maintenance,sophon_miner_days_since_last_commit,41.187967,<=,120,pass,backfill:api.github.com,weekly sample from ipfs-force-community/sophon-miner commits history
2026-06-30,venus,sophon-miner-maintenance,sophon_miner_days_since_last_commit,43.232524,<=,120,pass,backfill:api.github.com,weekly sample from ipfs-force-community/sophon-miner commits history
2026-07-05,venus,sophon-miner-maintenance,sophon_miner_days_since_last_commit,48.187967,<=,120,pass,backfill:api.github.com,weekly sample from ipfs-force-community/sophon-miner commits history
2026-07-07,venus,sophon-miner-maintenance,sophon_miner_days_since_last_commit,50.232524,<=,120,pass,backfill:api.github.com,weekly sample from ipfs-force-community/sophon-miner commits history
2026-07-12,venus,sophon-miner-maintenance,sophon_miner_days_since_last_commit,55.187967,<=,120,pass,backfill:api.github.com,weekly sample from ipfs-force-community/sophon-miner commits history
2026-07-14,venus,sophon-miner-maintenance,sophon_miner_days_since_last_commit,57.232524,<=,120,pass,backfill:api.github.com,weekly sample from ipfs-force-community/sophon-miner commits history
2026-07-15,venus,sophon-miner-maintenance,sophon_miner_days_since_last_commit,,<=,120.0,indeterminate,live-review,scheduled review reading
2026-07-19,venus,sophon-miner-maintenance,sophon_miner_days_since_last_commit,62.187967,<=,120,pass,backfill:api.github.com,weekly sample from ipfs-force-community/sophon-miner commits history
2026-08-14,venus,sophon-miner-maintenance,sophon_miner_days_since_last_commit,87.8806698084733,<=,120.0,pass,nightly,
2026-07-15,zondax,rosetta-release-currency,rosetta_release_age_days,7.960063,<=,60.0,pass,live-review,scheduled review reading
2026-08-14,zondax,rosetta-release-currency,rosetta_release_age_days,37.50691569014004,<=,60.0,pass,nightly,
2026-07-15,zondax,zondax-node-rpc-archival-depth,archival_tipset_height_served,100000.0,==,100000.0,pass,live-review,scheduled review reading
2026-08-14,zondax,zondax-node-rpc-archival-depth,archival_tipset_height_served,100000.0,==,100000.0,pass,nightly,
2026-07-15,zondax,zondax-node-rpc-mainnet-head-lag,rpc_head_lag_epochs,0.0,<=,5.0,pass,live-review,scheduled review reading
